tile_size_v,channel,tile_id,total_dependency_corr2,internal_dependency_corr2,share,share_percent
4,0,0,9.338029861450195,0.3947397470474243,0.04227227345108986,4.227227345108986
4,1,0,13.998346328735352,0.5148304104804993,0.03677794337272644,3.677794337272644
4,2,0,9.611316680908203,0.2794165015220642,0.029071616008877754,2.9071616008877754
4,3,0,16.038616180419922,0.1614367961883545,0.010065506212413311,1.006550621241331
4,4,1,6.960422992706299,0.012799122370779514,0.0018388426396995783,0.18388426396995783
4,5,1,11.137849807739258,0.011878875084221363,0.0010665322188287973,0.10665322188287973
4,6,1,4.598063945770264,0.023831423372030258,0.00518292561173439,0.518292561173439
4,7,1,12.331256866455078,0.02546634152531624,0.002065186155959964,0.20651861559599638
4,8,2,6.921293258666992,0.028411727398633957,0.004104973748326302,0.41049737483263016
4,9,2,5.318904399871826,0.036594606935977936,0.006880102213472128,0.6880102213472128
4,10,2,5.331353664398193,0.07548949867486954,0.01415953692048788,1.415953692048788
4,11,2,4.964375972747803,0.055801112204790115,0.011240307241678238,1.1240307241678238
4,12,3,5.837262153625488,0.011777331121265888,0.0020176121033728123,0.20176121033728123
4,13,3,4.8869194984436035,0.02188149094581604,0.004477563314139843,0.4477563314139843
4,14,3,2.226189374923706,0.025120964273810387,0.011284288950264454,1.1284288950264454
4,15,3,6.089439868927002,0.016571106389164925,0.0027212859131395817,0.27212859131395817
4,16,4,5.157301902770996,0.049182526767253876,0.009536484256386757,0.9536484256386757
4,17,4,8.527933120727539,0.00796077586710453,0.0009334941860288382,0.09334941860288382
4,18,4,5.382154941558838,0.027409469708800316,0.005092657171189785,0.5092657171189785
4,19,4,8.268102645874023,0.048348888754844666,0.005847640335559845,0.5847640335559845
4,20,5,6.1502509117126465,0.10045821219682693,0.01633400283753872,1.633400283753872
4,21,5,6.271258354187012,0.03120284155011177,0.004975531250238419,0.49755312502384186
4,22,5,7.604460716247559,0.15986159443855286,0.02102208137512207,2.102208137512207
4,23,5,8.594562530517578,0.09351187199354172,0.010880352929234505,1.0880352929234505
4,24,6,7.256658554077148,0.03945622593164444,0.0054372441954910755,0.5437244195491076
4,25,6,9.086653709411621,0.014923589304089546,0.0016423636116087437,0.16423636116087437
4,26,6,7.705672740936279,0.009505359455943108,0.0012335535138845444,0.12335535138845444
4,27,6,5.357860088348389,0.0354369692504406,0.0066140154376626015,0.6614015437662601
4,28,7,5.598142623901367,0.04633256793022156,0.008276417851448059,0.8276417851448059
4,29,7,5.978901386260986,0.035600531846284866,0.005954360123723745,0.5954360123723745
4,30,7,7.665682792663574,0.03582994267344475,0.00467407051473856,0.467407051473856
4,31,7,6.127286911010742,0.002772385021671653,0.0004524653486441821,0.04524653486441821
4,32,8,6.009580612182617,0.08201691508293152,0.013647693209350109,1.364769320935011
4,33,8,3.6250596046447754,0.047188468277454376,0.013017293997108936,1.3017293997108936
4,34,8,6.9828619956970215,0.021409887820482254,0.003066061995923519,0.3066061995923519
4,35,8,6.332250595092773,0.04730905219912529,0.007471127435564995,0.7471127435564995
4,36,9,5.609406471252441,0.025852438062429428,0.004608765244483948,0.4608765244483948
4,37,9,7.047003269195557,0.06269488483667374,0.00889667309820652,0.889667309820652
4,38,9,1.1993974447250366,0.001896064030006528,0.0015808471944183111,0.1580847194418311
4,39,9,5.32238245010376,0.07936856895685196,0.014912226237356663,1.4912226237356663
4,40,10,3.650266408920288,0.008794769644737244,0.0024093501269817352,0.24093501269817352
4,41,10,3.0808796882629395,0.015452400781214237,0.005015580914914608,0.5015580914914608
4,42,10,5.642531871795654,0.017959769815206528,0.003182927379384637,0.3182927379384637
4,43,10,4.737961292266846,0.024889733642339706,0.005253258161246777,0.5253258161246777
4,44,11,1.6822372674942017,0.0014446466229856014,0.0008587650954723358,0.08587650954723358
4,45,11,6.434284687042236,0.003174604382365942,0.0004933888558298349,0.049338885582983494
4,46,11,7.459833145141602,0.009711312130093575,0.0013018136378377676,0.13018136378377676
4,47,11,7.310298442840576,0.012385854497551918,0.0016943021910265088,0.16943021910265088
4,48,12,3.30549955368042,0.01152955461293459,0.0034879916347563267,0.34879916347563267
4,49,12,5.439220428466797,0.016038935631513596,0.002948756329715252,0.2948756329715252
4,50,12,4.1739702224731445,0.02374112606048584,0.005687900353223085,0.5687900353223085
4,51,12,5.385646820068359,0.005209626164287329,0.0009673167369328439,0.09673167369328439
4,52,13,7.933894157409668,0.026876159012317657,0.00338751170784235,0.338751170784235
4,53,13,5.595919609069824,0.005974122788757086,0.0010675855446606874,0.10675855446606874
4,54,13,6.16359806060791,0.03588028624653816,0.005821321625262499,0.5821321625262499
4,55,13,9.166342735290527,0.02911735139787197,0.0031765506137162447,0.31765506137162447
4,56,14,12.113619804382324,0.015466919168829918,0.0012768205488100648,0.12768205488100648
4,57,14,5.186613082885742,0.012420708313584328,0.002394762821495533,0.2394762821495533
4,58,14,4.918944358825684,0.0017490446334704757,0.0003555731673259288,0.03555731673259288
4,59,14,1.9519882202148438,0.0028617975767701864,0.0014660937013104558,0.14660937013104558
4,60,15,4.527887344360352,0.0021228836849331856,0.0004688464105129242,0.04688464105129242
4,61,15,3.8353748321533203,0.009956490248441696,0.0025959627237170935,0.25959627237170935
4,62,15,4.221983909606934,0.010257132351398468,0.0024294578470289707,0.24294578470289707
4,63,15,6.075291156768799,0.014853522181510925,0.0024449070915579796,0.24449070915579796
4,64,16,4.1779279708862305,0.017847055569291115,0.004271748010069132,0.4271748010069132
4,65,16,3.526822090148926,0.006589766126126051,0.0018684713868424296,0.18684713868424296
4,66,16,9.357808113098145,0.014807600528001785,0.0015823791036382318,0.15823791036382318
4,67,16,1.8131283521652222,0.019200947135686874,0.010589954443275928,1.0589954443275928
4,68,17,5.394227504730225,0.006441195495426655,0.0011940904660150409,0.11940904660150409
4,69,17,2.2619545459747314,0.003035464324057102,0.0013419651659205556,0.13419651659205556
4,70,17,3.7589447498321533,0.005476362071931362,0.001456888159736991,0.1456888159736991
4,71,17,3.3612570762634277,0.009965592995285988,0.002964840969070792,0.2964840969070792
4,72,18,2.1878082752227783,0.010327987372875214,0.004720700439065695,0.4720700439065695
4,73,18,1.7738772630691528,0.006676686927676201,0.0037638945505023003,0.37638945505023
4,74,18,6.348365783691406,0.02244151383638382,0.0035350064281374216,0.35350064281374216
4,75,18,3.8997578620910645,0.023667870089411736,0.0060690613463521,0.60690613463521
4,76,19,4.5098395347595215,0.014163239859044552,0.003140519605949521,0.3140519605949521
4,77,19,3.2069897651672363,0.006787693127989769,0.0021165309008210897,0.21165309008210897
4,78,19,6.081233978271484,0.01192984264343977,0.0019617469515651464,0.19617469515651464
4,79,19,2.6767187118530273,0.004110196605324745,0.0015355355571955442,0.15355355571955442
4,80,20,2.9458048343658447,0.005152994766831398,0.0017492654733359814,0.17492654733359814
4,81,20,2.2366929054260254,0.0033395164646208286,0.0014930599136278033,0.14930599136278033
4,82,20,3.3982903957366943,0.022920578718185425,0.006744738202542067,0.6744738202542067
4,83,20,4.927090167999268,0.025009170174598694,0.005075850058346987,0.5075850058346987
4,84,21,3.1728618144989014,0.007127977907657623,0.0022465453948825598,0.22465453948825598
4,85,21,1.5851774215698242,0.0028248245362192392,0.0017820241628214717,0.17820241628214717
4,86,21,1.9261727333068848,0.0016073137521743774,0.0008344598463736475,0.08344598463736475
4,87,21,4.648372650146484,0.007309215143322945,0.0015724245458841324,0.15724245458841324
4,88,22,2.9250855445861816,0.014744428917765617,0.005040682852268219,0.5040682852268219
4,89,22,2.23274827003479,0.005863590631633997,0.0026261762250214815,0.26261762250214815
4,90,22,3.904513359069824,0.024254143238067627,0.006211822386831045,0.6211822386831045
4,91,22,6.983283042907715,0.023839425295591354,0.00341378478333354,0.341378478333354
4,92,23,2.3980021476745605,0.0016122955130413175,0.0006723494734615088,0.06723494734615088
4,93,23,9.246622085571289,0.005860506556928158,0.0006337997037917376,0.06337997037917376
4,94,23,3.835843801498413,0.006486643571406603,0.0016910603735595942,0.16910603735595942
4,95,23,3.3429062366485596,0.006478951778262854,0.0019381195306777954,0.19381195306777954
4,96,24,8.601628303527832,0.01987340860068798,0.0023104241117835045,0.23104241117835045
4,97,24,4.2923994064331055,0.001951601356267929,0.0004546644340734929,0.04546644340734929
4,98,24,2.5521585941314697,0.01828615553677082,0.007164976093918085,0.7164976093918085
4,99,24,4.4549689292907715,0.0032418053597211838,0.0007276830729097128,0.07276830729097128
4,100,25,1.4421327114105225,0.0018084453186020255,0.001254007569514215,0.1254007569514215
4,101,25,2.204267978668213,0.003320752177387476,0.001506510190665722,0.1506510190665722
4,102,25,6.53467321395874,0.003663061885163188,0.0005605577607639134,0.05605577607639134
4,103,25,2.2066972255706787,0.004559745080769062,0.0020663212053477764,0.20663212053477764
4,104,26,8.550309181213379,0.01009980496019125,0.0011812209850177169,0.11812209850177169
4,105,26,1.5476608276367188,0.0020660501904785633,0.0013349502114579082,0.13349502114579082
4,106,26,3.335693597793579,0.007960187271237373,0.002386366482824087,0.23863664828240871
4,107,26,3.4473204612731934,0.00316922296769917,0.0009193293517455459,0.09193293517455459
4,108,27,1.6562048196792603,0.00599291268736124,0.0036184610798954964,0.36184610798954964
4,109,27,1.6504110097885132,0.022759294137358665,0.013790076598525047,1.3790076598525047
4,110,27,1.9756569862365723,0.015902040526270866,0.00804898887872696,0.8048988878726959
4,111,27,2.9075286388397217,0.02015722170472145,0.006932768039405346,0.6932768039405346
4,112,28,4.337009429931641,0.011155758984386921,0.0025722237769514322,0.2572223776951432
4,113,28,7.678938865661621,0.0053762411698699,0.0007001281483098865,0.07001281483098865
4,114,28,2.6910476684570312,0.005607718601822853,0.0020838421769440174,0.20838421769440174
4,115,28,2.840686082839966,0.01749069057404995,0.006157206371426582,0.6157206371426582
4,116,29,4.632258415222168,0.021926933899521828,0.00473352987319231,0.47335298731923103
4,117,29,8.07716178894043,0.03832545876502991,0.0047449166886508465,0.47449166886508465
4,118,29,2.2431275844573975,0.018604883924126625,0.00829417072236538,0.8294170722365379
4,119,29,1.2575851678848267,0.0005068109603598714,0.0004030033014714718,0.04030033014714718
4,120,30,4.981096267700195,0.007130403071641922,0.0014314927393570542,0.14314927393570542
4,121,30,2.7943825721740723,0.008748178370296955,0.003130630124360323,0.3130630124360323
4,122,30,2.5650582313537598,0.008160427212715149,0.003181380918249488,0.3181380918249488
4,123,30,2.211517333984375,0.003348655067384243,0.0015141889452934265,0.15141889452934265
4,124,31,2.2297558784484863,0.010291575454175472,0.004615561570972204,0.4615561570972204
4,125,31,6.982727527618408,0.007338738534599543,0.0010509844869375229,0.10509844869375229
4,126,31,1.6897659301757812,0.005374167114496231,0.003180420957505703,0.3180420957505703
4,127,31,2.344836473464966,0.003214933443814516,0.0013710693456232548,0.13710693456232548
4,128,32,5.335702896118164,0.0026899385266005993,0.0005041394615545869,0.05041394615545869
4,129,32,2.518742799758911,0.00011517903476487845,4.572877878672443e-05,0.004572877878672443
4,130,32,4.593006610870361,0.0016435832949355245,0.00035784475039690733,0.03578447503969073
4,131,32,1.5884597301483154,0.0011808967683464289,0.0007434225408360362,0.07434225408360362
4,132,33,4.663761615753174,0.008305470459163189,0.0017808523261919618,0.17808523261919618
4,133,33,1.370030164718628,0.006107676308602095,0.004458059556782246,0.44580595567822456
4,134,33,4.846296787261963,0.004061027429997921,0.0008379650535061955,0.08379650535061955
4,135,33,2.7783331871032715,0.001302374992519617,0.00046876128180883825,0.046876128180883825
4,136,34,3.530771493911743,0.00601697713136673,0.0017041536048054695,0.17041536048054695
4,137,34,2.462526559829712,0.019294045865535736,0.00783506128937006,0.783506128937006
4,138,34,2.200263261795044,0.008364698849618435,0.0038016808684915304,0.38016808684915304
4,139,34,2.181952953338623,0.007641029078513384,0.0035019221249967813,0.35019221249967813
4,140,35,3.3129284381866455,0.023991910740733147,0.007241904269903898,0.7241904269903898
4,141,35,3.5627822875976562,0.027253421023488045,0.007649477105587721,0.7649477105587721
4,142,35,1.3115692138671875,0.000887541682459414,0.000676702125929296,0.0676702125929296
4,143,35,4.768374443054199,0.012526353821158409,0.0026269652880728245,0.26269652880728245
4,144,36,2.2387051582336426,0.015395551919937134,0.006876989733427763,0.6876989733427763
4,145,36,3.7253265380859375,0.011817732825875282,0.0031722676940262318,0.3172267694026232
4,146,36,2.0254130363464355,0.017819862812757492,0.008798137307167053,0.8798137307167053
4,147,36,4.352136135101318,0.008472896181046963,0.001946836244314909,0.1946836244314909
4,148,37,1.5264463424682617,0.007695476524531841,0.0050414325669407845,0.5041432566940784
4,149,37,2.312788963317871,0.01083867996931076,0.004686411004513502,0.4686411004513502
4,150,37,2.229998826980591,0.0125515665858984,0.005628508049994707,0.5628508049994707
4,151,37,2.938809871673584,0.0053452118299901485,0.0018188355024904013,0.18188355024904013
4,152,38,2.5247902870178223,0.0223664790391922,0.008858746849000454,0.8858746849000454
4,153,38,2.28955340385437,0.008106134831905365,0.0035404872614890337,0.35404872614890337
4,154,38,2.851402521133423,0.011506062000989914,0.004035228863358498,0.40352288633584976
4,155,38,2.567732810974121,0.005825036205351353,0.00226855231449008,0.226855231449008
4,156,39,1.5017385482788086,0.0028796829283237457,0.0019175660563632846,0.19175660563632846
4,157,39,3.14007568359375,0.0008404821273870766,0.0002676630101632327,0.02676630101632327
4,158,39,1.7959100008010864,0.0026631243526935577,0.0014828830026090145,0.14828830026090145
4,159,39,2.09256911277771,0.0015721600502729416,0.0007513061282224953,0.07513061282224953
4,160,40,2.425384044647217,0.012061037123203278,0.004972836002707481,0.49728360027074814
4,161,40,1.5557138919830322,0.0115050058811903,0.007395322434604168,0.7395322434604168
4,162,40,4.545371055603027,0.003717309795320034,0.0008178231655620039,0.08178231655620039
4,163,40,1.4859191179275513,0.0020018075592815876,0.001347184763289988,0.1347184763289988
4,164,41,1.1607160568237305,0.006602892652153969,0.0056886374950408936,0.5688637495040894
4,165,41,2.1194634437561035,0.00121962686534971,0.0005754413432441652,0.05754413432441652
4,166,41,1.4674937725067139,0.0010875428561121225,0.0007410885882563889,0.07410885882563889
4,167,41,2.504163980484009,0.007168583571910858,0.0028626653365790844,0.28626653365790844
4,168,42,1.919708013534546,0.002773215528577566,0.0014446027344092727,0.14446027344092727
4,169,42,5.633120536804199,0.0015710736624896526,0.0002788993588183075,0.027889935881830752
4,170,42,1.939028024673462,0.002162681892514229,0.0011153433006256819,0.11153433006256819
4,171,42,3.116023302078247,0.0019246907904744148,0.0006176753668114543,0.06176753668114543
4,172,43,3.095327615737915,0.0015418132534250617,0.0004981099045835435,0.049810990458354354
4,173,43,1.349510669708252,0.007181346882134676,0.005321444943547249,0.5321444943547249
4,174,43,1.608818769454956,0.0013564275577664375,0.0008431201567873359,0.08431201567873359
4,175,43,1.5102829933166504,0.004945104476064444,0.0032742898911237717,0.32742898911237717
4,176,44,2.664214849472046,0.019565526396036148,0.007343824487179518,0.7343824487179518
4,177,44,4.476478099822998,0.020892325788736343,0.004667134489864111,0.4667134489864111
4,178,44,2.265101432800293,0.008463679812848568,0.003736556740477681,0.3736556740477681
4,179,44,4.3471221923828125,0.017305457964539528,0.003980899695307016,0.39808996953070164
4,180,45,2.657768964767456,0.005346950143575668,0.0020118190441280603,0.20118190441280603
4,181,45,5.419502258300781,0.0003926695790141821,7.245491724461317e-05,0.007245491724461317
4,182,45,2.5814602375030518,0.000816770363599062,0.00031639859662391245,0.031639859662391245
4,183,45,1.8186603784561157,0.004615947604179382,0.0025381031446158886,0.25381031446158886
4,184,46,2.835520029067993,0.007841529324650764,0.002765464363619685,0.2765464363619685
4,185,46,1.6530463695526123,0.003500652266666293,0.0021176976151764393,0.21176976151764393
4,186,46,1.2654871940612793,0.012457989156246185,0.009844421409070492,0.9844421409070492
4,187,46,2.4417030811309814,0.0054944176226854324,0.0022502399515360594,0.22502399515360594
4,188,47,1.7390106916427612,0.010389268398284912,0.005974240601062775,0.5974240601062775
4,189,47,1.1704387664794922,0.0056299143470823765,0.0048100887797772884,0.48100887797772884
4,190,47,5.904475212097168,0.001516064046882093,0.0002567652554716915,0.02567652554716915
4,191,47,4.041926860809326,0.006281011272221804,0.0015539645683020353,0.15539645683020353
4,192,48,2.2914879322052,0.006502620410174131,0.002837728476151824,0.2837728476151824
4,193,48,1.4129654169082642,0.007964391261339188,0.005636649671941996,0.5636649671941996
4,194,48,2.799497365951538,0.011635631322860718,0.004156328737735748,0.41563287377357483
4,195,48,1.7616443634033203,0.0023735526483505964,0.0013473506551235914,0.13473506551235914
4,196,49,2.2539970874786377,0.0067945970222353935,0.003014465793967247,0.3014465793967247
4,197,49,3.7353193759918213,0.015541283413767815,0.004160630516707897,0.4160630516707897
4,198,49,4.904851913452148,0.013156959787011147,0.0026824376545846462,0.2682437654584646
4,199,49,1.933781623840332,0.013504084199666977,0.00698325177654624,0.698325177654624
4,200,50,3.204287052154541,0.02318536303937435,0.0072357323952019215,0.7235732395201921
4,201,50,1.719590663909912,0.0029273019172251225,0.0017023248365148902,0.17023248365148902
4,202,50,4.146006107330322,0.006024963688105345,0.0014531969791278243,0.14531969791278243
4,203,50,2.5553717613220215,0.025207970291376114,0.00986469816416502,0.986469816416502
4,204,51,1.8355916738510132,0.005418935790657997,0.002952146576717496,0.2952146576717496
4,205,51,2.001004695892334,0.005150824319571257,0.0025741190183907747,0.2574119018390775
4,206,51,1.3640475273132324,0.0010727056069299579,0.0007864136714488268,0.07864136714488268
4,207,51,1.160101056098938,0.0014153786469250917,0.0012200477067381144,0.12200477067381144
4,208,52,1.5820883512496948,0.00186821143142879,0.0011808514827862382,0.11808514827862382
4,209,52,1.5044095516204834,0.004605039954185486,0.0030610281974077225,0.30610281974077225
4,210,52,2.0650885105133057,0.005555198062211275,0.0026900533121079206,0.26900533121079206
4,211,52,8.319393157958984,0.007153203710913658,0.0008598227868787944,0.08598227868787944
4,212,53,2.047565460205078,0.0006100055179558694,0.00029791746055707335,0.029791746055707335
4,213,53,1.5879244804382324,0.0009072630782611668,0.0005713515565730631,0.057135155657306314
4,214,53,1.268226146697998,0.0009721657261252403,0.0007665554876439273,0.07665554876439273
4,215,53,3.096269130706787,0.0013696911046281457,0.00044236824032850564,0.044236824032850564
4,216,54,0.9826974868774414,0.00492420420050621,0.005010905675590038,0.5010905675590038
4,217,54,3.1176722049713135,0.008422434329986572,0.0027015137020498514,0.27015137020498514
4,218,54,1.1341642141342163,0.0044418759644031525,0.003916431218385696,0.39164312183856964
4,219,54,6.026210784912109,0.008125527761876583,0.0013483643997460604,0.13483643997460604
4,220,55,3.4081850051879883,0.00646422291174531,0.001896676025353372,0.1896676025353372
4,221,55,3.115673542022705,0.006951955612748861,0.002231284976005554,0.22312849760055542
4,222,55,2.0888752937316895,0.00881729181855917,0.0042210714891552925,0.42210714891552925
4,223,55,2.1303555965423584,0.0016839045565575361,0.0007904335507191718,0.07904335507191718
4,224,56,2.377234935760498,0.001324051758274436,0.000556971353944391,0.0556971353944391
4,225,56,2.6082677841186523,0.01820068061351776,0.006978072226047516,0.6978072226047516
4,226,56,2.6444482803344727,0.0014085450675338507,0.000532642297912389,0.053264229791238904
4,227,56,2.7010645866394043,0.018051877617836,0.006683245301246643,0.6683245301246643
4,228,57,2.866764545440674,0.006701053120195866,0.0023374969605356455,0.23374969605356455
4,229,57,2.682802677154541,0.01109266746789217,0.004134730901569128,0.4134730901569128
4,230,57,1.7411773204803467,0.00595902418717742,0.003422410925850272,0.3422410925850272
4,231,57,2.0487165451049805,0.006761228200048208,0.003300226293504238,0.3300226293504238
4,232,58,1.9425232410430908,0.00350224319845438,0.0018029350321739912,0.18029350321739912
4,233,58,2.534883499145508,0.009689323604106903,0.003822393948212266,0.3822393948212266
4,234,58,2.7212421894073486,0.008231353014707565,0.003024851204827428,0.3024851204827428
4,235,58,2.2600181102752686,0.0023163254372775555,0.001024914556182921,0.1024914556182921
4,236,59,4.282410621643066,0.002297337632626295,0.0005364589742384851,0.05364589742384851
4,237,59,1.5218636989593506,0.0011690797982737422,0.0007681895513087511,0.07681895513087511
4,238,59,2.896611452102661,0.0004409384273458272,0.00015222560614347458,0.015222560614347458
4,239,59,1.8606277704238892,0.0014853454194962978,0.0007983033428899944,0.07983033428899944
4,240,60,4.299286842346191,0.009373310953378677,0.0021802012342959642,0.21802012342959642
4,241,60,2.072403907775879,0.0010769724613055587,0.0005196730489842594,0.05196730489842594
4,242,60,3.5279088020324707,0.008997052907943726,0.0025502510834485292,0.2550251083448529
4,243,60,1.750733494758606,0.01744486391544342,0.009964317083358765,0.9964317083358765
4,244,61,2.6840951442718506,0.0004790601960849017,0.0001784810738172382,0.01784810738172382
4,245,61,1.5548789501190186,0.00040773983346298337,0.00026223252643831074,0.026223252643831074
4,246,61,1.6427278518676758,0.0011134914821013808,0.0006778307724744081,0.06778307724744081
4,247,61,1.6434496641159058,0.00038489533471874893,0.0002341996441828087,0.02341996441828087
4,248,62,2.449125289916992,0.006993099115788937,0.002855345606803894,0.2855345606803894
4,249,62,2.160248041152954,0.005190105177462101,0.0024025505408644676,0.24025505408644676
4,250,62,3.4368093013763428,0.0009752942714840174,0.00028377899434417486,0.028377899434417486
4,251,62,1.6444939374923706,0.007361771538853645,0.004476618021726608,0.4476618021726608
4,252,63,2.947047233581543,0.006069282069802284,0.0020594450179487467,0.20594450179487467
4,253,63,2.0882649421691895,0.0122569240629673,0.005869429558515549,0.5869429558515549
4,254,63,3.4652371406555176,0.0010738155106082559,0.0003098822489846498,0.030988224898464978
4,255,63,2.0563344955444336,0.006567385047674179,0.003193733748048544,0.3193733748048544
4,256,64,1.1224467754364014,0.0031126600224524736,0.002773102605715394,0.2773102605715394
4,257,64,3.4275946617126465,0.0058913445100188255,0.001718798535875976,0.1718798535875976
4,258,64,1.904024600982666,0.006272819824516773,0.0032945056445896626,0.32945056445896626
4,259,64,5.019245624542236,0.0033318737987428904,0.0006638196064159274,0.06638196064159274
4,260,65,1.6878929138183594,0.005500589031726122,0.0032588494941592216,0.32588494941592216
4,261,65,4.219830513000488,0.0036430787295103073,0.0008633234538137913,0.08633234538137913
4,262,65,1.0737245082855225,0.004149768501520157,0.0038648354820907116,0.38648354820907116
4,263,65,1.0893782377243042,0.002093001501634717,0.0019212807528674603,0.19212807528674603
4,264,66,2.7975950241088867,0.01766551472246647,0.006314536090940237,0.6314536090940237
4,265,66,3.2261335849761963,0.005763330031186342,0.0017864510882645845,0.17864510882645845
4,266,66,4.023613452911377,0.013621604070067406,0.003385415766388178,0.3385415766388178
4,267,66,3.5786049365997314,0.0058023687452077866,0.0016214052448049188,0.16214052448049188
4,268,67,2.4192590713500977,0.024521181359887123,0.010135822929441929,1.0135822929441929
4,269,67,1.8267909288406372,0.00769231328740716,0.004210833925753832,0.4210833925753832
4,270,67,6.013251304626465,0.021136237308382988,0.003514943178743124,0.3514943178743124
4,271,67,1.692253828048706,0.005739331245422363,0.0033915310632437468,0.3391531063243747
4,272,68,1.6941230297088623,0.0035060697700828314,0.0020695484708994627,0.20695484708994627
4,273,68,3.551312208175659,0.001290657906793058,0.0003634312597569078,0.03634312597569078
4,274,68,1.410938024520874,0.0019049267284572124,0.001350113656371832,0.1350113656371832
4,275,68,2.0535292625427246,0.001226981170475483,0.0005974987288936973,0.059749872889369726
4,276,69,1.7775217294692993,0.0065869553945958614,0.003705696202814579,0.3705696202814579
4,277,69,3.2036287784576416,0.004020447842776775,0.001254966831766069,0.1254966831766069
4,278,69,2.956944704055786,0.006136893294751644,0.0020754169672727585,0.20754169672727585
4,279,69,1.8969099521636963,0.0028648730367422104,0.0015102841425687075,0.15102841425687075
4,280,70,2.0825071334838867,0.0019490555860102177,0.0009359178366139531,0.09359178366139531
4,281,70,2.64369797706604,0.0035474710166454315,0.0013418594608083367,0.13418594608083367
4,282,70,3.7389965057373047,0.0005248612724244595,0.00014037490473128855,0.014037490473128855
4,283,70,1.9127929210662842,0.0030422965064644814,0.0015904996544122696,0.15904996544122696
4,284,71,3.783165216445923,0.01887369714677334,0.004988864064216614,0.4988864064216614
4,285,71,3.194901466369629,0.003390161320567131,0.001061116112396121,0.1061116112396121
4,286,71,6.110691070556641,0.018307801336050034,0.002996027935296297,0.2996027935296297
4,287,71,1.745774507522583,0.0054497867822647095,0.0031217015348374844,0.31217015348374844
4,288,72,2.7140300273895264,0.011443205177783966,0.004216314759105444,0.4216314759105444
4,289,72,1.8699079751968384,0.011180354282259941,0.005979093257337809,0.5979093257337809
4,290,72,3.5679335594177246,0.011501045897603035,0.003223447361961007,0.3223447361961007
4,291,72,4.997854709625244,0.008484026417136192,0.0016975336475297809,0.1697533647529781
4,292,73,2.3647232055664062,0.004465170204639435,0.001888242200948298,0.1888242200948298
4,293,73,1.2051725387573242,0.0038716921117156744,0.0032125625293701887,0.32125625293701887
4,294,73,4.9925312995910645,0.0028973747976124287,0.00058034184621647,0.058034184621647
4,295,73,4.2529096603393555,0.005481008905917406,0.0012887668563053012,0.12887668563053012
4,296,74,2.4530858993530273,0.0016991597367450595,0.0006926621426828206,0.06926621426828206
4,297,74,2.3161330223083496,0.0028157387860119343,0.0012157068122178316,0.12157068122178316
4,298,74,1.9619240760803223,0.0022101816721260548,0.00112653779797256,0.11265377979725599
4,299,74,1.9455485343933105,0.0007518966449424624,0.0003864702594000846,0.03864702594000846
4,300,75,2.5309019088745117,0.0011721658520400524,0.0004631415649782866,0.04631415649782866
4,301,75,1.7341582775115967,0.00010376874706707895,5.983810478937812e-05,0.005983810478937812
4,302,75,1.536329984664917,0.001320109935477376,0.0008592619560658932,0.08592619560658932
4,303,75,4.432171821594238,0.0003394332597963512,7.658395770704374e-05,0.007658395770704374
4,304,76,1.2922170162200928,0.0020023840479552746,0.0015495725674554706,0.15495725674554706
4,305,76,4.139852523803711,0.002657686360180378,0.0006419760757125914,0.06419760757125914
4,306,76,3.1414365768432617,0.0054916441440582275,0.0017481314716860652,0.17481314716860652
4,307,76,1.9413350820541382,0.0055949632078409195,0.002882018219679594,0.2882018219679594
4,308,77,4.378948211669922,0.005478076171129942,0.00125100277364254,0.125100277364254
4,309,77,3.8536365032196045,0.004658790770918131,0.0012089336523786187,0.12089336523786187
4,310,77,2.099639415740967,0.0029415911994874477,0.0014009983278810978,0.14009983278810978
4,311,77,1.3653591871261597,0.006567733362317085,0.004810260608792305,0.4810260608792305
4,312,78,1.9233119487762451,0.009060847572982311,0.004711064975708723,0.4711064975708723
4,313,78,2.381983995437622,0.008709454908967018,0.003656386863440275,0.3656386863440275
4,314,78,2.842787981033325,0.005002939607948065,0.0017598707927390933,0.17598707927390933
4,315,78,1.6156753301620483,0.0008755557937547565,0.0005419132066890597,0.05419132066890597
4,316,79,2.621473789215088,0.004988650791347027,0.0019029946997761726,0.19029946997761726
4,317,79,2.5043771266937256,0.005699273198843002,0.002275724895298481,0.2275724895298481
4,318,79,2.254889726638794,0.003555350238457322,0.0015767291188240051,0.1576729118824005
4,319,79,4.09388542175293,0.005369648337364197,0.0013116264017298818,0.13116264017298818
4,320,80,2.375072956085205,0.010226074606180191,0.0043055834248661995,0.43055834248661995
4,321,80,3.9510605335235596,0.022609248757362366,0.005722323898226023,0.5722323898226023
4,322,80,3.7587828636169434,0.02863464131951332,0.007618062198162079,0.7618062198162079
4,323,80,1.8860602378845215,0.0006167812389321625,0.00032702097087167203,0.0327020970871672
4,324,81,4.712267875671387,0.016017964109778404,0.0033992049284279346,0.33992049284279346
4,325,81,2.6469130516052246,0.018496714532375336,0.006988032720983028,0.6988032720983028
4,326,81,2.5837671756744385,0.0196840837597847,0.0076183658093214035,0.7618365809321404
4,327,81,2.340371608734131,0.02198256365954876,0.009392766281962395,0.9392766281962395
4,328,82,3.4180502891540527,0.009035985916852951,0.0026436082553118467,0.2643608255311847
4,329,82,2.205815315246582,0.008172641508281231,0.0037050433456897736,0.37050433456897736
4,330,82,3.29052734375,0.010202012024819851,0.003100418485701084,0.3100418485701084
4,331,82,2.665982961654663,0.00526973232626915,0.0019766564946621656,0.19766564946621656
4,332,83,3.4629709720611572,0.0012500809971243143,0.0003609851119108498,0.03609851119108498
4,333,83,2.3452162742614746,0.000878367864061147,0.00037453597178682685,0.037453597178682685
4,334,83,1.7396831512451172,0.0008724912768229842,0.0005015230854041874,0.050152308540418744
4,335,83,2.148761034011841,0.0028665645513683558,0.0013340546283870935,0.13340546283870935
4,336,84,2.732137680053711,0.001755235716700554,0.000642440456431359,0.0642440456431359
4,337,84,1.86652410030365,0.010695133358240128,0.005729973316192627,0.5729973316192627
4,338,84,3.3115251064300537,0.007446977775543928,0.002248806180432439,0.22488061804324389
4,339,84,1.993192195892334,0.005266645923256874,0.002642317209392786,0.2642317209392786
4,340,85,2.3791236877441406,0.0033321937080472708,0.0014005970442667603,0.14005970442667603
4,341,85,2.382741928100586,0.0005921453703194857,0.00024851426132954657,0.024851426132954657
4,342,85,1.9531561136245728,0.0034643146209418774,0.0017737008165568113,0.17737008165568113
4,343,85,2.917471408843994,0.0006641201907768846,0.00022763553715776652,0.022763553715776652
4,344,86,2.6620447635650635,0.0015705659752711654,0.0005899848183616996,0.05899848183616996
4,345,86,2.6573755741119385,0.002227160846814513,0.0008381053921766579,0.08381053921766579
4,346,86,3.5811285972595215,0.0046370020136237144,0.0012948437361046672,0.12948437361046672
4,347,86,1.9555710554122925,0.005696174688637257,0.002912793541327119,0.2912793541327119
4,348,87,1.2180402278900146,0.0014878306537866592,0.0012214954476803541,0.12214954476803541
4,349,87,2.3935461044311523,0.001491823699325323,0.0006232692394405603,0.062326923944056034
4,350,87,4.796228408813477,0.0027824994176626205,0.0005801432416774333,0.058014324167743325
4,351,87,2.865662097930908,0.003236837685108185,0.0011295252479612827,0.11295252479612827
4,352,88,2.771547794342041,0.007826334796845913,0.002823813818395138,0.2823813818395138
4,353,88,1.8395671844482422,0.009436857886612415,0.005129933822900057,0.5129933822900057
4,354,88,5.381685733795166,0.014195446856319904,0.002637732308357954,0.2637732308357954
4,355,88,3.1226978302001953,0.002947048982605338,0.0009437509579584002,0.09437509579584002
4,356,89,2.754335641860962,0.008751939050853252,0.003177513601258397,0.3177513601258397
4,357,89,2.385974645614624,0.005582085810601711,0.0023395412135869265,0.23395412135869265
4,358,89,1.8766589164733887,0.0001152426193584688,6.140839832369238e-05,0.006140839832369238
4,359,89,3.330359935760498,0.008795615285634995,0.002641040366142988,0.2641040366142988
4,360,90,2.6803793907165527,0.0021045440807938576,0.0007851665141060948,0.07851665141060948
4,361,90,2.7342662811279297,0.00023879412037786096,8.733389404369518e-05,0.008733389404369518
4,362,90,1.7667609453201294,0.004906979389488697,0.002777387388050556,0.2777387388050556
4,363,90,3.173116445541382,0.0048945085145533085,0.0015424925368279219,0.1542492536827922
4,364,91,1.621268630027771,0.0036524483002722263,0.00225283345207572,0.22528334520757198
4,365,91,1.7955108880996704,0.0014166479231789708,0.0007889943663030863,0.07889943663030863
4,366,91,3.6876440048217773,0.006764005869626999,0.00183423503767699,0.183423503767699
4,367,91,3.09989857673645,0.0021982607431709766,0.0007091395673342049,0.07091395673342049
4,368,92,2.196399450302124,0.004736533388495445,0.0021564990747720003,0.21564990747720003
4,369,92,2.6764183044433594,0.0037920454051345587,0.0014168358175083995,0.14168358175083995
4,370,92,2.7517013549804688,0.002386519918218255,0.0008672888507135212,0.08672888507135212
4,371,92,3.25433611869812,0.0023074860218912363,0.0007090496947057545,0.07090496947057545
4,372,93,2.9873194694519043,0.003892140928655863,0.0013028874527662992,0.13028874527662992
4,373,93,1.305593729019165,0.005240872036665678,0.004014167468994856,0.4014167468994856
4,374,93,3.157089948654175,0.007348954677581787,0.002327762311324477,0.23277623113244772
4,375,93,2.159881114959717,0.002763858763501048,0.0012796346563845873,0.12796346563845873
4,376,94,1.2419923543930054,0.0007717636181041598,0.0006213915767148137,0.06213915767148137
4,377,94,1.8622064590454102,0.0005663601914420724,0.0003041339514311403,0.03041339514311403
4,378,94,1.7579345703125,0.002764216624200344,0.0015724229160696268,0.15724229160696268
4,379,94,1.8288109302520752,0.0025175735354423523,0.0013766176998615265,0.13766176998615265
4,380,95,1.8507447242736816,0.004586411640048027,0.002478143898770213,0.2478143898770213
4,381,95,1.9398940801620483,0.0054917410016059875,0.0028309489134699106,0.28309489134699106
4,382,95,2.794222354888916,0.0028897644951939583,0.0010341927409172058,0.10341927409172058
4,383,95,2.544161319732666,0.003867036895826459,0.0015199652407318354,0.15199652407318354
4,384,96,2.9811930656433105,0.0019932116847485304,0.0006685953121632338,0.06685953121632338
4,385,96,1.7391891479492188,0.00214271224103868,0.001232017995789647,0.12320179957896471
4,386,96,1.9700515270233154,0.0010499912314116955,0.0005329765263013542,0.05329765263013542
4,387,96,3.3880372047424316,0.0034367931075394154,0.001014390611089766,0.1014390611089766
4,388,97,3.5269806385040283,0.009914163500070572,0.0028109492268413305,0.28109492268413305
4,389,97,2.173839569091797,0.0003984867362305522,0.0001833100977819413,0.01833100977819413
4,390,97,1.9927551746368408,0.005813669413328171,0.002917402656748891,0.2917402656748891
4,391,97,2.9300336837768555,0.00478791631758213,0.0016340822912752628,0.16340822912752628
4,392,98,1.6159194707870483,0.003233314026147127,0.0020009127911180258,0.20009127911180258
4,393,98,2.3738033771514893,0.00289935409091413,0.001221396028995514,0.12213960289955139
4,394,98,4.336993217468262,0.003149108961224556,0.000726104190107435,0.0726104190107435
4,395,98,3.017493963241577,0.005314726382493973,0.0017613046802580357,0.17613046802580357
4,396,99,2.0920825004577637,0.0049025737680494785,0.0023433940950781107,0.23433940950781107
4,397,99,2.86745023727417,0.0022521258797496557,0.0007854106370359659,0.07854106370359659
4,398,99,2.667861223220825,0.004066913388669491,0.0015244096284732223,0.15244096284732223
4,399,99,1.7056502103805542,0.0009367120801471174,0.0005491818301379681,0.054918183013796806
4,400,100,4.238731384277344,0.008853055536746979,0.002088609617203474,0.2088609617203474
4,401,100,2.04789400100708,0.006124719046056271,0.0029907403513789177,0.29907403513789177
4,402,100,1.864006519317627,0.0031742858700454235,0.001702937064692378,0.1702937064692378
4,403,100,3.1422653198242188,0.004101538099348545,0.0013052806025370955,0.13052806025370955
4,404,101,1.8337653875350952,0.0013208320597186685,0.0007202841225080192,0.07202841225080192
4,405,101,2.807631015777588,0.001492611481808126,0.00053162663243711,0.053162663243710995
4,406,101,1.5061004161834717,0.002210068516433239,0.0014674111735075712,0.14674111735075712
4,407,101,1.978230357170105,0.0002740378840826452,0.0001385267823934555,0.01385267823934555
4,408,102,1.9566988945007324,0.0008907165029086173,0.00045521388528868556,0.045521388528868556
4,409,102,2.6765058040618896,0.0019665188156068325,0.0007347336504608393,0.07347336504608393
4,410,102,2.2942137718200684,0.0012005968019366264,0.0005233151605352759,0.052331516053527594
4,411,102,3.9003915786743164,0.0009457104606553912,0.000242465510382317,0.0242465510382317
4,412,103,2.048060655593872,0.007226914167404175,0.003528662258759141,0.3528662258759141
4,413,103,2.656687021255493,0.003996189218014479,0.0015042002778500319,0.15042002778500319
4,414,103,2.49326229095459,0.004549124278128147,0.0018245670944452286,0.18245670944452286
4,415,103,2.242124080657959,0.0030549275688827038,0.001362514914944768,0.1362514914944768
4,416,104,2.319550037384033,0.0054432544857263565,0.0023466856218874454,0.23466856218874454
4,417,104,1.2254326343536377,0.003403593087568879,0.0027774623595178127,0.2777462359517813
4,418,104,2.8747076988220215,0.008512238971889019,0.0029610798228532076,0.29610798228532076
4,419,104,2.7329812049865723,0.0029749502427875996,0.001088536693714559,0.10885366937145591
4,420,105,1.5304455757141113,0.0002767255064100027,0.0001808136876206845,0.01808136876206845
4,421,105,2.0035688877105713,0.006042341236025095,0.0030157892033457756,0.30157892033457756
4,422,105,2.1073734760284424,0.0046556550078094006,0.00220922171138227,0.22092217113822699
4,423,105,2.271336793899536,0.00943458266556263,0.004153757821768522,0.4153757821768522
4,424,106,1.814933180809021,0.0015804048161953688,0.0008707785164006054,0.08707785164006054
4,425,106,1.848228931427002,0.004640963859856129,0.0025110330898314714,0.25110330898314714
4,426,106,2.3703904151916504,0.002904013730585575,0.0012251203879714012,0.12251203879714012
4,427,106,2.1009926795959473,0.004780448507517576,0.0022753283847123384,0.22753283847123384
4,428,107,3.4598870277404785,0.002347915433347225,0.0006786104058846831,0.06786104058846831
4,429,107,2.3458311557769775,0.0029688961803913116,0.0012656052131205797,0.12656052131205797
4,430,107,2.1798386573791504,0.009553090669214725,0.004382476210594177,0.4382476210594177
4,431,107,1.6983267068862915,0.011341867968440056,0.006678260397166014,0.6678260397166014
4,432,108,2.5537338256835938,0.010314129292964935,0.004038842860609293,0.4038842860609293
4,433,108,1.296972393989563,0.0007545349653810263,0.0005817664205096662,0.05817664205096662
4,434,108,2.7039265632629395,0.000598117767367512,0.0002212034014519304,0.02212034014519304
4,435,108,2.361440658569336,0.01001090556383133,0.00423932122066617,0.423932122066617
4,436,109,1.2879292964935303,0.0013902102364227176,0.0010794149711728096,0.10794149711728096
4,437,109,2.982985496520996,0.0010924567468464375,0.00036622933112084866,0.036622933112084866
4,438,109,1.9045330286026,0.001031039864756167,0.0005413609906099737,0.05413609906099737
4,439,109,1.8138976097106934,0.001776610966771841,0.0009794438956305385,0.09794438956305385
4,440,110,1.9825794696807861,0.0003531868278514594,0.00017814509919844568,0.017814509919844568
4,441,110,1.5625944137573242,0.0003617551119532436,0.00023150928609538823,0.023150928609538823
4,442,110,2.560495138168335,0.0006214124732650816,0.0002426923019811511,0.02426923019811511
4,443,110,2.4372458457946777,0.0006365093286149204,0.0002611592644825578,0.026115926448255777
4,444,111,2.5095126628875732,0.005074588116258383,0.0020221408922225237,0.20221408922225237
4,445,111,1.6011943817138672,0.00040574223385192454,0.0002533997467253357,0.02533997467253357
4,446,111,2.1122891902923584,0.002800988033413887,0.0013260438572615385,0.13260438572615385
4,447,111,2.2215874195098877,0.007413087412714958,0.0033368426375091076,0.33368426375091076
4,448,112,2.1629905700683594,0.005066121928393841,0.0023421840742230415,0.23421840742230415
4,449,112,1.588495135307312,0.0029473251197487116,0.0018554197158664465,0.18554197158664465
4,450,112,1.653627634048462,0.0008194402325898409,0.0004955409676767886,0.04955409676767886
4,451,112,1.921856164932251,0.0027649400290101767,0.0014386820839717984,0.14386820839717984
4,452,113,1.6709094047546387,0.0016468721441924572,0.0009856142569333315,0.09856142569333315
4,453,113,2.0972166061401367,0.006078650709241629,0.0028984372038394213,0.2898437203839421
4,454,113,2.320765972137451,0.007029540836811066,0.0030289744026958942,0.3028974402695894
4,455,113,2.0045430660247803,0.0008866849821060896,0.0004423377104103565,0.04423377104103565
4,456,114,1.8531603813171387,0.001342247473075986,0.0007243018480949104,0.07243018480949104
4,457,114,1.6856876611709595,0.0018712530145421624,0.0011100828414782882,0.11100828414782882
4,458,114,2.5482125282287598,0.002522488357499242,0.0009899049764499068,0.09899049764499068
4,459,114,2.2422733306884766,0.0003285887069068849,0.0001465426612412557,0.01465426612412557
4,460,115,1.6894038915634155,0.0014447590801864862,0.0008551887003704906,0.08551887003704906
4,461,115,1.6500773429870605,0.0032224564347416162,0.0019529123092070222,0.19529123092070222
4,462,115,1.677306056022644,0.0010529453866183758,0.0006277598440647125,0.06277598440647125
4,463,115,1.8614437580108643,0.003913605585694313,0.0021024569869041443,0.21024569869041443
4,464,116,1.9335094690322876,0.0012205929961055517,0.0006312836776487529,0.06312836776487529
4,465,116,2.2476022243499756,0.0017078043892979622,0.0007598338997922838,0.07598338997922838
4,466,116,1.9916363954544067,0.0006790134939365089,0.00034093245631083846,0.034093245631083846
4,467,116,1.6139090061187744,0.0010170267196372151,0.0006301635876297951,0.06301635876297951
4,468,117,2.2876923084259033,0.004179102368652821,0.0018267764244228601,0.18267764244228601
4,469,117,1.2786353826522827,0.0030233750585466623,0.002364532556384802,0.2364532556384802
4,470,117,2.7004599571228027,0.006530490703880787,0.0024182882625609636,0.24182882625609636
4,471,117,1.7263203859329224,0.0011711219558492303,0.0006783920107409358,0.06783920107409358
4,472,118,1.7935513257980347,0.005872891750186682,0.0032744486816227436,0.32744486816227436
4,473,118,1.5222563743591309,0.0014196690171957016,0.000932608381845057,0.0932608381845057
4,474,118,2.4805822372436523,0.0026596509851515293,0.0010721881408244371,0.10721881408244371
4,475,118,1.9585171937942505,0.0033833635970950127,0.0017275128047913313,0.17275128047913313
4,476,119,1.6661620140075684,0.006213558837771416,0.003729264484718442,0.3729264484718442
4,477,119,1.8164254426956177,0.0052182236686348915,0.002872798126190901,0.2872798126190901
4,478,119,1.8399465084075928,0.0036242306232452393,0.0019697477109730244,0.19697477109730244
4,479,119,2.2997312545776367,0.0005424431292340159,0.0002358724013902247,0.02358724013902247
4,480,120,2.51031494140625,0.0015224211383610964,0.000606466201134026,0.060646620113402605
4,481,120,1.8057578802108765,0.0006619801861234009,0.0003665940894279629,0.03665940894279629
4,482,120,2.965712308883667,0.010481865145266056,0.0035343498457223177,0.35343498457223177
4,483,120,3.5921921730041504,0.010342802852392197,0.00287924543954432,0.287924543954432
4,484,121,2.125169277191162,0.0010743028251454234,0.0005055139772593975,0.05055139772593975
4,485,121,1.9207675457000732,0.0007954807952046394,0.0004141473618801683,0.04141473618801683
4,486,121,1.9025886058807373,0.002956004347652197,0.0015536750433966517,0.15536750433966517
4,487,121,1.8216005563735962,0.0021633130963891745,0.0011875891359522939,0.11875891359522939
4,488,122,2.4406795501708984,0.0016075363382697105,0.0006586429080925882,0.06586429080925882
4,489,122,1.936070203781128,0.00040961793274618685,0.00021157183800823987,0.021157183800823987
4,490,122,2.001983880996704,0.0018310321029275656,0.0009146088268607855,0.09146088268607855
4,491,122,1.7669401168823242,0.0005332499276846647,0.0003017928684130311,0.03017928684130311
4,492,123,1.675173044204712,0.0072686076164245605,0.00433901883661747,0.433901883661747
4,493,123,1.5722708702087402,0.000725686433725059,0.00046155304880812764,0.046155304880812764
4,494,123,2.055906295776367,0.011085832491517067,0.005392187740653753,0.5392187740653753
4,495,123,2.393462657928467,0.0074904365465044975,0.003129539778456092,0.3129539778456092
4,496,124,1.7956401109695435,0.0009000915451906621,0.0005012649926356971,0.05012649926356971
4,497,124,1.3149104118347168,0.0006213305750861764,0.00047252693912014365,0.047252693912014365
4,498,124,2.1296825408935547,0.0025614453479647636,0.0012027358170598745,0.12027358170598745
4,499,124,2.712977409362793,0.0030882444698363543,0.0011383229866623878,0.11383229866623878
4,500,125,1.7260642051696777,0.002803536830469966,0.0016242366982623935,0.16242366982623935
4,501,125,1.376589298248291,0.0004350647795945406,0.00031604545074515045,0.031604545074515045
4,502,125,2.6536333560943604,0.002334773074835539,0.0008798401104286313,0.08798401104286313
4,503,125,1.7086158990859985,0.0034191699232906103,0.0020011342130601406,0.20011342130601406
4,504,126,1.3026694059371948,0.0010272632353007793,0.0007885832455940545,0.07885832455940545
4,505,126,2.5307812690734863,0.00402081897482276,0.001588765881024301,0.1588765881024301
4,506,126,2.7882726192474365,0.0031033779960125685,0.0011130109196528792,0.11130109196528792
4,507,126,2.6830391883850098,0.0004600995744112879,0.00017148448387160897,0.017148448387160897
4,508,127,2.3454668521881104,0.008379898965358734,0.0035728064831346273,0.35728064831346273
4,509,127,1.8758840560913086,0.0026504923589527607,0.0014129297342151403,0.14129297342151403
4,510,127,2.4466845989227295,0.011538590304553509,0.004716010298579931,0.4716010298579931
4,511,127,1.93254816532135,0.0029177959077060223,0.0015098178992047906,0.15098178992047906
4,512,128,1.7856963872909546,0.0006430433131754398,0.00036010786425322294,0.036010786425322294
4,513,128,1.1699106693267822,0.0011612658854573965,0.0009926107013598084,0.09926107013598084
4,514,128,1.7995344400405884,0.0009430513018742204,0.0005240529426373541,0.052405294263735414
4,515,128,1.3149796724319458,0.0004976768977940083,0.00037846737541258335,0.037846737541258335
4,516,129,1.9192787408828735,0.004412087611854076,0.0022988258861005306,0.22988258861005306
4,517,129,2.3446736335754395,0.0022081390488892794,0.0009417681721970439,0.09417681721970439
4,518,129,2.582009792327881,0.006648094393312931,0.0025747751351445913,0.25747751351445913
4,519,129,2.2001633644104004,0.005379735957831144,0.002445152960717678,0.2445152960717678
4,520,130,1.9372721910476685,0.003053485881537199,0.0015761780086904764,0.15761780086904764
4,521,130,1.459761142730713,0.0019770790822803974,0.0013543852837756276,0.13543852837756276
4,522,130,3.1657931804656982,0.0006353941280394793,0.00020070614118594676,0.020070614118594676
4,523,130,1.6003254652023315,0.0021771627943962812,0.0013604500563815236,0.13604500563815236
4,524,131,2.837235927581787,0.005729454103857279,0.002019378822296858,0.20193788222968578
4,525,131,2.538118362426758,0.005560183431953192,0.002190671395510435,0.2190671395510435
4,526,131,1.7775866985321045,0.0026298195589333773,0.001479432568885386,0.1479432568885386
4,527,131,1.7752313613891602,0.0029046847485005856,0.0016362288733944297,0.16362288733944297
4,528,132,2.676988363265991,0.008045325055718422,0.0030053642112761736,0.30053642112761736
4,529,132,1.8783632516860962,0.00766550051048398,0.004080947022885084,0.4080947022885084
4,530,132,1.4700899124145508,0.0013202223926782608,0.0008980555576272309,0.08980555576272309
4,531,132,1.5873937606811523,0.0021907093469053507,0.001380066736601293,0.1380066736601293
4,532,133,2.4755475521087646,0.002090543508529663,0.0008444772101938725,0.08444772101938725
4,533,133,1.9512375593185425,0.0013849828392267227,0.0007097971392795444,0.07097971392795444
4,534,133,2.308825969696045,0.0010057828621938825,0.0004356252320576459,0.04356252320576459
4,535,133,2.3081576824188232,0.0005251321708783507,0.00022751139476895332,0.022751139476895332
4,536,134,1.6042240858078003,0.00309556070715189,0.0019296311074867845,0.19296311074867845
4,537,134,1.7526453733444214,0.0021310225129127502,0.0012158891186118126,0.12158891186118126
4,538,134,1.9677578210830688,0.003223982872441411,0.0016384043265134096,0.16384043265134096
4,539,134,1.7708017826080322,0.004575168713927269,0.002583670662716031,0.2583670662716031
4,540,135,1.4303398132324219,0.0038155806250870228,0.002667604247108102,0.2667604247108102
4,541,135,3.37530517578125,0.007337205111980438,0.002173790242522955,0.2173790242522955
4,542,135,1.7940353155136108,0.0009639629861339927,0.0005373154999688268,0.05373154999688268
4,543,135,1.9727070331573486,0.0044269380159676075,0.0022440929897129536,0.22440929897129536
4,544,136,1.417142391204834,0.0010186738800257444,0.000718822528142482,0.0718822528142482
4,545,136,2.3072688579559326,0.001045851968228817,0.00045328569831326604,0.045328569831326604
4,546,136,1.4976893663406372,0.0008658396545797586,0.0005781169747933745,0.057811697479337454
4,547,136,1.9608654975891113,0.001068255864083767,0.0005447879084385931,0.054478790843859315
4,548,137,1.5594342947006226,0.002076765289530158,0.0013317427365109324,0.13317427365109324
4,549,137,1.7256438732147217,0.0005838293582201004,0.000338325509801507,0.0338325509801507
4,550,137,3.730842351913452,0.00413986062631011,0.001109631615690887,0.1109631615690887
4,551,137,2.6783177852630615,0.0034640622325241566,0.0012933723628520966,0.12933723628520966
4,552,138,2.087556838989258,0.004749148618429899,0.0022749793715775013,0.22749793715775013
4,553,138,2.358055353164673,0.0003228468121960759,0.00013691230560652912,0.013691230560652912
4,554,138,1.59811270236969,0.004099508281797171,0.0025652186013758183,0.2565218601375818
4,555,138,1.689480185508728,0.0009922332828864455,0.0005873009213246405,0.05873009213246405
4,556,139,4.58933162689209,0.011434030719101429,0.002491437131538987,0.24914371315389872
4,557,139,1.475193738937378,0.0009570036781951785,0.0006487308419309556,0.06487308419309556
4,558,139,2.4341628551483154,0.01411045715212822,0.005796841811388731,0.5796841811388731
4,559,139,2.007005214691162,0.00605037622153759,0.0030146290082484484,0.30146290082484484
4,560,140,1.721041202545166,0.003585894126445055,0.0020835609175264835,0.20835609175264835
4,561,140,2.0135624408721924,0.0019269343465566635,0.0009569777175784111,0.09569777175784111
4,562,140,2.043203592300415,0.0015809944598004222,0.0007737821433693171,0.0773782143369317
4,563,140,1.694828987121582,0.0009469519718550146,0.0005587300984188914,0.05587300984188914
4,564,141,1.8090170621871948,0.0006553429993800819,0.00036226469092071056,0.036226469092071056
4,565,141,1.820256233215332,0.003800041042268276,0.0020876408088952303,0.20876408088952303
4,566,141,1.701857089996338,0.001972668804228306,0.0011591272195801139,0.11591272195801139
4,567,141,1.778841257095337,0.0051065655425190926,0.0028707259334623814,0.28707259334623814
4,568,142,1.75397789478302,0.0014168110210448503,0.0008077701786532998,0.08077701786532998
4,569,142,1.336578130722046,0.0031662271358072758,0.002368905348703265,0.23689053487032652
4,570,142,1.4847674369812012,0.0017273691482841969,0.0011633937247097492,0.11633937247097492
4,571,142,2.490325450897217,0.004328200127929449,0.0017380057834088802,0.17380057834088802
4,572,143,2.1954023838043213,0.0013293541269376874,0.0006055172998458147,0.06055172998458147
4,573,143,2.9245777130126953,0.0012895608088001609,0.00044093915494158864,0.044093915494158864
4,574,143,1.4263681173324585,0.0016672186320647597,0.0011688558151945472,0.11688558151945472
4,575,143,2.609471082687378,0.0013787708012387156,0.0005283717764541507,0.05283717764541507
4,576,144,1.4792855978012085,0.001249833614565432,0.0008448900189250708,0.08448900189250708
4,577,144,1.353906512260437,0.0005437186337076128,0.00040159246418625116,0.040159246418625116
4,578,144,2.3045308589935303,0.0012429943308234215,0.0005393697647377849,0.053936976473778486
4,579,144,2.5893542766571045,0.0022066098172217607,0.0008521853596903384,0.08521853596903384
4,580,145,1.8002278804779053,0.0015467092161998153,0.0008591741207055748,0.08591741207055748
4,581,145,2.045865535736084,0.0017238868167623878,0.0008426198037341237,0.08426198037341237
4,582,145,1.5761561393737793,0.004971982911229134,0.003154498990625143,0.3154498990625143
4,583,145,1.9780710935592651,0.0021181011106818914,0.001070791156962514,0.10707911569625139
4,584,146,1.5116679668426514,0.0016776067204773426,0.0011097720125690103,0.11097720125690103
4,585,146,2.0003340244293213,0.0056044599041342735,0.0028017619624733925,0.28017619624733925
4,586,146,2.1752254962921143,0.0018228910630568862,0.00083802395965904,0.083802395965904
4,587,146,2.242292642593384,0.006021649576723576,0.002685487736016512,0.2685487736016512
4,588,147,1.6591776609420776,0.0006407006876543164,0.00038615555968135595,0.038615555968135595
4,589,147,1.3680047988891602,0.0014457623474299908,0.0010568400612100959,0.10568400612100959
4,590,147,1.9736037254333496,0.002297785598784685,0.0011642588069662452,0.11642588069662452
4,591,147,2.0326738357543945,0.003212553448975086,0.0015804569702595472,0.15804569702595472
4,592,148,2.0343358516693115,0.0009781800908967853,0.0004808350931853056,0.04808350931853056
4,593,148,1.9638712406158447,0.0006707292632199824,0.00034153423621319234,0.034153423621319234
4,594,148,1.6216540336608887,0.0008617924759164453,0.0005314280861057341,0.05314280861057341
4,595,148,1.4953725337982178,0.00035086768912151456,0.0002346356341149658,0.02346356341149658
4,596,149,1.7081438302993774,0.0016565961996093392,0.000969822402112186,0.0969822402112186
4,597,149,1.7136154174804688,0.001898554852232337,0.0011079235700890422,0.11079235700890422
4,598,149,1.6884493827819824,0.002958666067570448,0.0017522977432236075,0.17522977432236075
4,599,149,2.249329090118408,0.003211755771189928,0.0014278728049248457,0.14278728049248457
4,600,150,2.2682723999023438,0.0075279963202774525,0.003318823641166091,0.3318823641166091
4,601,150,1.745796799659729,0.0029841861687600613,0.0017093548085540533,0.17093548085540533
4,602,150,2.2827277183532715,0.006149808876216412,0.002694061491638422,0.2694061491638422
4,603,150,1.2854082584381104,0.0016630691243335605,0.0012938061263412237,0.12938061263412237
4,604,151,3.632711410522461,0.00227177981287241,0.0006253675674088299,0.06253675674088299
4,605,151,1.7666500806808472,0.0006905213231220841,0.0003908647922798991,0.03908647922798991
4,606,151,2.507598400115967,0.0014114808291196823,0.0005628815270029008,0.056288152700290084
4,607,151,1.192044734954834,0.0021215942688286304,0.0017797942273318768,0.17797942273318768
4,608,152,4.282418727874756,0.008152144961059093,0.0019036310259252787,0.19036310259252787
4,609,152,1.2535831928253174,0.006098110694438219,0.00486454414203763,0.486454414203763
4,610,152,1.7711613178253174,0.003120663110166788,0.0017619305290281773,0.17619305290281773
4,611,152,1.9607300758361816,0.00044173834612593055,0.00022529279522132128,0.02252927952213213
4,612,153,1.7400286197662354,0.00929341185837984,0.005340953357517719,0.5340953357517719
4,613,153,2.0785140991210938,0.006290398072451353,0.0030263918451964855,0.30263918451964855
4,614,153,2.6198863983154297,0.006536827422678471,0.002495080465450883,0.2495080465450883
4,615,153,1.588532567024231,0.010540592484176159,0.006635427474975586,0.6635427474975586
4,616,154,1.683989405632019,0.002168457256630063,0.0012876905966550112,0.12876905966550112
4,617,154,2.221909761428833,0.003169751027598977,0.001426588511094451,0.1426588511094451
4,618,154,2.136859178543091,0.001190956449136138,0.0005573396920226514,0.05573396920226514
4,619,154,1.8122045993804932,0.0026900144293904305,0.0014843877870589495,0.14843877870589495
4,620,155,2.115993022918701,0.0022337231785058975,0.0010556383058428764,0.10556383058428764
4,621,155,1.7132258415222168,0.003021968761458993,0.001763905631378293,0.1763905631378293
4,622,155,1.5181334018707275,0.00040595009340904653,0.00026740081375464797,0.026740081375464797
4,623,155,1.7279021739959717,0.001225259038619697,0.0007091020816005766,0.07091020816005766
4,624,156,1.3839279413223267,0.0006721338140778244,0.0004856711020693183,0.04856711020693183
4,625,156,1.8942592144012451,0.0006627874681726098,0.000349892710801214,0.0349892710801214
4,626,156,1.4273300170898438,0.0005800780490972102,0.0004064078093506396,0.04064078093506396
4,627,156,1.952184796333313,0.0005838564829900861,0.00029907849966548383,0.029907849966548383
4,628,157,1.662744164466858,0.0002500572591088712,0.0001503882958786562,0.01503882958786562
4,629,157,1.5053645372390747,0.0001321764284512028,8.780360076343641e-05,0.00878036007634364
4,630,157,1.2915865182876587,0.00042487570317462087,0.00032895643380470574,0.032895643380470574
4,631,157,1.7360750436782837,0.0005123501759953797,0.00029511982575058937,0.029511982575058937
4,632,158,1.7782106399536133,0.0007027187966741621,0.00039518310222774744,0.039518310222774744
4,633,158,1.245773434638977,6.20017308392562e-05,4.976966738468036e-05,0.004976966738468036
4,634,158,1.7247225046157837,0.0016762129962444305,0.0009718740475364029,0.0971874047536403
4,635,158,1.4376599788665771,0.0017783914227038622,0.0012370041804388165,0.12370041804388165
4,636,159,1.9057142734527588,0.0010750849032774568,0.0005641375319100916,0.056413753191009164
4,637,159,1.5267918109893799,0.0026566553860902786,0.001740024657920003,0.1740024657920003
4,638,159,1.4402613639831543,0.0023498828522861004,0.0016315669054165483,0.16315669054165483
4,639,159,1.8278628587722778,0.0030781917739659548,0.0016840386670082808,0.16840386670082808
4,640,160,1.5917370319366455,0.0016088195843622088,0.001010732026770711,0.1010732026770711
4,641,160,1.5756222009658813,7.731884397799149e-05,4.907194306724705e-05,0.004907194306724705
4,642,160,1.9693526029586792,0.0005836433847434819,0.0002963630831800401,0.029636308318004012
4,643,160,2.554915428161621,0.0012476720148697495,0.00048834178596735,0.048834178596735
4,644,161,1.864578366279602,0.002826953073963523,0.001516135293059051,0.1516135293059051
4,645,161,1.262515664100647,0.0005489333998411894,0.00043479332816787064,0.043479332816787064
4,646,161,2.629624366760254,0.0028141315560787916,0.001070164842531085,0.1070164842531085
4,647,161,2.4050469398498535,0.0003300461685284972,0.0001372306578559801,0.01372306578559801
4,648,162,2.3915066719055176,0.0009403029689565301,0.00039318433846347034,0.039318433846347034
4,649,162,1.3936982154846191,0.0013602133840322495,0.0009759741369634867,0.09759741369634867
4,650,162,1.2903081178665161,0.0016937712207436562,0.0013126874109730124,0.13126874109730124
4,651,162,1.6697204113006592,0.0021482734009623528,0.0012866066535934806,0.12866066535934806
4,652,163,2.0610132217407227,0.003454478457570076,0.0016761069418862462,0.16761069418862462
4,653,163,1.4000099897384644,0.003842465113848448,0.002744598314166069,0.2744598314166069
4,654,163,2.2221803665161133,0.000474482134450227,0.00021352097974158823,0.021352097974158823
4,655,163,1.8130364418029785,0.0006724491249769926,0.0003708966542035341,0.03708966542035341
4,656,164,1.9843037128448486,0.002852426376193762,0.0014374948805198073,0.14374948805198073
4,657,164,1.6586155891418457,0.0010426111984997988,0.0006286032730713487,0.06286032730713487
4,658,164,1.6720781326293945,0.003070951672270894,0.0018366078147664666,0.18366078147664666
4,659,164,1.7627372741699219,0.0015439045382663608,0.0008758563199080527,0.08758563199080527
4,660,165,1.4393699169158936,0.00041390274418517947,0.000287558272248134,0.0287558272248134
4,661,165,1.520401954650879,0.0004216530069243163,0.0002773299638647586,0.02773299638647586
4,662,165,1.7865610122680664,0.002368275774642825,0.0013256059028208256,0.13256059028208256
4,663,165,1.607364296913147,0.0022366365883499384,0.0013914932496845722,0.13914932496845722
4,664,166,2.088883876800537,0.0013241359265521169,0.0006338963867165148,0.06338963867165148
4,665,166,2.1113805770874023,0.0005594786489382386,0.00026498237275518477,0.026498237275518477
4,666,166,2.591722011566162,0.0034794851671904325,0.0013425379293039441,0.1342537929303944
4,667,166,2.1823067665100098,0.002677577082067728,0.001226948108524084,0.12269481085240841
4,668,167,1.8446651697158813,0.0003830770147033036,0.00020766750094480813,0.020766750094480813
4,669,167,1.7380154132843018,0.002465522848069668,0.0014185851905494928,0.14185851905494928
4,670,167,2.088489055633545,0.0001086592092178762,5.20276662427932e-05,0.00520276662427932
4,671,167,2.406576156616211,0.0024907514452934265,0.0010349771473556757,0.10349771473556757
4,672,168,1.8087397813796997,0.0026591040659695864,0.0014701418112963438,0.14701418112963438
4,673,168,1.4092930555343628,0.0006476371781900525,0.00045954756205901504,0.045954756205901504
4,674,168,1.950390338897705,0.0018816934898495674,0.0009647778933867812,0.09647778933867812
4,675,168,1.726527214050293,0.0008806317928247154,0.0005100595881231129,0.05100595881231129
4,676,169,1.55973219871521,0.00045113739906810224,0.0002892402990255505,0.02892402990255505
4,677,169,1.5990724563598633,0.001473548123613,0.0009215017780661583,0.09215017780661583
4,678,169,1.0665514469146729,0.00024917113478295505,0.00023362317006103694,0.023362317006103694
4,679,169,1.7181141376495361,0.0017722228076308966,0.0010314930696040392,0.10314930696040392
4,680,170,1.7188031673431396,0.0011588714551180601,0.0006742316181771457,0.06742316181771457
4,681,170,2.1502127647399902,0.0022753120865672827,0.001058180001564324,0.10581800015643239
4,682,170,1.6976277828216553,0.002988566178828478,0.001760436687618494,0.1760436687618494
4,683,170,1.6820696592330933,0.00042238031164743006,0.0002511074999347329,0.02511074999347329
4,684,171,1.757027268409729,0.0030306000262498856,0.001724845147691667,0.1724845147691667
4,685,171,1.8583225011825562,0.00124806456733495,0.0006716081406921148,0.06716081406921148
4,686,171,1.5093845129013062,0.0021421066485345364,0.0014191921800374985,0.14191921800374985
4,687,171,1.9760606288909912,0.0042454698123037815,0.0021484512835741043,0.21484512835741043
4,688,172,1.4696718454360962,0.001286009093746543,0.0008750314591452479,0.0875031459145248
4,689,172,2.0347132682800293,0.0029035236220806837,0.0014269939856603742,0.14269939856603742
4,690,172,1.7711633443832397,0.0012235426111146808,0.0006908129435032606,0.06908129435032606
4,691,172,1.8187520503997803,0.0015945202903822064,0.0008767112158238888,0.08767112158238888
4,692,173,2.053762674331665,0.003584180260077119,0.0017451774328947067,0.17451774328947067
4,693,173,1.5052456855773926,0.0007006649975664914,0.00046548215323127806,0.046548215323127806
4,694,173,1.7627440690994263,0.004642920568585396,0.0026339164469391108,0.2633916446939111
4,695,173,1.9560080766677856,0.0016493774019181728,0.0008432365139015019,0.08432365139015019
4,696,174,1.6817501783370972,0.000797306012827903,0.0004740930162370205,0.04740930162370205
4,697,174,1.9673675298690796,0.0050429715774953365,0.0025633093900978565,0.25633093900978565
4,698,174,3.0953726768493652,0.004249614663422108,0.00137289275880903,0.137289275880903
4,699,174,1.2476751804351807,0.0021411196794360876,0.0017160874558612704,0.17160874558612704
4,700,175,1.7926673889160156,0.00012829911429435015,7.156883657444268e-05,0.0071568836574442685
4,701,175,1.9356220960617065,0.0007886616513133049,0.00040744608850218356,0.040744608850218356
4,702,175,1.7162989377975464,0.0007306661573238671,0.0004257219552528113,0.04257219552528113
4,703,175,1.4950470924377441,0.00011457453365437686,7.663606811547652e-05,0.007663606811547652
4,704,176,1.531626582145691,0.0003635348693933338,0.00023735215654596686,0.023735215654596686
4,705,176,1.5527523756027222,0.0013472092105075717,0.0008676265715621412,0.08676265715621412
4,706,176,1.8066250085830688,0.0013608033768832684,0.0007532295421697199,0.075322954216972
4,707,176,1.9833792448043823,0.0023139328695833683,0.0011666618520393968,0.11666618520393968
4,708,177,1.2256247997283936,0.001224247389473021,0.000998876173980534,0.09988761739805341
4,709,177,1.9268789291381836,0.0006544836214743555,0.0003396599495317787,0.03396599495317787
4,710,177,1.62239670753479,0.0004728535423055291,0.000291453703539446,0.0291453703539446
4,711,177,2.1191790103912354,0.0008224289631471038,0.0003880884905811399,0.03880884905811399
4,712,178,2.2113089561462402,0.002686070278286934,0.001214696909300983,0.1214696909300983
4,713,178,1.366640567779541,0.00016263354336842895,0.0001190024267998524,0.01190024267998524
4,714,178,1.5633728504180908,0.002993738278746605,0.0019149227300658822,0.19149227300658822
4,715,178,1.3907564878463745,0.0001756901474436745,0.00012632703874260187,0.012632703874260187
4,716,179,1.861756443977356,0.0013630969915539026,0.0007321564480662346,0.07321564480662346
4,717,179,1.5097062587738037,0.002279148204252124,0.0015096632996574044,0.15096632996574044
4,718,179,2.1473770141601562,0.0024084311444312334,0.0011215688427910209,0.11215688427910209
4,719,179,1.9059937000274658,0.0013071642024442554,0.0006858176784589887,0.06858176784589887
4,720,180,2.0479679107666016,0.002092957030981779,0.0010219677351415157,0.10219677351415157
4,721,180,1.6063369512557983,0.0009418361587449908,0.0005863254191353917,0.05863254191353917
4,722,180,1.5780119895935059,0.0013988660648465157,0.0008864736882969737,0.08864736882969737
4,723,180,1.9010505676269531,0.0027071223594248295,0.0014240138698369265,0.14240138698369265
4,724,181,1.4813556671142578,0.001585395191796124,0.0010702325962483883,0.10702325962483883
4,725,181,2.0281665325164795,0.0072087799198925495,0.003554333234205842,0.3554333234205842
4,726,181,2.814645290374756,0.009432608261704445,0.0033512599766254425,0.33512599766254425
4,727,181,1.7711800336837769,0.0011115609668195248,0.0006275821360759437,0.06275821360759437
4,728,182,1.8945693969726562,0.001166919944807887,0.0006159288459457457,0.06159288459457457
4,729,182,2.2252585887908936,0.0017687997315078974,0.0007948738057166338,0.07948738057166338
4,730,182,1.6196461915969849,0.0006031550001353025,0.0003723992267623544,0.03723992267623544
4,731,182,1.3697744607925415,0.0025716121308505535,0.0018773982301354408,0.18773982301354408
4,732,183,2.484644889831543,0.0016064344672486186,0.0006465449114330113,0.06465449114330113
4,733,183,1.7979316711425781,0.004636787343770266,0.0025789563078433275,0.25789563078433275
4,734,183,1.369551420211792,0.0018642876530066133,0.0013612395850941539,0.1361239585094154
4,735,183,1.4660940170288086,0.00465616537258029,0.0031758982222527266,0.31758982222527266
4,736,184,1.5238434076309204,0.001451894175261259,0.000952784379478544,0.0952784379478544
4,737,184,1.5067168474197388,0.0007790485396981239,0.0005170503864064813,0.05170503864064813
4,738,184,1.6077691316604614,0.0008003129623830318,0.0004977785283699632,0.04977785283699632
4,739,184,1.8925859928131104,0.0026775049045681953,0.0014147335896268487,0.14147335896268487
4,740,185,1.2489389181137085,0.0024240806233137846,0.00194091210141778,0.194091210141778
4,741,185,1.515822410583496,0.0014881137758493423,0.0009817203972488642,0.09817203972488642
4,742,185,1.4272536039352417,0.000848652794957161,0.0005946054589003325,0.059460545890033245
4,743,185,1.580649733543396,0.0013508301926776767,0.0008546044118702412,0.08546044118702412
4,744,186,1.6182942390441895,0.000644721498247236,0.000398395728552714,0.0398395728552714
4,745,186,1.4869091510772705,0.0028921719640493393,0.0019450898980721831,0.1945089898072183
4,746,186,1.969179391860962,0.0020563413854688406,0.001044263131916523,0.1044263131916523
4,747,186,1.9437426328659058,0.0014924191636964679,0.0007678070105612278,0.07678070105612278
4,748,187,1.4901275634765625,0.00104501040186733,0.0007012892165221274,0.07012892165221274
4,749,187,1.3870033025741577,0.002227616496384144,0.001606064266525209,0.1606064266525209
4,750,187,1.8629834651947021,0.003089717822149396,0.0016584784025326371,0.1658478402532637
4,751,187,1.7908272743225098,0.0008126210886985064,0.0004537685599643737,0.04537685599643737
4,752,188,1.881537914276123,0.0010521314106881618,0.0005591869121417403,0.05591869121417403
4,753,188,1.7140017747879028,0.0023134122602641582,0.001349714002572,0.1349714002572
4,754,188,1.7672773599624634,0.003036359790712595,0.0017181002767756581,0.1718100276775658
4,755,188,2.0176165103912354,0.003529162146151066,0.0017491738544777036,0.17491738544777036
4,756,189,1.8998725414276123,0.0022156420163810253,0.001166205620393157,0.1166205620393157
4,757,189,1.4938215017318726,0.004397914744913578,0.002944069681689143,0.2944069681689143
4,758,189,1.4064016342163086,0.0007099476060830057,0.0005047972081229091,0.05047972081229091
4,759,189,1.641631007194519,0.0033031469210982323,0.0020121128764003515,0.20121128764003515
4,760,190,1.4271514415740967,0.0002373476600041613,0.00016630867321509868,0.016630867321509868
4,761,190,1.8251467943191528,0.0016416448634117842,0.0008994590607471764,0.08994590607471764
4,762,190,1.7388089895248413,0.00078378472244367,0.00045075954403728247,0.04507595440372825
4,763,190,1.7398262023925781,0.0019038000609725714,0.0010942472144961357,0.10942472144961357
4,764,191,1.6095874309539795,0.000681667064782232,0.00042350421426817775,0.042350421426817775
4,765,191,1.589491844177246,0.0002400352677796036,0.00015101383905857801,0.015101383905857801
4,766,191,1.7740023136138916,0.0022445744834840298,0.0012652601581066847,0.12652601581066847
4,767,191,1.7725938558578491,0.0017960212426260114,0.0010132164461538196,0.10132164461538196
4,768,192,2.2059178352355957,0.005221988540142775,0.002367263427004218,0.2367263427004218
4,769,192,1.624099612236023,0.002118752570822835,0.001304570585489273,0.1304570585489273
4,770,192,1.7983803749084473,0.002715816954150796,0.001510145957581699,0.1510145957581699
4,771,192,1.6125710010528564,0.0004777967114932835,0.00029629498021677136,0.029629498021677136
4,772,193,1.517305612564087,0.0022717355750501156,0.0014972168719395995,0.14972168719395995
4,773,193,1.781004548072815,0.0007140946108847857,0.0004009504627902061,0.04009504627902061
4,774,193,1.7309504747390747,0.002751000924035907,0.0015893008094280958,0.15893008094280958
4,775,193,1.7555598020553589,0.003193872980773449,0.001819290337152779,0.1819290337152779
4,776,194,2.5493345260620117,0.006244840566068888,0.0024495963007211685,0.24495963007211685
4,777,194,1.4404937028884888,0.001061545219272375,0.0007369315135292709,0.07369315135292709
4,778,194,1.7039155960083008,0.00869822595268488,0.005104845389723778,0.5104845389723778
4,779,194,1.6335200071334839,0.005196522455662489,0.0031811806838959455,0.31811806838959455
4,780,195,1.1686005592346191,0.0013008565874770284,0.0011131747160106897,0.11131747160106897
4,781,195,1.7779757976531982,0.001371836639009416,0.0007715721731074154,0.07715721731074154
4,782,195,1.4317115545272827,0.0005229937378317118,0.0003652926825452596,0.03652926825452596
4,783,195,1.655268907546997,0.0007022731006145477,0.0004242652503307909,0.04242652503307909
4,784,196,1.423488736152649,0.0013727303594350815,0.0009643422672525048,0.09643422672525048
4,785,196,1.6349602937698364,0.002156644593924284,0.001319080707617104,0.1319080707617104
4,786,196,2.439720392227173,0.0025206850841641426,0.0010331860976293683,0.10331860976293683
4,787,196,1.487013578414917,0.0017531879711896181,0.0011789993150159717,0.11789993150159717
4,788,197,1.5668751001358032,0.00035827874671667814,0.00022865814389660954,0.022865814389660954
4,789,197,1.4052386283874512,0.0014558557886630297,0.0010360203450545669,0.10360203450545669
4,790,197,2.142742872238159,0.0009010682697407901,0.0004205209552310407,0.04205209552310407
4,791,197,1.8842542171478271,0.001021988457068801,0.0005423835245892406,0.054238352458924055
4,792,198,1.5811834335327148,0.0013545668916776776,0.0008566791657358408,0.08566791657358408
4,793,198,1.6036771535873413,0.0033774978946894407,0.0021060958970338106,0.21060958970338106
4,794,198,2.0853939056396484,0.0018028075573965907,0.0008644925546832383,0.08644925546832383
4,795,198,2.2290825843811035,0.003312025684863329,0.0014858245849609375,0.14858245849609375
4,796,199,1.962080717086792,0.0030873091891407967,0.0015734873013570905,0.15734873013570905
4,797,199,1.6644036769866943,0.0007573775365017354,0.00045504438458010554,0.045504438458010554
4,798,199,2.6196348667144775,0.001889917068183422,0.0007214429206214845,0.07214429206214845
4,799,199,1.633988618850708,0.004312652163207531,0.0026393404696136713,0.26393404696136713
4,800,200,3.2339155673980713,0.0011201000306755304,0.0003463603206910193,0.03463603206910193
4,801,200,1.3955250978469849,0.0007894206792116165,0.0005656800349242985,0.05656800349242985
4,802,200,1.4935731887817383,0.001016460475511849,0.0006805561715736985,0.06805561715736985
4,803,200,1.9500616788864136,0.000977387884631753,0.0005012087058275938,0.05012087058275938
4,804,201,1.2788474559783936,0.00018656477914191782,0.00014588508929591626,0.014588508929591626
4,805,201,1.9422414302825928,0.001132661709561944,0.0005831724847666919,0.05831724847666919
4,806,201,2.337705135345459,0.0013335163239389658,0.0005704382201656699,0.05704382201656699
4,807,201,1.7664873600006104,0.0009940355084836483,0.0005627187201753259,0.05627187201753259
4,808,202,1.4167308807373047,0.0035076241474598646,0.0024758577346801758,0.24758577346801758
4,809,202,2.211845874786377,0.0021678584162145853,0.000980112818069756,0.0980112818069756
4,810,202,1.420213222503662,0.0047287424094974995,0.003329600440338254,0.3329600440338254
4,811,202,1.2304482460021973,0.0004003760404884815,0.00032539039966650307,0.03253903996665031
4,812,203,1.5518227815628052,0.0009656836045905948,0.0006222898955456913,0.062228989554569125
4,813,203,1.2023334503173828,0.0009909766959026456,0.0008242112235166132,0.08242112235166132
4,814,203,1.9997113943099976,0.00012525293277576566,6.263550312723964e-05,0.0062635503127239645
4,815,203,2.2927045822143555,0.00010952807497233152,4.777243157150224e-05,0.004777243157150224
4,816,204,1.7946146726608276,0.005561887752264738,0.0030992100946605206,0.30992100946605206
4,817,204,1.3371081352233887,0.0032617647666484118,0.0024394174106419086,0.24394174106419086
4,818,204,2.8376142978668213,0.00817145872861147,0.0028796931728720665,0.28796931728720665
4,819,204,1.9240646362304688,0.0029544243589043617,0.0015355120413005352,0.15355120413005352
4,820,205,1.7507003545761108,0.0016521674115210772,0.0009437180124223232,0.09437180124223232
4,821,205,1.5981380939483643,0.0011136764660477638,0.0006968587404116988,0.06968587404116988
4,822,205,1.4003194570541382,0.0010247339960187674,0.0007317858980968595,0.07317858980968595
4,823,205,1.5171103477478027,0.0019018144812434912,0.0012535769492387772,0.12535769492387772
4,824,206,1.1807149648666382,0.0016082795336842537,0.001362123410217464,0.1362123410217464
4,825,206,1.5496704578399658,0.0010714466916397214,0.0006914029363542795,0.06914029363542795
4,826,206,2.3206844329833984,0.00010312237282050774,4.443619036464952e-05,0.004443619036464952
4,827,206,2.1887285709381104,0.0025774308014661074,0.0011775926686823368,0.11775926686823368
4,828,207,1.5498915910720825,0.0036028295289725065,0.0023245688062161207,0.23245688062161207
4,829,207,1.7754106521606445,0.0047094314359128475,0.0026525871362537146,0.26525871362537146
4,830,207,1.6484887599945068,0.004460110329091549,0.0027055751997977495,0.27055751997977495
4,831,207,1.7473419904708862,0.002134850947186351,0.0012217705370858312,0.12217705370858312
4,832,208,2.8257007598876953,0.001314143417403102,0.000465068151243031,0.0465068151243031
4,833,208,1.299254059791565,0.0014158415142446756,0.001089734141714871,0.10897341417148709
4,834,208,1.9158151149749756,0.0015451988438144326,0.0008065490401349962,0.08065490401349962
4,835,208,1.6503928899765015,0.0013916768366470933,0.0008432397153228521,0.08432397153228521
4,836,209,1.4427000284194946,0.001599690061993897,0.0011088168248534203,0.11088168248534203
4,837,209,1.809327244758606,0.001085155177861452,0.0005997561966069043,0.05997561966069043
4,838,209,2.00528621673584,0.0013820105232298374,0.0006891836528666317,0.06891836528666317
4,839,209,1.9753471612930298,0.0014423415996134281,0.0007301712175831199,0.07301712175831199
4,840,210,1.510655164718628,0.0011354783782735467,0.0007516462937928736,0.07516462937928736
4,841,210,1.3607512712478638,0.0031930184923112392,0.0023465114645659924,0.23465114645659924
4,842,210,1.5844123363494873,0.00029543149867095053,0.000186461242265068,0.0186461242265068
4,843,210,1.3277217149734497,0.0020701829344034195,0.0015591994160786271,0.1559199416078627
4,844,211,1.5504260063171387,0.0003217488992959261,0.00020752289856318384,0.020752289856318384
4,845,211,1.9421484470367432,0.0014713779091835022,0.000757603207603097,0.0757603207603097
4,846,211,1.7785418033599854,0.0005405984120443463,0.0003039559815078974,0.030395598150789738
4,847,211,1.6891534328460693,0.0018364607822149992,0.0010872078128159046,0.10872078128159046
4,848,212,1.4431027173995972,0.001910709310323,0.0013240285916253924,0.13240285916253924
4,849,212,2.014828681945801,0.0031613288447260857,0.0015690310392528772,0.15690310392528772
4,850,212,2.7203726768493652,0.0023835403844714165,0.0008761815843172371,0.08761815843172371
4,851,212,2.0867061614990234,0.002887748647481203,0.001383878872729838,0.1383878872729838
4,852,213,1.409353256225586,0.0006092723342590034,0.0004323063185438514,0.04323063185438514
4,853,213,1.5514061450958252,0.0018238534685224295,0.0011756131425499916,0.11756131425499916
4,854,213,1.6980130672454834,0.002794380532577634,0.0016456766752526164,0.16456766752526164
4,855,213,1.4338958263397217,0.0017507405718788505,0.0012209677370265126,0.12209677370265126
4,856,214,1.8952685594558716,0.0019576724153012037,0.0010329261422157288,0.10329261422157288
4,857,214,1.6852763891220093,0.0009827447356656194,0.0005831356393173337,0.05831356393173337
4,858,214,2.0287139415740967,0.0026101176626980305,0.0012865873286500573,0.12865873286500573
4,859,214,1.9906188249588013,0.0033388216979801655,0.0016772783128544688,0.16772783128544688
4,860,215,3.267070770263672,0.0013671532506123185,0.0004184645367786288,0.04184645367786288
4,861,215,1.5267025232315063,0.0004269499913789332,0.00027965501067228615,0.027965501067228615
4,862,215,1.6496046781539917,0.0011619310826063156,0.0007043693913146853,0.07043693913146853
4,863,215,1.6162562370300293,0.00015546835493296385,9.619041520636529e-05,0.009619041520636529
4,864,216,1.3631483316421509,0.0028768214397132397,0.0021104244515299797,0.21104244515299797
4,865,216,2.065516233444214,0.0013375867856666446,0.0006475799018517137,0.06475799018517137
4,866,216,1.7692291736602783,0.0027235886082053185,0.00153942103497684,0.153942103497684
4,867,216,2.094566583633423,0.00071486592059955,0.00034129538107663393,0.03412953810766339
4,868,217,2.0494298934936523,0.0014504707651212811,0.0007077435147948563,0.07077435147948563
4,869,217,1.8709447383880615,0.011082314886152744,0.005923379212617874,0.5923379212617874
4,870,217,1.9068087339401245,0.0033390303142368793,0.0017511091427877545,0.17511091427877545
4,871,217,1.93728506565094,0.0096273897215724,0.004969526547938585,0.49695265479385853
4,872,218,1.2077593803405762,0.0002040907711489126,0.00016898298054002225,0.016898298054002225
4,873,218,1.6919972896575928,0.0015493419487029314,0.0009156881715171039,0.09156881715171039
4,874,218,1.5030182600021362,0.0011828771093860269,0.0007870011613704264,0.07870011613704264
4,875,218,1.818747639656067,0.00032867371919564903,0.00018071431259159,0.018071431259159
4,876,219,1.8126451969146729,0.002466195961460471,0.0013605508720502257,0.13605508720502257
4,877,219,1.4292445182800293,0.0016617105575278401,0.0011626495979726315,0.11626495979726315
4,878,219,1.2743556499481201,0.001696216524578631,0.0013310385402292013,0.13310385402292013
4,879,219,1.5544594526290894,0.0023471724707633257,0.0015099605079740286,0.15099605079740286
4,880,220,1.1895842552185059,0.00024195213336497545,0.0002033921773545444,0.02033921773545444
4,881,220,1.2803176641464233,0.0009698524372652173,0.0007575092022307217,0.07575092022307217
4,882,220,1.741697072982788,0.00021672670845873654,0.00012443421292118728,0.012443421292118728
4,883,220,1.7650223970413208,0.0009435295360162854,0.000534570834133774,0.053457083413377404
4,884,221,1.2735226154327393,0.00106346036773175,0.000835054146591574,0.0835054146591574
4,885,221,1.6960225105285645,0.0010704279411584139,0.0006311401957646012,0.06311401957646012
4,886,221,1.7324459552764893,0.0007071099244058132,0.00040815697866491973,0.04081569786649197
4,887,221,1.7762490510940552,0.0005624508485198021,0.0003166508977301419,0.03166508977301419
4,888,222,1.6624977588653564,0.0035154204815626144,0.002114541595801711,0.2114541595801711
4,889,222,1.2483385801315308,0.002087471541017294,0.0016721998108550906,0.16721998108550906
4,890,222,1.2514760494232178,0.0008170626242645085,0.0006528791273012757,0.06528791273012757
4,891,222,1.524966835975647,0.0009763106354512274,0.0006402176222763956,0.06402176222763956
4,892,223,1.820194959640503,0.006376308389008045,0.0035030909348279238,0.3503090934827924
4,893,223,1.7323009967803955,0.006826520897448063,0.003940724302083254,0.3940724302083254
4,894,223,1.7989931106567383,0.0030800821259617805,0.0017121144337579608,0.17121144337579608
4,895,223,2.0542502403259277,0.003089394187554717,0.001503903535194695,0.1503903535194695
4,896,224,2.1317806243896484,0.0012673664605244994,0.0005945107550360262,0.059451075503602624
4,897,224,1.476427435874939,0.0010679481783881783,0.0007233326323330402,0.07233326323330402
4,898,224,1.2926418781280518,0.0003692661121021956,0.00028566777473315597,0.028566777473315597
4,899,224,1.6982312202453613,0.00046505671343766153,0.0002738476905506104,0.027384769055061042
4,900,225,1.6045327186584473,0.0013821294996887445,0.0008613906684331596,0.08613906684331596
4,901,225,1.4951103925704956,0.00042989818030036986,0.00028753606602549553,0.028753606602549553
4,902,225,1.4183878898620605,0.0023682164028286934,0.001669653574936092,0.1669653574936092
4,903,225,1.4772621393203735,0.0031262903939932585,0.0021162733901292086,0.21162733901292086
4,904,226,2.528583526611328,0.00013816206774208695,5.4640106100123376e-05,0.0054640106100123376
4,905,226,1.3505481481552124,0.0012174875009804964,0.0009014765382744372,0.09014765382744372
4,906,226,1.7473068237304688,0.0010624976130202413,0.000608077272772789,0.0608077272772789
4,907,226,1.342940092086792,0.0008133541559800506,0.0006056518759578466,0.060565187595784664
4,908,227,2.4865686893463135,0.0018096339190378785,0.0007277635158970952,0.07277635158970952
4,909,227,1.4173773527145386,0.000836607301607728,0.000590250245295465,0.0590250245295465
4,910,227,1.5855567455291748,0.0018774736672639847,0.001184110064059496,0.11841100640594959
4,911,227,1.4921873807907104,0.0011635287664830685,0.0007797470898367465,0.07797470898367465
4,912,228,1.6944080591201782,0.0014812883455306292,0.0008742217323742807,0.08742217323742807
4,913,228,1.5181243419647217,0.0004806404758710414,0.0003166015085298568,0.03166015085298568
4,914,228,1.5186986923217773,0.0011659362353384495,0.0007677205721847713,0.07677205721847713
4,915,228,1.4850544929504395,0.0013978991191834211,0.0009413116495124996,0.09413116495124996
4,916,229,1.3916873931884766,0.00028958835173398256,0.0002080843405565247,0.02080843405565247
4,917,229,1.5227627754211426,0.0028471164405345917,0.0018697045743465424,0.18697045743465424
4,918,229,2.5032057762145996,0.0002791662700474262,0.00011152349907206371,0.011152349907206371
4,919,229,1.354733943939209,0.0028957047034054995,0.0021374712232500315,0.21374712232500315
4,920,230,1.8952099084854126,0.0031066820956766605,0.0016392285469919443,0.16392285469919443
4,921,230,1.3821251392364502,0.0008310112752951682,0.0006012561498209834,0.06012561498209834
4,922,230,1.858422875404358,0.0010421730112284422,0.0005607835482805967,0.05607835482805967
4,923,230,1.7050539255142212,0.0029846515972167253,0.0017504733987152576,0.17504733987152576
4,924,231,2.6576952934265137,0.0021624991204589605,0.0008136745891533792,0.08136745891533792
4,925,231,1.7983732223510742,0.0009711604216136038,0.0005400216323323548,0.05400216323323548
4,926,231,1.627949595451355,0.0012345737777650356,0.0007583611877635121,0.07583611877635121
4,927,231,1.7257425785064697,0.0016982568195089698,0.0009840730344876647,0.09840730344876647
4,928,232,1.9130630493164062,0.0013571111485362053,0.000709391781128943,0.0709391781128943
4,929,232,1.8572142124176025,0.00019570298900362104,0.0001053744854289107,0.01053744854289107
4,930,232,1.5603077411651611,0.0022836674470454454,0.001463600667193532,0.1463600667193532
4,931,232,1.4754960536956787,0.0015031491639092565,0.0010187415173277259,0.10187415173277259
4,932,233,1.948256015777588,0.004157613962888718,0.0021340183448046446,0.21340183448046446
4,933,233,1.6977593898773193,0.004106192383915186,0.0024185949005186558,0.24185949005186558
4,934,233,1.4013279676437378,0.004014587961137295,0.0028648453298956156,0.28648453298956156
4,935,233,2.0471482276916504,0.003337905742228031,0.00163051497656852,0.163051497656852
4,936,234,1.563920497894287,0.00034971412969753146,0.00022361375158652663,0.022361375158652663
4,937,234,1.496618628501892,0.001306370017118752,0.0008728810353204608,0.08728810353204608
4,938,234,1.813334345817566,0.0012870903592556715,0.0007097920752130449,0.07097920752130449
4,939,234,1.6046864986419678,0.0004303271707613021,0.00026816900935955346,0.026816900935955346
4,940,235,2.146874189376831,0.0024270685389637947,0.0011305126827210188,0.11305126827210188
4,941,235,1.7784918546676636,0.0006585102528333664,0.0003702632966451347,0.03702632966451347
4,942,235,1.5446653366088867,0.00137765659019351,0.0008918803068809211,0.08918803068809211
4,943,235,1.6065919399261475,0.0026149845216423273,0.0016276594251394272,0.16276594251394272
4,944,236,2.7752068042755127,0.0035968534648418427,0.001296066795475781,0.1296066795475781
4,945,236,1.8785178661346436,0.003575926413759589,0.0019035892328247428,0.19035892328247428
4,946,236,1.9447399377822876,0.006716229021549225,0.0034535357262939215,0.34535357262939215
4,947,236,1.581977367401123,0.0021858462132513523,0.0013817177386954427,0.13817177386954427
4,948,237,1.6517058610916138,0.0009212322765961289,0.0005577459814958274,0.055774598149582744
4,949,237,1.3352816104888916,0.004154345020651817,0.003111212747171521,0.3111212747171521
4,950,237,2.2206671237945557,0.0013250852935016155,0.0005967059405520558,0.059670594055205584
4,951,237,2.3641388416290283,0.0023875113110989332,0.0010098862694576383,0.10098862694576383
4,952,238,2.340837001800537,0.0006618602783419192,0.0002827451389748603,0.02827451389748603
4,953,238,1.720121145248413,0.0031318492256104946,0.0018207143293693662,0.18207143293693662
4,954,238,2.171722650527954,0.001451687654480338,0.000668449851218611,0.0668449851218611
4,955,238,1.778183937072754,0.0023304037749767303,0.001310552703216672,0.1310552703216672
4,956,239,1.2961968183517456,0.00035751122049987316,0.00027581554604694247,0.027581554604694247
4,957,239,1.423699140548706,0.001938418485224247,0.0013615365605801344,0.13615365605801344
4,958,239,1.6159244775772095,0.0036691478453576565,0.0022706184536218643,0.22706184536218643
4,959,239,1.7268333435058594,0.005045272409915924,0.0029216904658824205,0.29216904658824205
4,960,240,1.2854923009872437,0.0002383824612479657,0.0001854406000347808,0.01854406000347808
4,961,240,1.3086788654327393,0.0004956581396982074,0.00037874694680795074,0.037874694680795074
4,962,240,1.3455140590667725,0.00046400108840316534,0.00034485041396692395,0.034485041396692395
4,963,240,1.6074681282043457,0.00021971821843180805,0.00013668589235749096,0.013668589235749096
4,964,241,1.6296961307525635,0.000672407157253474,0.00041259665158577263,0.04125966515857726
4,965,241,2.574509382247925,0.002768321428447962,0.001075281179510057,0.1075281179510057
4,966,241,1.9834017753601074,0.000863117165863514,0.0004351701063569635,0.04351701063569635
4,967,241,1.6763287782669067,0.002326787682250142,0.001388025819323957,0.1388025819323957
4,968,242,1.2531946897506714,0.00045948647311888635,0.00036665209336206317,0.03666520933620632
4,969,242,1.9259278774261475,0.00020731001859530807,0.00010764163016574457,0.010764163016574457
4,970,242,1.715511441230774,0.007745796348899603,0.004515152890235186,0.45151528902351856
4,971,242,1.641035795211792,0.007347341626882553,0.004477258771657944,0.4477258771657944
4,972,243,2.4849002361297607,0.0063461922109127045,0.0025539021007716656,0.25539021007716656
4,973,243,2.064592123031616,0.004657501820474863,0.0022558944765478373,0.22558944765478373
4,974,243,1.3649684190750122,0.0005470748874358833,0.0004007967363577336,0.04007967363577336
4,975,243,1.8455182313919067,0.0018079301808029413,0.0009796328376978636,0.09796328376978636
4,976,244,1.4255833625793457,0.0007902674260549247,0.0005543467123061419,0.055434671230614185
4,977,244,1.4183666706085205,0.0006588605465367436,0.0004645206208806485,0.04645206208806485
4,978,244,1.7720613479614258,0.0011712245177477598,0.0006609390256926417,0.06609390256926417
4,979,244,1.2189801931381226,0.0008243991178460419,0.0006763022975064814,0.06763022975064814
4,980,245,1.9545003175735474,0.0021708360873162746,0.0011106859892606735,0.11106859892606735
4,981,245,1.2921106815338135,0.00018131565593648702,0.00014032518083695322,0.014032518083695322
4,982,245,1.9427140951156616,0.000946303247474134,0.00048710370901972055,0.048710370901972055
4,983,245,1.6588842868804932,0.0019107856787741184,0.0011518498649820685,0.11518498649820685
4,984,246,1.7625449895858765,0.0012044721515849233,0.0006833710358478129,0.06833710358478129
4,985,246,1.5773625373840332,0.0003222991363145411,0.00020432788005564362,0.020432788005564362
4,986,246,1.9723083972930908,0.0009442198206670582,0.00047873842413537204,0.047873842413537204
4,987,246,1.3479065895080566,0.00046062181354500353,0.00034173126914538443,0.03417312691453844
4,988,247,1.1539278030395508,0.0011524915462359786,0.0009987553348764777,0.09987553348764777
4,989,247,2.066749334335327,0.0017142430879175663,0.0008294392609968781,0.08294392609968781
4,990,247,1.5468488931655884,0.002646104199811816,0.0017106416635215282,0.17106416635215282
4,991,247,1.966040849685669,0.001398642547428608,0.0007114005275070667,0.07114005275070667
4,992,248,1.7913366556167603,0.0030776881612837315,0.0017180958529934287,0.17180958529934287
4,993,248,1.8590983152389526,0.0009673657477833331,0.0005203413893468678,0.05203413893468678
4,994,248,1.2610355615615845,0.0002542565925978124,0.0002016252401517704,0.02016252401517704
4,995,248,1.665461540222168,0.0034597250632941723,0.002077337121590972,0.2077337121590972
4,996,249,1.563476324081421,0.0015428446931764483,0.0009868040215224028,0.09868040215224028
4,997,249,1.3115030527114868,0.002604762790724635,0.001986089861020446,0.19860898610204458
4,998,249,2.1803057193756104,0.003987844567745924,0.001829029992222786,0.1829029992222786
4,999,249,1.6477712392807007,0.0029326153453439474,0.0017797466134652495,0.17797466134652495
4,1000,250,1.5738714933395386,0.003843313083052635,0.00244194851256907,0.244194851256907
4,1001,250,1.4740159511566162,0.00023234146647155285,0.00015762480325065553,0.015762480325065553
4,1002,250,1.3408082723617554,0.0017827762058004737,0.0013296279357746243,0.13296279357746243
4,1003,250,1.6656955480575562,0.0028791981749236584,0.001728526083752513,0.1728526083752513
4,1004,251,1.5869749784469604,0.0066372728906571865,0.004182342439889908,0.4182342439889908
4,1005,251,1.604730248451233,0.0025012397672981024,0.0015586668159812689,0.1558666815981269
4,1006,251,1.822476863861084,0.004047478083521128,0.002220866736024618,0.22208667360246181
4,1007,251,1.4766572713851929,0.0006842073053121567,0.0004633487551473081,0.04633487551473081
4,1008,252,1.3185968399047852,0.005642108153551817,0.00427887262776494,0.427887262776494
4,1009,252,3.8310699462890625,0.00780089944601059,0.0020362194627523422,0.20362194627523422
4,1010,252,1.4882622957229614,0.001208100700750947,0.0008117525139823556,0.08117525139823556
4,1011,252,1.606874942779541,0.0028929519467055798,0.0018003591103479266,0.18003591103479266
4,1012,253,1.2377201318740845,0.0034173759631812572,0.002761024748906493,0.2761024748906493
4,1013,253,1.922346830368042,0.0015240416396409273,0.0007928026607260108,0.07928026607260108
4,1014,253,2.1966962814331055,0.001271208981052041,0.0005786912515759468,0.05786912515759468
4,1015,253,1.1345785856246948,0.001140949665568769,0.0010056153405457735,0.10056153405457735
4,1016,254,1.6763594150543213,0.001002363278530538,0.0005979405832476914,0.05979405832476914
4,1017,254,1.52872633934021,0.0007639767718501389,0.0004997472278773785,0.049974722787737846
4,1018,254,1.4594066143035889,0.00116235320456326,0.0007964560063555837,0.07964560063555837
4,1019,254,1.3572921752929688,0.0005799237405881286,0.0004272652149666101,0.04272652149666101
4,1020,255,1.6029746532440186,0.0012471132213249803,0.0007779993466101587,0.07779993466101587
4,1021,255,1.6645481586456299,0.0020046548452228308,0.001204323722049594,0.12043237220495939
4,1022,255,1.737078070640564,0.0003126803203485906,0.00018000361160375178,0.018000361160375178
4,1023,255,1.5020880699157715,0.0011071183253079653,0.0007370528765022755,0.07370528765022755
4,1024,256,1.7899647951126099,0.001956271007657051,0.0010929103009402752,0.10929103009402752
4,1025,256,1.2273601293563843,9.819059050641954e-05,8.000145317055285e-05,0.008000145317055285
4,1026,256,1.3643691539764404,0.0005968328332528472,0.0004374423297122121,0.04374423297122121
4,1027,256,1.316493272781372,0.001811111462302506,0.0013757088454440236,0.13757088454440236
4,1028,257,1.6190916299819946,0.0015820434782654047,0.0009771179175004363,0.09771179175004363
4,1029,257,1.4732588529586792,0.000756166351493448,0.0005132610094733536,0.05132610094733536
4,1030,257,1.4236605167388916,0.001175731886178255,0.0008258512825705111,0.08258512825705111
4,1031,257,1.8134260177612305,0.0011959628900513053,0.0006595046725124121,0.06595046725124121
4,1032,258,1.738539695739746,0.0003217017510905862,0.00018504135368857533,0.018504135368857533
4,1033,258,1.3110718727111816,0.0008540301932953298,0.000651398440822959,0.0651398440822959
4,1034,258,1.3660953044891357,0.00077983015216887,0.0005708460812456906,0.05708460812456906
4,1035,258,1.735317349433899,0.0012866141041740775,0.0007414286956191063,0.07414286956191063
4,1036,259,2.333524465560913,0.0020848538260906935,0.000893435615580529,0.0893435615580529
4,1037,259,1.4736559391021729,0.0021311852615326643,0.0014461891259998083,0.14461891259998083
4,1038,259,2.1444411277770996,0.0014921417459845543,0.0006958184530958533,0.06958184530958533
4,1039,259,1.7947715520858765,0.0027240102645009756,0.001517747645266354,0.1517747645266354
4,1040,260,1.879638910293579,0.0008428514702245593,0.0004484113887883723,0.04484113887883723
4,1041,260,2.123945713043213,0.0001590887550264597,7.490245479857549e-05,0.007490245479857549
4,1042,260,1.0737069845199585,0.0010871136328205466,0.001012486289255321,0.1012486289255321
4,1043,260,1.125216007232666,0.000134441172122024,0.0001194803262478672,0.01194803262478672
4,1044,261,1.1601498126983643,0.00320227537304163,0.002760225674137473,0.2760225674137473
4,1045,261,1.4160079956054688,0.0006265626288950443,0.0004424852377269417,0.04424852377269417
4,1046,261,1.6888519525527954,0.0007788394577801228,0.00046116503654047847,0.04611650365404785
4,1047,261,1.3012133836746216,0.002942149993032217,0.0022610819432884455,0.22610819432884455
4,1048,262,2.1881237030029297,0.0026667676866054535,0.001218746299855411,0.1218746299855411
4,1049,262,1.2673678398132324,0.0004998511867597699,0.0003944010240957141,0.03944010240957141
4,1050,262,1.290683627128601,0.0003712080651894212,0.0002876057696994394,0.02876057696994394
4,1051,262,1.2706713676452637,0.0025541367940604687,0.0020100686233490705,0.20100686233490705
4,1052,263,2.482865810394287,0.004481361247599125,0.00180491479113698,0.180491479113698
4,1053,263,1.63956880569458,0.003413181286305189,0.0020817555487155914,0.20817555487155914
4,1054,263,1.397507667541504,0.0007223683060146868,0.0005168975330889225,0.05168975330889225
4,1055,263,1.586120367050171,0.0020203092135488987,0.0012737426441162825,0.12737426441162825
4,1056,264,1.409290075302124,0.0009377197129651904,0.0006653844611719251,0.0665384461171925
4,1057,264,1.7022781372070312,0.00010091876174556091,5.928453174419701e-05,0.005928453174419701
4,1058,264,1.8633570671081543,0.0009156321757473052,0.0004913884913548827,0.04913884913548827
4,1059,264,1.2864327430725098,0.00029133277712389827,0.0002264656068291515,0.02264656068291515
4,1060,265,1.2862310409545898,0.0019346097251400352,0.001504091895185411,0.1504091895185411
4,1061,265,2.290005922317505,0.0001892640721052885,8.264784992206842e-05,0.008264784992206842
4,1062,265,1.4320943355560303,0.0018848689505830407,0.0013161625247448683,0.13161625247448683
4,1063,265,1.6290959119796753,7.964337419252843e-05,4.888808325631544e-05,0.004888808325631544
4,1064,266,1.3047634363174438,0.0021540778689086437,0.0016509336419403553,0.16509336419403553
4,1065,266,1.7021363973617554,0.0021362043917179108,0.0012550136307254434,0.12550136307254434
4,1066,266,2.1515920162200928,0.0006945929490029812,0.00032282742904499173,0.03228274290449917
4,1067,266,1.4916541576385498,0.0006647640839219093,0.00044565563439391553,0.04456556343939155
4,1068,267,2.1069717407226562,0.0006536176661029458,0.0003102166228927672,0.03102166228927672
4,1069,267,1.2347041368484497,0.0005791461444459856,0.0004690566274803132,0.04690566274803132
4,1070,267,1.356412649154663,0.0012874725507572293,0.0009491746895946562,0.09491746895946562
4,1071,267,2.0456862449645996,0.0008110866183415055,0.00039648631354793906,0.039648631354793906
4,1072,268,2.0377538204193115,0.004010012838989496,0.001967859221622348,0.19678592216223478
4,1073,268,1.7930002212524414,0.002310217125341296,0.0012884645257145166,0.12884645257145166
4,1074,268,1.1949292421340942,0.002262609777972102,0.0018935094121843576,0.18935094121843576
4,1075,268,1.981149435043335,0.0008494979119859636,0.00042879043030552566,0.042879043030552566
4,1076,269,2.479423999786377,0.0016821823082864285,0.0006784569122828543,0.06784569122828543
4,1077,269,2.0946693420410156,0.00232028984464705,0.0011077116942033172,0.11077116942033172
4,1078,269,2.5038623809814453,0.0015910423826426268,0.0006354352226480842,0.06354352226480842
4,1079,269,1.627216100692749,0.00266899517737329,0.00164022168610245,0.164022168610245
4,1080,270,1.4034051895141602,0.0020241625607013702,0.0014423222746700048,0.14423222746700048
4,1081,270,1.7262067794799805,0.0011435537599027157,0.0006624662782996893,0.06624662782996893
4,1082,270,1.3929797410964966,0.0026717425789684057,0.0019180052913725376,0.19180052913725376
4,1083,270,1.907362699508667,0.0007742915768176317,0.000405948783736676,0.0405948783736676
4,1084,271,1.6438038349151611,0.003980495035648346,0.0024215145967900753,0.24215145967900753
4,1085,271,1.3697013854980469,0.001980365253984928,0.0014458372024819255,0.14458372024819255
4,1086,271,2.008496046066284,0.00632517971098423,0.003149211872369051,0.3149211872369051
4,1087,271,1.5529123544692993,0.004354003816843033,0.0028037666343152523,0.28037666343152523
4,1088,272,1.6783527135849,0.0009377170936204493,0.0005587127525359392,0.05587127525359392
4,1089,272,1.6457270383834839,0.0017141250427812338,0.001041561015881598,0.1041561015881598
4,1090,272,1.4758694171905518,0.0011447420110926032,0.0007756390841677785,0.07756390841677785
4,1091,272,1.374090313911438,0.001740416046231985,0.0012665950926020741,0.12665950926020741
4,1092,273,2.151041269302368,0.001680091954767704,0.0007810598472133279,0.07810598472133279
4,1093,273,1.5935187339782715,0.0005318462499417365,0.0003337558882776648,0.03337558882776648
4,1094,273,2.0038888454437256,0.0008495431975461543,0.0004239472618792206,0.04239472618792206
4,1095,273,1.9270045757293701,0.0011086611775681376,0.0005753287696279585,0.057532876962795854
4,1096,274,1.2400577068328857,0.0002406295097898692,0.00019404702470637858,0.019404702470637858
4,1097,274,2.082486152648926,0.0003649580175988376,0.00017525111616123468,0.017525111616123468
4,1098,274,1.3446505069732666,0.00033398045343346894,0.0002483771531842649,0.02483771531842649
4,1099,274,1.4228618144989014,0.0002901297411881387,0.00020390577265061438,0.020390577265061438
4,1100,275,1.1639463901519775,0.0007217011880129576,0.000620046746917069,0.062004674691706896
4,1101,275,1.8300561904907227,8.354643068742007e-05,4.5652384869754314e-05,0.0045652384869754314
4,1102,275,1.4333341121673584,0.00024319876683875918,0.00016967346891760826,0.016967346891760826
4,1103,275,1.568946123123169,0.00044648925540968776,0.00028457908774726093,0.028457908774726093
4,1104,276,1.5542933940887451,0.0005866059800609946,0.00037741006235592067,0.03774100623559207
4,1105,276,1.770899772644043,0.0011193244718015194,0.0006320654065348208,0.06320654065348208
4,1106,276,1.5438158512115479,0.0004776121350005269,0.00030937118572182953,0.030937118572182953
4,1107,276,1.4264509677886963,0.0011136538814753294,0.0007807165384292603,0.07807165384292603
4,1108,277,1.3467601537704468,0.0005477836821228266,0.0004067418340127915,0.04067418340127915
4,1109,277,1.372897744178772,0.0016887690871953964,0.0012300764210522175,0.12300764210522175
4,1110,277,1.7190721035003662,0.0002476928639225662,0.00014408520655706525,0.014408520655706525
4,1111,277,1.2692197561264038,0.002281620167195797,0.0017976557137444615,0.17976557137444615
4,1112,278,1.6729713678359985,0.0005986545002087951,0.0003578390460461378,0.03578390460461378
4,1113,278,1.2196894884109497,0.0010001763002946973,0.0008200253359973431,0.0820025335997343
4,1114,278,1.4841645956039429,0.00017214352556038648,0.00011598681885516271,0.011598681885516271
4,1115,278,1.2625129222869873,0.0009448358905501664,0.0007483771769329906,0.07483771769329906
4,1116,279,2.0349576473236084,0.0016971444711089134,0.0008339949999935925,0.08339949999935925
4,1117,279,2.9988932609558105,0.008205769583582878,0.002736266003921628,0.2736266003921628
4,1118,279,2.1538445949554443,0.008147438056766987,0.0037827417254447937,0.37827417254447937
4,1119,279,1.1953604221343994,0.00020776910241693258,0.00017381293582729995,0.017381293582729995
4,1120,280,1.8881474733352661,0.00043174729216843843,0.00022866185463499278,0.022866185463499278
4,1121,280,1.83722984790802,0.0007220493862405419,0.00039300983189605176,0.039300983189605176
4,1122,280,1.9761079549789429,0.0031788689084351063,0.0016086514806374907,0.16086514806374907
4,1123,280,1.5562081336975098,0.0035123887937515974,0.00225701741874218,0.225701741874218
4,1124,281,1.510963797569275,0.0005247914232313633,0.0003473222895991057,0.03473222895991057
4,1125,281,1.7428953647613525,0.0009297261713072658,0.0005334377638064325,0.05334377638064325
4,1126,281,2.4390177726745605,0.005578920710831881,0.0022873636335134506,0.22873636335134506
4,1127,281,1.7890713214874268,0.0059853484854102135,0.0033455058000981808,0.3345505800098181
4,1128,282,1.4603978395462036,0.0015457123517990112,0.0010584186529740691,0.10584186529740691
4,1129,282,1.660004734992981,0.0006506195059046149,0.00039193834527395666,0.039193834527395666
4,1130,282,1.3701893091201782,0.0003855280810967088,0.0002813684695865959,0.02813684695865959
4,1131,282,1.9912302494049072,0.0018112031975761056,0.0009095900459215045,0.09095900459215045
4,1132,283,1.3621081113815308,0.001851977314800024,0.001359640504233539,0.1359640504233539
4,1133,283,1.8779280185699463,0.0034329474437981844,0.001828050590120256,0.1828050590120256
4,1134,283,1.4566081762313843,0.0009176036692224443,0.000629959162324667,0.0629959162324667
4,1135,283,1.6320970058441162,0.0032986814621835947,0.002021130872890353,0.20211308728903532
4,1136,284,1.4051179885864258,0.002967764623463154,0.002112110611051321,0.2112110611051321
4,1137,284,1.0768307447433472,0.0004154324415139854,0.0003857917618006468,0.03857917618006468
4,1138,284,1.9249191284179688,0.0014177290722727776,0.0007365135825239122,0.07365135825239122
4,1139,284,1.737872838973999,0.002528559882193804,0.0014549740590155125,0.14549740590155125
4,1140,285,1.4949694871902466,0.0011691394029185176,0.0007820490282028913,0.07820490282028913
4,1141,285,1.2385406494140625,0.0003291702887509018,0.0002657726872712374,0.026577268727123737
4,1142,285,1.151214361190796,0.003975737374275923,0.0034535161685198545,0.34535161685198545
4,1143,285,2.778035879135132,0.00426773726940155,0.001536242663860321,0.1536242663860321
4,1144,286,2.080742835998535,0.002211288083344698,0.0010627397568896413,0.10627397568896413
4,1145,286,1.4575811624526978,0.0012483291793614626,0.00085643888451159,0.085643888451159
4,1146,286,2.3701488971710205,0.002578841522336006,0.001088050426915288,0.1088050426915288
4,1147,286,1.8886919021606445,0.0018920388538390398,0.001001772121526301,0.10017721215263009
4,1148,287,3.00797176361084,0.0005877473158761859,0.0001953965547727421,0.01953965547727421
4,1149,287,1.4515588283538818,0.00041408458491787314,0.00028526890673674643,0.028526890673674643
4,1150,287,1.3071526288986206,0.0006291265599429607,0.0004812953993678093,0.04812953993678093
4,1151,287,1.9438180923461914,0.0009535066201351583,0.0004905328387394547,0.049053283873945475
4,1152,288,1.8279920816421509,0.0012698823120445013,0.0006946870125830173,0.06946870125830173
4,1153,288,2.38742733001709,0.0015829427866265178,0.000663032871671021,0.0663032871671021
4,1154,288,1.5806254148483276,0.0005028775776736438,0.00031815102556720376,0.031815102556720376
4,1155,288,1.0833666324615479,0.0002589320356491953,0.00023900684027466923,0.023900684027466923
4,1156,289,1.8855867385864258,0.00755202816799283,0.004005134105682373,0.4005134105682373
4,1157,289,1.942589521408081,0.005874627269804478,0.0030241217464208603,0.30241217464208603
4,1158,289,1.537807822227478,0.001667355070821941,0.0010842415504157543,0.10842415504157543
4,1159,289,1.9813753366470337,0.003247590968385339,0.0016390589298680425,0.16390589298680425
4,1160,290,1.6513046026229858,0.0005773083539679646,0.0003496074350550771,0.03496074350550771
4,1161,290,1.5908734798431396,0.0008104948210529983,0.0005094652879051864,0.05094652879051864
4,1162,290,1.6419597864151,0.0008906160946935415,0.0005424104165285826,0.05424104165285826
4,1163,290,1.5187156200408936,0.0021122093312442303,0.0013907866086810827,0.13907866086810827
4,1164,291,1.3823151588439941,0.003143224399536848,0.0022738841362297535,0.22738841362297535
4,1165,291,2.0779497623443604,0.003114053513854742,0.0014986182795837522,0.14986182795837522
4,1166,291,1.1764721870422363,0.0009258349891752005,0.0007869586697779596,0.07869586697779596
4,1167,291,2.1170451641082764,0.00043670315062627196,0.00020627956837415695,0.020627956837415695
4,1168,292,1.5931074619293213,0.0029453812167048454,0.0018488276982679963,0.18488276982679963
4,1169,292,2.3154401779174805,0.0016299440758302808,0.0007039456395432353,0.07039456395432353
4,1170,292,1.673506259918213,0.0008279307512566447,0.0004947282141074538,0.04947282141074538
4,1171,292,1.3741933107376099,0.0009448061464354396,0.0006875350954942405,0.06875350954942405
4,1172,293,2.9021453857421875,0.001916495501063764,0.0006603719666600227,0.06603719666600227
4,1173,293,1.4668188095092773,0.0014063345734030008,0.00095876504201442,0.095876504201442
4,1174,293,1.1663992404937744,0.0010392088443040848,0.0008909546886570752,0.08909546886570752
4,1175,293,1.308119535446167,0.0010966190602630377,0.0008383171516470611,0.08383171516470611
4,1176,294,1.2256672382354736,0.0006305414717644453,0.0005144475144334137,0.051444751443341374
4,1177,294,1.63430917263031,0.0007109041907824576,0.0004349875671323389,0.04349875671323389
4,1178,294,1.6330153942108154,0.001089849160052836,0.0006673844764009118,0.06673844764009118
4,1179,294,1.37168550491333,0.0011672533582895994,0.0008509628241881728,0.08509628241881728
4,1180,295,1.9371225833892822,0.001183072803542018,0.0006107371882535517,0.06107371882535517
4,1181,295,1.2196441888809204,0.0024934830144047737,0.002044434892013669,0.2044434892013669
4,1182,295,2.07673716545105,0.0026194266974925995,0.0012613183353096247,0.12613183353096247
4,1183,295,2.036921739578247,0.0009401552961207926,0.0004615569196175784,0.04615569196175784
4,1184,296,1.4423748254776,0.0017822161316871643,0.0012356123188510537,0.12356123188510537
4,1185,296,1.340938925743103,0.0011013542534783483,0.0008213306427933276,0.08213306427933276
4,1186,296,1.426227331161499,0.0009210655116476119,0.0006458055577240884,0.06458055577240884
4,1187,296,1.2208890914916992,0.0010540158255025744,0.0008633182151243091,0.0863318215124309
4,1188,297,1.8972480297088623,0.0013330744113773108,0.0007026357925496995,0.07026357925496995
4,1189,297,1.416465163230896,0.00020769717229995877,0.00014663062756881118,0.014663062756881118
4,1190,297,1.6409964561462402,0.0026181365828961134,0.0015954553382471204,0.15954553382471204
4,1191,297,1.4645302295684814,0.001817592652514577,0.00124107557348907,0.124107557348907
4,1192,298,1.473414659500122,0.0002526801254134625,0.00017149288032669574,0.017149288032669574
4,1193,298,1.3180855512619019,0.0017352937720716,0.0013165258569642901,0.13165258569642901
4,1194,298,2.0948121547698975,0.00037548545515164733,0.00017924541316460818,0.017924541316460818
4,1195,298,1.9829803705215454,0.0021092784591019154,0.0010636909864842892,0.10636909864842892
4,1196,299,1.917378306388855,0.0010694507509469986,0.0005577672272920609,0.055776722729206085
4,1197,299,1.4411113262176514,0.002342245541512966,0.0016253050416707993,0.16253050416707993
4,1198,299,1.620133638381958,0.0010854878928512335,0.000669998989906162,0.0669998989906162
4,1199,299,2.5043418407440186,0.0026909790467470884,0.0010745254112407565,0.10745254112407565
4,1200,300,1.634685754776001,0.002268013544380665,0.0013874309370294213,0.13874309370294213
4,1201,300,1.422303557395935,0.0029263230971992016,0.002057453151792288,0.20574531517922878
4,1202,300,2.3562827110290527,0.0024541886523365974,0.0010415510041639209,0.10415510041639209
4,1203,300,2.2887039184570312,0.002152048982679844,0.0009402915602549911,0.0940291560254991
4,1204,301,1.6288923025131226,0.0005437802756205201,0.0003338343813084066,0.03338343813084066
4,1205,301,1.7887452840805054,0.00014705336070619524,8.221033931476995e-05,0.008221033931476995
4,1206,301,1.1540064811706543,0.001062244176864624,0.0009204837260767817,0.09204837260767817
4,1207,301,1.4277592897415161,0.0006777772214263678,0.00047471391735598445,0.047471391735598445
4,1208,302,2.298963785171509,0.00104713614564389,0.0004554817860480398,0.04554817860480398
4,1209,302,2.248892307281494,0.0006030953372828662,0.00026817439356818795,0.026817439356818795
4,1210,302,1.3541004657745361,0.00043813459342345595,0.00032356136944144964,0.032356136944144964
4,1211,302,1.1927430629730225,4.694010203820653e-05,3.9354748878395185e-05,0.0039354748878395185
4,1212,303,1.6857112646102905,0.0006133709102869034,0.00036386476131156087,0.03638647613115609
4,1213,303,1.5249110460281372,0.001485317014157772,0.0009740351815707982,0.09740351815707982
4,1214,303,1.4017431735992432,0.0010634460486471653,0.0007586596766486764,0.07586596766486764
4,1215,303,1.3418595790863037,0.00019165838602930307,0.00014283043856266886,0.014283043856266886
4,1216,304,1.5878653526306152,0.0007700326386839151,0.0004849483084399253,0.04849483084399253
4,1217,304,1.0534083843231201,0.00029176721000112593,0.0002769744605757296,0.02769744605757296
4,1218,304,1.9257971048355103,0.00017618018318898976,9.148428944172338e-05,0.009148428944172338
4,1219,304,1.970939040184021,0.0005400892696343362,0.0002740263589657843,0.02740263589657843
4,1220,305,1.3550976514816284,0.0005327858380042017,0.0003931715327780694,0.03931715327780694
4,1221,305,1.7965792417526245,0.0029128168243914843,0.0016213126946240664,0.16213126946240664
4,1222,305,1.50396728515625,0.0025079012848436832,0.00166752387303859,0.166752387303859
4,1223,305,1.4700038433074951,0.0011671135434880853,0.0007939527276903391,0.07939527276903391
4,1224,306,1.83176589012146,0.0018286497797816992,0.0009982988703995943,0.09982988703995943
4,1225,306,1.1462109088897705,0.0013140824157744646,0.0011464577401056886,0.11464577401056886
4,1226,306,2.6755259037017822,0.002856201957911253,0.0010675291996449232,0.10675291996449232
4,1227,306,1.8596222400665283,0.0033844616264104843,0.0018199726473540068,0.18199726473540068
4,1228,307,1.9500178098678589,0.0012365237344056368,0.0006341089610941708,0.06341089610941708
4,1229,307,1.3124682903289795,0.001555503229610622,0.0011851739836856723,0.11851739836856723
4,1230,307,1.5691944360733032,0.0012765872525051236,0.0008135302923619747,0.08135302923619747
4,1231,307,1.8693265914916992,0.0014933370985090733,0.0007988636498339474,0.07988636498339474
4,1232,308,1.4478486776351929,0.0018932363018393517,0.0013076203176751733,0.13076203176751733
4,1233,308,1.8597468137741089,0.0004402022168505937,0.00023670008522458375,0.023670008522458375
4,1234,308,1.2109174728393555,0.0004930339055135846,0.00040715732029639184,0.040715732029639184
4,1235,308,1.488783359527588,0.0015164047945290804,0.001018553040921688,0.10185530409216881
4,1236,309,1.7091801166534424,0.0028840387240052223,0.0016873814165592194,0.16873814165592194
4,1237,309,1.2327871322631836,0.0022361872252076864,0.0018139281310141087,0.18139281310141087
4,1238,309,1.6941133737564087,0.0010747232008725405,0.0006343868444673717,0.06343868444673717
4,1239,309,1.3918794393539429,0.0038635709788650274,0.0027757943607866764,0.27757943607866764
4,1240,310,1.7824182510375977,0.00031475373543798923,0.0001765880297170952,0.01765880297170952
4,1241,310,1.8443129062652588,0.006916613318026066,0.0037502385675907135,0.37502385675907135
4,1242,310,1.8814417123794556,0.006960637401789427,0.0036996295675635338,0.3699629567563534
4,1243,310,1.1400253772735596,9.112785483011976e-05,7.993493636604398e-05,0.007993493636604398
4,1244,311,1.9712222814559937,0.0008382978267036378,0.00042526802280917764,0.042526802280917764
4,1245,311,1.24189031124115,0.0017362864455208182,0.001398099702782929,0.1398099702782929
4,1246,311,1.4235203266143799,0.0020666092168539762,0.0014517595991492271,0.14517595991492271
4,1247,311,1.3779911994934082,0.0011605689069256186,0.0008422179380431771,0.08422179380431771
4,1248,312,1.3305702209472656,0.00157170242164284,0.0011812247103080153,0.11812247103080153
4,1249,312,1.414930820465088,0.0003415026003494859,0.00024135639250744134,0.024135639250744134
4,1250,312,1.5767953395843506,0.000756549125071615,0.0004798017325811088,0.04798017325811088
4,1251,312,1.3989382982254028,0.0016016135923564434,0.001144877984188497,0.1144877984188497
4,1252,313,1.6008566617965698,0.0025317699182778597,0.0015815094811841846,0.15815094811841846
4,1253,313,1.100866675376892,0.0013812368270009756,0.0012546812649816275,0.12546812649816275
4,1254,313,1.4892382621765137,0.001674921833910048,0.0011246835347265005,0.11246835347265005
4,1255,313,1.8226878643035889,0.0021258010528981686,0.0011663001496344805,0.11663001496344805
4,1256,314,1.9159467220306396,0.000485254597151652,0.00025327145704068244,0.025327145704068244
4,1257,314,1.8670499324798584,0.0017504184506833553,0.0009375317022204399,0.09375317022204399
4,1258,314,1.7956584692001343,0.0028923300560563803,0.0016107350820675492,0.16107350820675492
4,1259,314,1.931609869003296,0.002259391825646162,0.0011696936562657356,0.11696936562657356
4,1260,315,1.3421649932861328,0.003279152326285839,0.002443181350827217,0.2443181350827217
4,1261,315,1.7168790102005005,0.0021991487592458725,0.0012808990431949496,0.12808990431949496
4,1262,315,1.1082712411880493,0.00038535878411494195,0.00034771161153912544,0.034771161153912544
4,1263,315,1.3335270881652832,0.0016349970828741789,0.001226069638505578,0.1226069638505578
4,1264,316,1.6741106510162354,0.0025936784222722054,0.0015492873499169946,0.15492873499169946
4,1265,316,2.168067216873169,0.0025007775984704494,0.0011534594232216477,0.11534594232216477
4,1266,316,1.4499146938323975,0.0007558362558484077,0.0005212970427237451,0.05212970427237451
4,1267,316,1.7293590307235718,0.0017966844607144594,0.001038930844515562,0.1038930844515562
4,1268,317,1.282588005065918,0.0001798500888980925,0.0001402243651682511,0.01402243651682511
4,1269,317,1.3640109300613403,0.00039726891554892063,0.00029125052969902754,0.029125052969902754
4,1270,317,1.2572635412216187,0.00033640593755990267,0.00026756993611343205,0.026756993611343205
4,1271,317,1.3825427293777466,0.00023413251619786024,0.00016934920859057456,0.016934920859057456
4,1272,318,1.3154555559158325,0.0011096009984612465,0.0008435108466073871,0.0843510846607387
4,1273,318,1.4857244491577148,0.001086183707229793,0.0007310801884159446,0.07310801884159446
4,1274,318,1.5298166275024414,0.000827851181384176,0.0005411440506577492,0.05411440506577492
4,1275,318,2.0375075340270996,0.0009683634852990508,0.00047526866546832025,0.047526866546832025
4,1276,319,1.325648307800293,0.0022372263483703136,0.0016876469599083066,0.16876469599083066
4,1277,319,1.6561692953109741,0.0020360732451081276,0.0012293871259316802,0.12293871259316802
4,1278,319,1.5006928443908691,0.0015802107518538833,0.0010529874125495553,0.10529874125495553
4,1279,319,1.4859461784362793,0.0007184320711530745,0.0004834845894947648,0.04834845894947648
4,1280,320,1.3176906108856201,0.0008247951045632362,0.0006259398651309311,0.06259398651309311
4,1281,320,1.3787741661071777,1.133340902015334e-05,8.219916708185337e-06,0.0008219916708185337
4,1282,320,2.5822815895080566,0.0016680994303897023,0.0006459789001382887,0.06459789001382887
4,1283,320,1.1811864376068115,0.0008564105373807251,0.0007250426569953561,0.07250426569953561
4,1284,321,1.1465272903442383,0.0009745137067511678,0.0008499699179083109,0.08499699179083109
4,1285,321,1.2640308141708374,0.00212830095551908,0.0016837413422763348,0.16837413422763348
4,1286,321,1.7586320638656616,0.0008319097105413675,0.0004730436485260725,0.04730436485260725
4,1287,321,1.2729679346084595,0.002238419372588396,0.0017584256129339337,0.17584256129339337
4,1288,322,2.078221559524536,0.0006531697581522167,0.0003142926434520632,0.03142926434520632
4,1289,322,1.113716721534729,0.000569224008359015,0.0005111030186526477,0.05111030186526477
4,1290,322,1.4610857963562012,0.00034659364609979093,0.0002372164890402928,0.02372164890402928
4,1291,322,1.706167459487915,0.00010543756070546806,6.179789488669485e-05,0.006179789488669485
4,1292,323,1.540372610092163,0.0006915979902260005,0.000448980979854241,0.0448980979854241
4,1293,323,1.7061917781829834,0.00045215667341835797,0.00026500929379835725,0.026500929379835725
4,1294,323,1.254708170890808,0.0006413796218112111,0.0005111783393658698,0.051117833936586976
4,1295,323,1.0806241035461426,0.000879853789228946,0.0008142089354805648,0.08142089354805648
4,1296,324,1.4362303018569946,0.00037945734220556915,0.00026420369977131486,0.026420369977131486
4,1297,324,1.2766698598861694,0.0004937564372085035,0.0003867534105665982,0.03867534105665982
4,1298,324,1.4029587507247925,0.0014094053767621517,0.0010045950766652822,0.10045950766652822
4,1299,324,2.0138044357299805,0.000810220604762435,0.0004023333021905273,0.04023333021905273
4,1300,325,1.5136971473693848,0.0022533582523465157,0.0014886453282088041,0.1488645328208804
4,1301,325,1.5903096199035645,0.003339080372825265,0.0020996415987610817,0.20996415987610817
4,1302,325,1.5832371711730957,0.004478194285184145,0.0028285051230341196,0.28285051230341196
4,1303,325,2.110219717025757,0.0023860610090196133,0.0011307168751955032,0.11307168751955032
4,1304,326,1.3592044115066528,0.000690077489707619,0.0005077069508843124,0.05077069508843124
4,1305,326,1.3363771438598633,0.0008874920313246548,0.0006641029613092542,0.06641029613092542
4,1306,326,1.2942125797271729,0.0009849799098446965,0.0007610649918206036,0.07610649918206036
4,1307,326,1.466068983078003,0.0007890778360888362,0.0005382269737310708,0.053822697373107076
4,1308,327,1.74782133102417,0.0014513294445350766,0.0008303648792207241,0.08303648792207241
4,1309,327,1.24081552028656,0.0014338602777570486,0.001155578880570829,0.11555788805708289
4,1310,327,2.0791893005371094,0.0005150235374458134,0.0002477040106896311,0.02477040106896311
4,1311,327,1.9904100894927979,0.00024728354765102267,0.000124237485579215,0.012423748557921499
4,1312,328,1.5939545631408691,0.004847506992518902,0.0030411826446652412,0.3041182644665241
4,1313,328,1.3431874513626099,0.00228830985724926,0.0017036414938047528,0.17036414938047528
4,1314,328,1.5831072330474854,0.0012030618963763118,0.0007599371019750834,0.07599371019750834
4,1315,328,3.277391195297241,0.00393299525603652,0.0012000383576378226,0.12000383576378226
4,1316,329,1.6165918111801147,0.002169312909245491,0.0013419052120298147,0.13419052120298147
4,1317,329,1.4656968116760254,0.001047973521053791,0.0007150002056732774,0.07150002056732774
4,1318,329,1.5593791007995605,0.0013808460207656026,0.0008855101768858731,0.08855101768858731
4,1319,329,1.9319342374801636,0.0009958057198673487,0.0005154449609108269,0.05154449609108269
4,1320,330,1.3934290409088135,0.0006221326184459031,0.0004464759840629995,0.04464759840629995
4,1321,330,1.561968207359314,6.518358713947237e-05,4.1731698729563504e-05,0.0041731698729563504
4,1322,330,1.831956148147583,0.0006518268492072821,0.0003558091993909329,0.03558091993909329
4,1323,330,1.1456985473632812,4.392120899865404e-05,3.833574737654999e-05,0.003833574737654999
4,1324,331,1.6961714029312134,0.002051596762612462,0.001209545647725463,0.12095456477254629
4,1325,331,2.027683734893799,0.001739641884341836,0.0008579453569836915,0.08579453569836915
4,1326,331,2.178438901901245,0.0019161124946549535,0.0008795805624686182,0.08795805624686182
4,1327,331,1.7954684495925903,0.0002573899691924453,0.00014335532614495605,0.014335532614495605
4,1328,332,1.302024245262146,0.00025073785218410194,0.00019257540407124907,0.019257540407124907
4,1329,332,1.7134150266647339,0.0034229003358632326,0.0019977064803242683,0.19977064803242683
4,1330,332,1.5671488046646118,0.004811955615878105,0.0030705160461366177,0.30705160461366177
4,1331,332,1.5645573139190674,0.0016536782495677471,0.001056962413713336,0.1056962413713336
4,1332,333,1.7576282024383545,0.0007832493865862489,0.00044562859693542123,0.04456285969354212
4,1333,333,1.6312763690948486,0.0004944444517605007,0.00030310280271805823,0.030310280271805823
4,1334,333,2.007019281387329,0.00021309951262082905,0.0001061771108652465,0.01061771108652465
4,1335,333,2.0710790157318115,0.0009735641651786864,0.00047007581451907754,0.047007581451907754
4,1336,334,1.898021936416626,0.003805081360042095,0.0020047614816576242,0.20047614816576242
4,1337,334,1.0450928211212158,0.0012688259594142437,0.0012140796752646565,0.12140796752646565
4,1338,334,1.8262802362442017,0.002670797286555171,0.0014624246396124363,0.14624246396124363
4,1339,334,1.27201509475708,0.0012889460194855928,0.001013310276903212,0.10133102769032121
4,1340,335,1.7112873792648315,0.004441969096660614,0.002595688682049513,0.2595688682049513
4,1341,335,1.5944362878799438,0.0023333204444497824,0.0014634140534326434,0.14634140534326434
4,1342,335,1.7320636510849,0.004727245774120092,0.0027292564045637846,0.27292564045637846
4,1343,335,1.5916353464126587,0.0027135200798511505,0.001704862923361361,0.1704862923361361
4,1344,336,1.6111674308776855,0.0004116753989364952,0.000255513732554391,0.025551373255439103
4,1345,336,1.4227516651153564,0.0011667241342365742,0.0008200476295314729,0.08200476295314729
4,1346,336,1.550911784172058,0.0006189626292325556,0.000399095966713503,0.0399095966713503
4,1347,336,1.2507085800170898,0.0009587407694198191,0.0007665581069886684,0.07665581069886684
4,1348,337,1.0939043760299683,0.0020154621452093124,0.0018424482550472021,0.1842448255047202
4,1349,337,1.677703619003296,0.0039022741839289665,0.002325961599126458,0.23259615991264582
4,1350,337,1.3092374801635742,0.0032958879601210356,0.002517410321161151,0.2517410321161151
4,1351,337,1.3720098733901978,0.0019259093096479774,0.0014037138316780329,0.1403713831678033
4,1352,338,1.4338792562484741,0.0011151807848364115,0.0007777368882670999,0.07777368882670999
4,1353,338,1.6225630044937134,0.001744941109791398,0.0010754227405413985,0.10754227405413985
4,1354,338,1.846174716949463,0.0016217280644923449,0.0008784261299297214,0.08784261299297214
4,1355,338,1.640292763710022,0.0006931815296411514,0.00042259623296558857,0.04225962329655886
4,1356,339,1.7259190082550049,0.0012705059489235282,0.0007361330208368599,0.073613302083686
4,1357,339,1.7300190925598145,0.0006632917793467641,0.0003834014351014048,0.03834014351014048
4,1358,339,1.6077953577041626,0.00014675469719804823,9.127697558142245e-05,0.009127697558142245
4,1359,339,1.6228760480880737,0.0019894810393452644,0.0012258982751518488,0.12258982751518488
4,1360,340,1.9608603715896606,0.00024060439318418503,0.00012270348088350147,0.012270348088350147
4,1361,340,1.7418339252471924,0.0037514239083975554,0.0021537207067012787,0.21537207067012787
4,1362,340,1.799229383468628,0.00017086807929445058,9.496737038716674e-05,0.009496737038716674
4,1363,340,1.4471354484558105,0.0037773987278342247,0.002610259223729372,0.2610259223729372
4,1364,341,1.200523018836975,0.000607901718467474,0.0005063640419393778,0.05063640419393778
4,1365,341,1.8888459205627441,0.006956787779927254,0.0036830890458077192,0.3683089045807719
4,1366,341,1.5190811157226562,0.001608271966688335,0.0010587136493995786,0.10587136493995786
4,1367,341,2.166546106338501,0.007205940783023834,0.0033260039053857327,0.33260039053857327
4,1368,342,1.8880438804626465,0.002384613733738661,0.0012630076380446553,0.12630076380446553
4,1369,342,2.2011992931365967,0.002802858129143715,0.0012733322801068425,0.12733322801068425
4,1370,342,1.2929267883300781,0.001230225432664156,0.0009515043348073959,0.0951504334807396
4,1371,342,1.4047331809997559,0.0019708427134901285,0.0014030014863237739,0.14030014863237739
4,1372,343,1.7750195264816284,0.0010832182597368956,0.0006102570914663374,0.061025709146633744
4,1373,343,1.9106634855270386,0.0007992443279363215,0.0004183072305750102,0.04183072305750102
4,1374,343,1.9221551418304443,0.0008759847260080278,0.00045573050738312304,0.045573050738312304
4,1375,343,1.6911410093307495,0.000653265044093132,0.0003862865560222417,0.03862865560222417
4,1376,344,2.1567413806915283,0.013314109295606613,0.00617325259372592,0.617325259372592
4,1377,344,2.859445333480835,0.01776646077632904,0.0062132542952895164,0.6213254295289516
4,1378,344,1.5815988779067993,0.005726246163249016,0.003620542585849762,0.3620542585849762
4,1379,344,1.9570794105529785,0.005286205559968948,0.0027010685298591852,0.2701068529859185
4,1380,345,2.073590040206909,0.0025777972768992186,0.0012431566137820482,0.12431566137820482
4,1381,345,2.0222275257110596,0.003561347257345915,0.0017611011862754822,0.17611011862754822
4,1382,345,1.4533213376998901,0.0003568994870875031,0.00024557506549172103,0.024557506549172103
4,1383,345,1.6097612380981445,0.00235836673527956,0.0014650413068011403,0.14650413068011403
4,1384,346,1.3374110460281372,0.002062448300421238,0.0015421200077980757,0.15421200077980757
4,1385,346,1.5904064178466797,0.0006739728851243854,0.00042377400677651167,0.04237740067765117
4,1386,346,1.4464776515960693,0.0018036294495686889,0.0012469113571569324,0.12469113571569324
4,1387,346,1.8850107192993164,0.0024013491347432137,0.0012739180820062757,0.12739180820062757
4,1388,347,1.7940768003463745,0.0005259749596007168,0.000293173041427508,0.0293173041427508
4,1389,347,1.1765843629837036,0.0005689054960384965,0.0004835229192394763,0.04835229192394763
4,1390,347,1.4238157272338867,0.000498410954605788,0.0003500529855955392,0.03500529855955392
4,1391,347,1.5707417726516724,0.00040864411857910454,0.00026015995535999537,0.026015995535999537
4,1392,348,2.046441078186035,0.002018247963860631,0.00098622334189713,0.098622334189713
4,1393,348,1.534427523612976,0.0014671594835817814,0.0009561608312651515,0.09561608312651515
4,1394,348,1.408578634262085,0.0011646989732980728,0.0008268611854873598,0.08268611854873598
4,1395,348,1.71065092086792,0.0005486394511535764,0.0003207197005394846,0.03207197005394846
4,1396,349,1.236274242401123,0.0010383963817730546,0.0008399401558563113,0.08399401558563113
4,1397,349,0.9651100635528564,0.001262038480490446,0.0013076626928523183,0.13076626928523183
4,1398,349,1.5771657228469849,0.0002897590456996113,0.0001837213640101254,0.01837213640101254
4,1399,349,1.8267650604248047,0.0002848236763384193,0.00015591697592753917,0.015591697592753917
4,1400,350,1.2634809017181396,0.0006020712316967547,0.0004765178600791842,0.04765178600791842
4,1401,350,1.4316743612289429,0.0003409878700040281,0.00023817417968530208,0.023817417968530208
4,1402,350,1.6535824537277222,0.00012664857786148787,7.659041875740513e-05,0.007659041875740513
4,1403,350,1.6116836071014404,0.0006962807383388281,0.00043202072265557945,0.043202072265557945
4,1404,351,1.351324200630188,0.0036756787449121475,0.0027200570330023766,0.27200570330023766
4,1405,351,1.332972764968872,0.0013663944555446506,0.0010250729974359274,0.10250729974359274
4,1406,351,1.590267539024353,0.002866289345547557,0.001802394399419427,0.1802394399419427
4,1407,351,1.4399302005767822,2.240960020571947e-05,1.556297684146557e-05,0.001556297684146557
4,1408,352,1.7822495698928833,0.0010155350901186466,0.000569805211853236,0.056980521185323596
4,1409,352,1.547879695892334,0.0009933584369719028,0.0006417543045245111,0.06417543045245111
4,1410,352,1.4277280569076538,0.0021197146270424128,0.001484676729887724,0.1484676729887724
4,1411,352,1.4531350135803223,0.0018520494922995567,0.001274519949220121,0.1274519949220121
4,1412,353,1.719773292541504,0.0019954629242420197,0.0011603058082982898,0.11603058082982898
4,1413,353,1.7843283414840698,0.0026482585817575455,0.0014841767260804772,0.14841767260804772
4,1414,353,1.3208460807800293,0.002063955646008253,0.001562601188197732,0.1562601188197732
4,1415,353,1.5519133806228638,0.0014050911413505673,0.0009053927497006953,0.09053927497006953
4,1416,354,1.8568150997161865,0.001847113249823451,0.000994774978607893,0.0994774978607893
4,1417,354,1.1811931133270264,0.0034178895875811577,0.002893590833991766,0.2893590833991766
4,1418,354,1.4945907592773438,0.0023159056436270475,0.0015495249535888433,0.15495249535888433
4,1419,354,2.2001779079437256,0.0012720059603452682,0.0005781377549283206,0.057813775492832065
4,1420,355,2.4487626552581787,0.0006188230472616851,0.0002527084725443274,0.025270847254432738
4,1421,355,1.0066885948181152,0.0019416564609855413,0.0019287557806819677,0.19287557806819677
4,1422,355,1.3565495014190674,0.0013010672992095351,0.0009591004927642643,0.09591004927642643
4,1423,355,2.1444005966186523,0.002656935714185238,0.0012390109477564692,0.12390109477564692
4,1424,356,1.705166220664978,0.00277150422334671,0.0016253571957349777,0.16253571957349777
4,1425,356,1.533453106880188,0.002193902153521776,0.0014306940138339996,0.14306940138339996
4,1426,356,2.1082396507263184,0.0040021371096372604,0.0018983312183991075,0.18983312183991075
4,1427,356,1.4909979104995728,0.0015857291873544455,0.0010635354556143284,0.10635354556143284
4,1428,357,1.7815310955047607,0.007012819871306419,0.0039364006370306015,0.39364006370306015
4,1429,357,2.1046721935272217,0.002511509694159031,0.0011933021014556289,0.11933021014556289
4,1430,357,2.2794930934906006,0.005551769398152828,0.0024355279747396708,0.24355279747396708
4,1431,357,1.5938156843185425,0.004748528357595205,0.0029793460853397846,0.29793460853397846
4,1432,358,1.57781982421875,0.002309249248355627,0.001463569700717926,0.1463569700717926
4,1433,358,2.100782632827759,0.0020582196302711964,0.000979739474132657,0.0979739474132657
4,1434,358,1.2883285284042358,0.00026216686819680035,0.0002034937933785841,0.02034937933785841
4,1435,358,1.9222033023834229,0.00020428276911843568,0.00010627532174112275,0.010627532174112275
4,1436,359,1.1771495342254639,0.00042896962258964777,0.00036441386328078806,0.036441386328078806
4,1437,359,1.2584939002990723,0.0020098374225199223,0.0015970179811120033,0.15970179811120033
4,1438,359,2.3186233043670654,0.011796094477176666,0.005087542347609997,0.5087542347609997
4,1439,359,2.1257753372192383,0.01217927411198616,0.0057293325662612915,0.5729332566261292
4,1440,360,1.5129034519195557,0.0008467432344332337,0.0005596809205599129,0.05596809205599129
4,1441,360,1.3456569910049438,0.0008773398585617542,0.0006519788294099271,0.06519788294099271
4,1442,360,1.1126747131347656,0.00036903578438796103,0.0003316654765512794,0.03316654765512794
4,1443,360,1.6159512996673584,0.0004727866325993091,0.00029257481219246984,0.029257481219246984
4,1444,361,1.2901731729507446,0.0009300559177063406,0.0007208767929114401,0.07208767929114401
4,1445,361,1.320866346359253,0.0031083235517144203,0.0023532460909336805,0.23532460909336805
4,1446,361,2.2226366996765137,0.0027998127043247223,0.0012596807209774852,0.12596807209774852
4,1447,361,1.336320161819458,0.0006045308546163142,0.00045238473103381693,0.04523847310338169
4,1448,362,1.7221041917800903,0.0008358240593224764,0.00048535046516917646,0.048535046516917646
4,1449,362,1.7844860553741455,0.0020808253902941942,0.001166064292192459,0.11660642921924591
4,1450,362,1.5890302658081055,0.0014052256010472775,0.000884329027030617,0.0884329027030617
4,1451,362,1.2683181762695312,5.699519533663988e-05,4.493761662160978e-05,0.004493761662160978
4,1452,363,1.6035690307617188,0.000866157584823668,0.0005401436355896294,0.05401436355896294
4,1453,363,2.7472076416015625,0.0032790107652544975,0.0011935795191675425,0.11935795191675425
4,1454,363,1.9094696044921875,0.002010505413636565,0.0010529130231589079,0.10529130231589079
4,1455,363,1.2774507999420166,0.0020801417995244265,0.001628353726118803,0.1628353726118803
4,1456,364,2.529715061187744,0.0002738756884355098,0.00010826345533132553,0.010826345533132553
4,1457,364,1.7993141412734985,0.0035720081068575382,0.0019852053374052048,0.19852053374052048
4,1458,364,1.116959810256958,0.0001713921083137393,0.00015344518760684878,0.015344518760684878
4,1459,364,1.7122273445129395,0.00345939164981246,0.002020404441282153,0.2020404441282153
4,1460,365,1.264057993888855,0.0008982777362689376,0.000710630149114877,0.0710630149114877
4,1461,365,1.991410493850708,0.0007377996225841343,0.0003704909759107977,0.03704909759107977
4,1462,365,2.7115695476531982,0.002207889687269926,0.0008142478764057159,0.0814247876405716
4,1463,365,1.7820435762405396,0.0023428117856383324,0.0013146770652383566,0.13146770652383566
4,1464,366,2.1753597259521484,0.0004943595849908888,0.0002272541751153767,0.02272541751153767
4,1465,366,2.009723663330078,0.0012697343481704593,0.000631795497611165,0.0631795497611165
4,1466,366,1.3830597400665283,0.002116305520758033,0.0015301620587706566,0.15301620587706566
4,1467,366,1.8453881740570068,0.0013344860635697842,0.0007231465424410999,0.07231465424410999
4,1468,367,1.7530895471572876,0.0018899838905781507,0.001078087487258017,0.1078087487258017
4,1469,367,1.6708881855010986,0.003561868332326412,0.002131721470504999,0.21317214705049992
4,1470,367,1.2703380584716797,0.0010513412998989224,0.0008276075241155922,0.08276075241155922
4,1471,367,1.4468148946762085,0.0018074363470077515,0.0012492520036175847,0.12492520036175847
4,1472,368,1.6392474174499512,0.0037769838236272335,0.0023040962405502796,0.23040962405502796
4,1473,368,1.5224791765213013,0.000917306519113481,0.0006025084294378757,0.060250842943787575
4,1474,368,1.745363473892212,0.0040486473590135574,0.0023196586407721043,0.23196586407721043
4,1475,368,1.3699685335159302,0.0012203464284539223,0.0008907842566259205,0.08907842566259205
4,1476,369,1.1910598278045654,0.0006600911146961153,0.0005542048602364957,0.05542048602364957
4,1477,369,1.1819236278533936,0.001192249357700348,0.0010087363189086318,0.10087363189086318
4,1478,369,1.3771202564239502,0.0004741167649626732,0.000344281317666173,0.0344281317666173
4,1479,369,1.6796847581863403,0.00030514929676428437,0.0001816705771489069,0.01816705771489069
4,1480,370,2.229613780975342,0.004722698591649532,0.0021181688643991947,0.21181688643991947
4,1481,370,1.7039878368377686,0.0063653322868049145,0.0037355502136051655,0.37355502136051655
4,1482,370,2.4175214767456055,0.005055188667029142,0.0020910624880343676,0.20910624880343676
4,1483,370,1.5899884700775146,0.001951756188645959,0.0012275285553187132,0.12275285553187132
4,1484,371,1.701346516609192,0.0018113496480509639,0.0010646565351635218,0.10646565351635218
4,1485,371,1.4862918853759766,0.0025097415782511234,0.0016885927179828286,0.16885927179828286
4,1486,371,1.4203951358795166,0.002859612461179495,0.002013251418247819,0.2013251418247819
4,1487,371,1.6011958122253418,0.0008950368501245975,0.0005589802749454975,0.05589802749454975
4,1488,372,1.6273467540740967,0.002211978193372488,0.0013592543546110392,0.13592543546110392
4,1489,372,1.368406057357788,0.0008695318829268217,0.0006354341167025268,0.06354341167025268
4,1490,372,2.4004266262054443,0.006468927953392267,0.00269490759819746,0.269490759819746
4,1491,372,2.1648190021514893,0.008835487067699432,0.004081397783011198,0.4081397783011198
4,1492,373,2.0206456184387207,0.0005065760924480855,0.00025070010451599956,0.025070010451599956
4,1493,373,1.6815599203109741,0.0014730647671967745,0.0008760108612477779,0.0876010861247778
4,1494,373,1.2033387422561646,0.0016358564607799053,0.001359431422315538,0.1359431422315538
4,1495,373,1.649152398109436,0.0030047264881432056,0.0018219823250547051,0.18219823250547051
4,1496,374,2.0607614517211914,0.004434200469404459,0.0021517290733754635,0.21517290733754635
4,1497,374,1.8870748281478882,0.0006201291689649224,0.0003286192659288645,0.03286192659288645
4,1498,374,1.7327876091003418,0.0020561087876558304,0.001186590176075697,0.1186590176075697
4,1499,374,1.2971045970916748,0.005099590867757797,0.003931518644094467,0.3931518644094467
4,1500,375,1.6254647970199585,0.0005730061675421894,0.00035251834196969867,0.03525183419696987
4,1501,375,1.8544604778289795,0.001744250999763608,0.0009405706077814102,0.09405706077814102
4,1502,375,1.4823193550109863,0.0017272407421842217,0.0011652285465970635,0.11652285465970635
4,1503,375,1.1763627529144287,6.364655564539135e-05,5.410453013610095e-05,0.005410453013610095
4,1504,376,1.3371012210845947,0.0018030707724392414,0.0013484923401847482,0.13484923401847482
4,1505,376,2.869811534881592,0.004463235381990671,0.0015552364056929946,0.15552364056929946
4,1506,376,1.5178273916244507,0.00412063580006361,0.0027148250956088305,0.27148250956088305
4,1507,376,1.9825425148010254,0.0026320444885641336,0.0013276105746626854,0.13276105746626854
4,1508,377,1.2247593402862549,0.0006097425939515233,0.0004978468641638756,0.04978468641638756
4,1509,377,1.0997912883758545,0.001503254403360188,0.001366854296065867,0.1366854296065867
4,1510,377,1.3547013998031616,0.0016828784719109535,0.0012422504369169474,0.12422504369169474
4,1511,377,2.1787750720977783,0.0011709306854754686,0.0005374261527322233,0.05374261527322233
4,1512,378,1.856560468673706,0.0007786430651322007,0.00041940086521208286,0.041940086521208286
4,1513,378,1.4866944551467896,0.0011823733802884817,0.0007953035528771579,0.07953035528771579
4,1514,378,1.2200708389282227,0.00044311294914223254,0.0003631862346082926,0.03631862346082926
4,1515,378,1.8468976020812988,0.0008157948032021523,0.00044171090121380985,0.044171090121380985
4,1516,379,1.359037160873413,0.0005205022171139717,0.0003829933702945709,0.03829933702945709
4,1517,379,0.9789702296257019,0.0005507924361154437,0.0005626243073493242,0.05626243073493242
4,1518,379,1.564699411392212,0.0017912201583385468,0.0011447694851085544,0.11447694851085544
4,1519,379,2.8505265712738037,0.001368110184557736,0.0004799499874934554,0.04799499874934554
4,1520,380,1.2814198732376099,0.0007305252947844565,0.0005700904875993729,0.057009048759937286
4,1521,380,1.7771869897842407,0.0009042639285326004,0.0005088175530545413,0.050881755305454135
4,1522,380,1.2237272262573242,0.00048286159290000796,0.000394582690205425,0.0394582690205425
4,1523,380,1.7883024215698242,0.0003349300241097808,0.0001872893626568839,0.01872893626568839
4,1524,381,1.4837586879730225,0.0029355287551879883,0.001978440908715129,0.1978440908715129
4,1525,381,1.875247597694397,0.003047788282856345,0.0016252724453806877,0.16252724453806877
4,1526,381,1.5930277109146118,0.0028360537253320217,0.0017802915535867214,0.17802915535867214
4,1527,381,1.6906497478485107,0.0013575094053521752,0.0008029512828215957,0.08029512828215957
4,1528,382,1.669022560119629,0.0020247972570359707,0.0012131634866818786,0.12131634866818786
4,1529,382,1.845555305480957,0.0034577723126858473,0.0018735674675554037,0.18735674675554037
4,1530,382,1.5351217985153198,0.002942376071587205,0.0019167052814736962,0.19167052814736962
4,1531,382,2.787144660949707,0.002828579628840089,0.0010148664005100727,0.10148664005100727
4,1532,383,1.9748642444610596,0.0005369701539166272,0.00027190230321139097,0.027190230321139097
4,1533,383,1.5342990159988403,7.674223888898268e-05,5.001778481528163e-05,0.005001778481528163
4,1534,383,1.3927664756774902,0.0005506639718078077,0.0003953742270823568,0.03953742270823568
4,1535,383,1.248160481452942,0.0008008540607988834,0.0006416274700313807,0.06416274700313807
4,1536,384,1.4095784425735474,0.0017063034465536475,0.001210506190545857,0.1210506190545857
4,1537,384,1.643540859222412,0.0004212641215417534,0.0002563149610068649,0.02563149610068649
4,1538,384,1.7975348234176636,0.002286807866767049,0.001272191177122295,0.1272191177122295
4,1539,384,1.335585117340088,0.0008056052029132843,0.0006031852099113166,0.06031852099113166
4,1540,385,1.6400096416473389,0.0018419434782117605,0.0011231296230107546,0.11231296230107546
4,1541,385,1.067158579826355,0.0011295843869447708,0.0010584972333163023,0.10584972333163023
4,1542,385,2.064387559890747,0.0022134126629680395,0.0010721884900704026,0.10721884900704026
4,1543,385,1.4139344692230225,0.00010768813081085682,7.616203947691247e-05,0.007616203947691247
4,1544,386,1.5182698965072632,0.003657479537650943,0.0024089785292744637,0.24089785292744637
4,1545,386,1.5525243282318115,0.0015515005216002464,0.0009993405546993017,0.09993405546993017
4,1546,386,1.61122727394104,0.003672105260193348,0.002279073465615511,0.2279073465615511
4,1547,386,1.3618955612182617,0.0015741147799417377,0.001155826379545033,0.1155826379545033
4,1548,387,1.4187967777252197,0.001966615905985236,0.0013861153274774551,0.13861153274774551
4,1549,387,1.9072812795639038,0.0011972399661317468,0.0006277207285165787,0.06277207285165787
4,1550,387,1.2055855989456177,0.0009119927999563515,0.0007564728730358183,0.07564728730358183
4,1551,387,2.0314760208129883,0.0033439616672694683,0.0016460749320685863,0.16460749320685863
4,1552,388,1.4194978475570679,0.002250311430543661,0.001585286925546825,0.1585286925546825
4,1553,388,1.3447151184082031,0.00019198365043848753,0.00014276901492848992,0.014276901492848992
4,1554,388,1.6876800060272217,0.00288417749106884,0.0017089599277824163,0.17089599277824163
4,1555,388,1.5320900678634644,0.0015569302486255765,0.0010162132093682885,0.10162132093682885
4,1556,389,1.9328148365020752,0.0023459249641746283,0.001213734969496727,0.1213734969496727
4,1557,389,1.6449471712112427,0.0017605237662792206,0.0010702615836635232,0.10702615836635232
4,1558,389,1.2776514291763306,0.0019070303533226252,0.001492606126703322,0.1492606126703322
4,1559,389,1.5677151679992676,0.001945597818121314,0.0012410404160618782,0.12410404160618782
4,1560,390,1.278696060180664,0.001295362482778728,0.001013033906929195,0.10130339069291949
4,1561,390,1.448341965675354,0.0012546256184577942,0.0008662495529279113,0.08662495529279113
4,1562,390,1.3154606819152832,0.00151046272367239,0.0011482385452836752,0.11482385452836752
4,1563,390,1.7230534553527832,0.0008006650605238974,0.0004646780143957585,0.04646780143957585
4,1564,391,1.3080570697784424,0.000559940526727587,0.00042807040154002607,0.04280704015400261
4,1565,391,1.5021052360534668,0.0027847408782690763,0.0018538919975981116,0.18538919975981116
4,1566,391,2.50224232673645,0.005549590568989515,0.0022178469225764275,0.22178469225764275
4,1567,391,2.071193218231201,0.004492286592721939,0.0021689364220947027,0.21689364220947027
4,1568,392,1.491901159286499,0.00091533362865448,0.0006135350558906794,0.061353505589067936
4,1569,392,1.1725281476974487,0.0019648405723273754,0.0016757299890741706,0.16757299890741706
4,1570,392,1.2470283508300781,0.0005852996837347746,0.0004693555529229343,0.04693555529229343
4,1571,392,1.171787977218628,0.0028238447848707438,0.0024098597932606936,0.24098597932606936
4,1572,393,1.3540763854980469,0.0005929348990321159,0.00043788881157524884,0.043788881157524884
4,1573,393,1.5354828834533691,0.0002411650202702731,0.00015706135309301317,0.015706135309301317
4,1574,393,1.5257138013839722,0.000593867152929306,0.0003892389067914337,0.03892389067914337
4,1575,393,1.4178800582885742,0.0007806024514138699,0.0005505419685505331,0.055054196855053306
4,1576,394,1.6780459880828857,0.0011133395601063967,0.0006634737947024405,0.06634737947024405
4,1577,394,1.0854432582855225,0.0007674271473661065,0.000707017257809639,0.0707017257809639
4,1578,394,1.3410462141036987,0.0002431318280287087,0.00018130011449102312,0.018130011449102312
4,1579,394,1.3808033466339111,0.0005832917522639036,0.0004224292642902583,0.04224292642902583
4,1580,395,1.1559264659881592,3.234647010685876e-05,2.798315472318791e-05,0.002798315472318791
4,1581,395,1.8504334688186646,0.0002237046865047887,0.00012089312804164365,0.012089312804164365
4,1582,395,1.6355512142181396,0.00030793462065048516,0.00018827574967872351,0.01882757496787235
4,1583,395,1.7206321954727173,0.00010601825488265604,6.161587225506082e-05,0.006161587225506082
4,1584,396,2.0670504570007324,0.001007468206807971,0.00048739410704001784,0.048739410704001784
4,1585,396,1.168088436126709,0.0011385736288502812,0.0009747323929332197,0.09747323929332197
4,1586,396,1.0780730247497559,0.0014310048427432775,0.0013273728545755148,0.13273728545755148
4,1587,396,1.2734770774841309,0.0006155269220471382,0.0004833435523323715,0.04833435523323715
4,1588,397,1.1560990810394287,0.00026558246463537216,0.00022972292208578438,0.022972292208578438
4,1589,397,2.5904834270477295,0.0015365637373179197,0.0005931571358814836,0.059315713588148355
4,1590,397,1.3618950843811035,0.0012065843911841512,0.0008859598892740905,0.08859598892740905
4,1591,397,1.240308403968811,0.0007098584901541471,0.0005723242065869272,0.05723242065869272
4,1592,398,1.5606608390808105,0.00024911906803026795,0.00015962409088388085,0.015962409088388085
4,1593,398,1.6354248523712158,0.0003955969586968422,0.00024189247051253915,0.024189247051253915
4,1594,398,1.6620241403579712,0.00022898307361174375,0.00013777361891698092,0.013777361891698092
4,1595,398,1.6619776487350464,0.00021316406491678208,0.0001282592857023701,0.01282592857023701
4,1596,399,1.1834152936935425,0.004393487703055143,0.003712549339979887,0.3712549339979887
4,1597,399,1.1240860223770142,0.0006153504364192486,0.0005474229110404849,0.05474229110404849
4,1598,399,3.0350046157836914,0.004315098747611046,0.0014217767165973783,0.14217767165973783
4,1599,399,2.4551749229431152,0.0008685928769409657,0.0003537804586812854,0.03537804586812854
4,1600,400,2.10860276222229,0.0008728852262720466,0.0004139638040214777,0.04139638040214777
4,1601,400,1.7989232540130615,0.00011772607103921473,6.544251664308831e-05,0.006544251664308831
4,1602,400,1.5886049270629883,0.00013804819900542498,8.689901005709544e-05,0.008689901005709544
4,1603,400,1.5171210765838623,0.0007091357838362455,0.00046742201084271073,0.04674220108427107
4,1604,401,2.0980184078216553,0.0021985473576933146,0.0010479161283001304,0.10479161283001304
4,1605,401,1.561937928199768,0.004623922985047102,0.0029603757429867983,0.29603757429867983
4,1606,401,1.9255510568618774,0.0024709273129701614,0.0012832313077524304,0.12832313077524304
4,1607,401,1.535940408706665,0.00016276088717859238,0.00010596823267405853,0.010596823267405853
4,1608,402,1.8253568410873413,0.0032106535509228706,0.0017589182825759053,0.17589182825759053
4,1609,402,2.281689405441284,0.003908830229192972,0.0017131298081949353,0.17131298081949353
4,1610,402,1.418333888053894,0.0029573976062238216,0.0020851208828389645,0.20851208828389645
4,1611,402,1.5951893329620361,0.0012061436427757144,0.0007561131496913731,0.07561131496913731
4,1612,403,2.0080223083496094,0.0012909441720694304,0.0006428933702409267,0.06428933702409267
4,1613,403,1.323023796081543,0.001510694157332182,0.0011418495560064912,0.11418495560064912
4,1614,403,1.7691940069198608,0.0007360723684541881,0.00041604955913499,0.041604955913499
4,1615,403,1.3529289960861206,0.0003911258827429265,0.0002890956529881805,0.028909565298818052
4,1616,404,1.4033749103546143,0.0016535758040845394,0.0011782851070165634,0.11782851070165634
4,1617,404,1.1715350151062012,0.0009218050981871784,0.000786835269536823,0.0786835269536823
4,1618,404,1.5249446630477905,0.00022545811953023076,0.00014784676022827625,0.014784676022827625
4,1619,404,1.192039966583252,0.000818026892375201,0.0006862411391921341,0.06862411391921341
4,1620,405,1.3194204568862915,0.0015629237750545144,0.001184553257189691,0.1184553257189691
4,1621,405,1.297398328781128,0.001699053100310266,0.0013095848262310028,0.13095848262310028
4,1622,405,1.5853397846221924,0.0016286487225443125,0.0010273184161633253,0.10273184161633253
4,1623,405,1.3518346548080444,0.001245884457603097,0.0009216248872689903,0.09216248872689903
4,1624,406,1.3570667505264282,0.0014879925874993205,0.0010964770335704088,0.10964770335704088
4,1625,406,1.573115348815918,0.0009800426196306944,0.0006229947321116924,0.06229947321116924
4,1626,406,1.6284677982330322,0.0018521990859881043,0.0011373875895515084,0.11373875895515084
4,1627,406,1.8414905071258545,0.001309091690927744,0.0007108870195224881,0.07108870195224881
4,1628,407,1.8456872701644897,0.0004149878222960979,0.0002248418895760551,0.02248418895760551
4,1629,407,1.6481801271438599,0.002101500052958727,0.0012750426540151238,0.12750426540151238
4,1630,407,2.226336717605591,0.0014315372100099921,0.0006430012290365994,0.06430012290365994
4,1631,407,1.6307971477508545,0.0011222225148230791,0.000688143540173769,0.0688143540173769
4,1632,408,1.3326151371002197,0.001355572254396975,0.0010172270704060793,0.10172270704060793
4,1633,408,1.862052083015442,0.004769656807184219,0.00256150565110147,0.256150565110147
4,1634,408,2.176759958267212,0.003521675243973732,0.0016178518999367952,0.16178518999367952
4,1635,408,1.554595947265625,1.4949842807254754e-05,9.616545867174864e-06,0.0009616545867174864
4,1636,409,1.979300618171692,0.005563526414334774,0.002810854697600007,0.2810854697600007
4,1637,409,1.3483717441558838,0.001742707914672792,0.0012924536131322384,0.12924536131322384
4,1638,409,1.3076467514038086,0.003291647182777524,0.0025172296445816755,0.25172296445816755
4,1639,409,1.54642653465271,0.004604780580848455,0.002977691125124693,0.2977691125124693
4,1640,410,2.163208246231079,0.003913624677807093,0.0018091760575771332,0.18091760575771332
4,1641,410,1.542819857597351,0.0040461416356265545,0.0026225626934319735,0.26225626934319735
4,1642,410,1.3206850290298462,0.0007798446458764374,0.0005904849385842681,0.05904849385842681
4,1643,410,1.7192776203155518,0.0008498397655785084,0.0004943005042150617,0.049430050421506166
4,1644,411,1.426574468612671,0.0005485083092935383,0.0003844932944048196,0.03844932944048196
4,1645,411,1.544642686843872,0.0008537116227671504,0.0005526919849216938,0.05526919849216938
4,1646,411,1.1548221111297607,0.00015456462278962135,0.00013384279736783355,0.013384279736783355
4,1647,411,1.041939377784729,0.0004731572116725147,0.0004541120433714241,0.04541120433714241
4,1648,412,1.358550786972046,0.002592123346403241,0.0019080062629655004,0.19080062629655004
4,1649,412,1.4118492603302002,0.0021019577980041504,0.0014887975994497538,0.14887975994497538
4,1650,412,1.4391323328018188,0.002263238187879324,0.001572640729136765,0.1572640729136765
4,1651,412,1.335511565208435,0.0013387614162638783,0.001002433360554278,0.10024333605542779
4,1652,413,1.2308273315429688,0.0014642931055277586,0.0011896819341927767,0.11896819341927767
4,1653,413,1.3752952814102173,0.0004158083174843341,0.00030234112637117505,0.030234112637117505
4,1654,413,1.1142417192459106,0.0019999388605356216,0.0017948878230527043,0.17948878230527043
4,1655,413,1.5526622533798218,0.0009600952616892755,0.0006183542427606881,0.06183542427606881
4,1656,414,0.9311543703079224,0.00020536506781354547,0.00022054889996070415,0.022054889996070415
4,1657,414,1.1400432586669922,3.890476818924071e-06,3.412569412830635e-06,0.0003412569412830635
4,1658,414,1.224956750869751,0.00022617500508204103,0.00018463918240740895,0.018463918240740895
4,1659,414,1.3486078977584839,0.0004207727324683219,0.0003120052278973162,0.031200522789731622
4,1660,415,1.258413553237915,0.0022020526230335236,0.0017498640809208155,0.17498640809208155
4,1661,415,1.0757923126220703,0.0018980564782395959,0.0017643335741013288,0.17643335741013288
4,1662,415,2.336547374725342,0.002309568226337433,0.0009884533938020468,0.09884533938020468
4,1663,415,2.5803442001342773,0.0032483437098562717,0.0012588800163939595,0.12588800163939595
4,1664,416,2.1149039268493652,0.00022600869124289602,0.00010686475434340537,0.010686475434340537
4,1665,416,1.7980318069458008,0.002860933542251587,0.0015911473892629147,0.15911473892629147
4,1666,416,1.6690025329589844,0.001015191082842648,0.0006082621403038502,0.06082621403038502
4,1667,416,1.1840484142303467,0.0022305138409137726,0.0018838029354810715,0.18838029354810715
4,1668,417,2.1948153972625732,0.0004559519584290683,0.00020774046424776316,0.020774046424776316
4,1669,417,1.2941856384277344,0.0006454108515754342,0.0004987003630958498,0.049870036309584975
4,1670,417,1.2907358407974243,0.0007035024464130402,0.0005450398311950266,0.054503983119502664
4,1671,417,1.3446509838104248,0.000897601421456784,0.0006675348849967122,0.06675348849967122
4,1672,418,1.671442985534668,0.00257570156827569,0.0015410047490149736,0.15410047490149736
4,1673,418,1.417767882347107,0.0014108228497207165,0.0009951014071702957,0.09951014071702957
4,1674,418,1.5438389778137207,0.0018984387861564755,0.0012296870118007064,0.12296870118007064
4,1675,418,2.203256130218506,0.002316481666639447,0.001051390077918768,0.10513900779187679
4,1676,419,1.8493942022323608,0.0018563506891950965,0.0010037615429610014,0.10037615429610014
4,1677,419,1.2449755668640137,0.0015148008242249489,0.0012167313834652305,0.12167313834652305
4,1678,419,1.4944326877593994,0.0015228107804432511,0.0010189892491325736,0.10189892491325736
4,1679,419,1.8998198509216309,0.001993596088141203,0.001049360609613359,0.1049360609613359
4,1680,420,1.2649986743927002,0.00046666080015711486,0.0003689021978061646,0.03689021978061646
4,1681,420,1.256572961807251,0.00037764868466183543,0.0003005386097356677,0.03005386097356677
4,1682,420,1.7606899738311768,0.0005793462623842061,0.00032904502586461604,0.032904502586461604
4,1683,420,1.219913125038147,0.0004798302543349564,0.0003933314874302596,0.03933314874302596
4,1684,421,1.235140323638916,0.0028088551480323076,0.0022741181310266256,0.22741181310266256
4,1685,421,1.3547940254211426,0.0005339141935110092,0.0003940925234928727,0.03940925234928727
4,1686,421,1.180955171585083,0.0012767341686412692,0.0010811029933393002,0.10811029933393002
4,1687,421,1.237379789352417,0.004281921777874231,0.0034604750107973814,0.34604750107973814
4,1688,422,1.7467496395111084,0.0039173876866698265,0.002242672722786665,0.2242672722786665
4,1689,422,1.400632381439209,0.0022704179864376783,0.0016209948807954788,0.16209948807954788
4,1690,422,1.7705479860305786,0.00408966513350606,0.0023098301608115435,0.23098301608115435
4,1691,422,2.3409602642059326,0.005564595572650433,0.002377056749537587,0.23770567495375872
4,1692,423,1.3188763856887817,0.0008137308759614825,0.0006169879925437272,0.061698799254372716
4,1693,423,1.1738487482070923,0.00047832546988502145,0.00040748476749286056,0.040748476749286056
4,1694,423,1.4301384687423706,0.0013529517455026507,0.0009460285073146224,0.09460285073146224
4,1695,423,1.6753325462341309,0.0008604241302236915,0.0005135840619914234,0.05135840619914234
4,1696,424,1.4860804080963135,0.0024863840080797672,0.0016731154173612595,0.16731154173612595
4,1697,424,0.9985604286193848,0.0007802598411217332,0.000781384704168886,0.0781384704168886
4,1698,424,1.5234944820404053,0.00029906450072303414,0.00019630166934803128,0.019630166934803128
4,1699,424,1.5145004987716675,0.0030347297433763742,0.0020037826616317034,0.20037826616317034
4,1700,425,2.721709966659546,0.005626468453556299,0.0020672548562288284,0.20672548562288284
4,1701,425,2.4643118381500244,0.004707492422312498,0.0019102665828540921,0.1910266582854092
4,1702,425,2.149972677230835,0.001454580924473703,0.0006765578873455524,0.06765578873455524
4,1703,425,1.1754918098449707,0.00040195745532400906,0.00034194832551293075,0.034194832551293075
4,1704,426,1.5536298751831055,0.0033835095819085836,0.002177809365093708,0.2177809365093708
4,1705,426,1.5758373737335205,0.002682450693100691,0.001702238223515451,0.1702238223515451
4,1706,426,1.4353432655334473,0.0028526224195957184,0.0019874146673828363,0.19874146673828363
4,1707,426,1.2287813425064087,0.001122093410231173,0.0009131758124567568,0.09131758124567568
4,1708,427,1.3083837032318115,0.0042121391743421555,0.003219345584511757,0.3219345584511757
4,1709,427,1.4357178211212158,0.0018689525313675404,0.0013017547316849232,0.13017547316849232
4,1710,427,1.9114151000976562,0.0020149541087448597,0.001054168795235455,0.1054168795235455
4,1711,427,1.3843543529510498,0.002362362574785948,0.0017064724816009402,0.17064724816009402
4,1712,428,1.6607699394226074,0.0016034521395340562,0.0009654872119426727,0.09654872119426727
4,1713,428,1.5467685461044312,0.004210741724818945,0.0027222828939557076,0.27222828939557076
4,1714,428,1.3317999839782715,0.00019891446572728455,0.00014935761282686144,0.014935761282686144
4,1715,428,1.4381567239761353,0.004751368425786495,0.0033037904649972916,0.33037904649972916
4,1716,429,1.4697721004486084,0.0036108065396547318,0.0024567118380218744,0.24567118380218744
4,1717,429,1.6244951486587524,0.0005212293472141027,0.0003208561975043267,0.03208561975043267
4,1718,429,1.645162582397461,0.0010578169021755457,0.0006429862114600837,0.06429862114600837
4,1719,429,1.4308842420578003,0.00306289573200047,0.0021405615843832493,0.21405615843832493
4,1720,430,1.048537015914917,0.0004945241380482912,0.00047163249109871686,0.047163249109871686
4,1721,430,1.32010817527771,0.00024614197900518775,0.0001864559162640944,0.01864559162640944
4,1722,430,1.418901801109314,0.00023316967417486012,0.00016433108248747885,0.016433108248747885
4,1723,430,1.0574339628219604,0.0005247428780421615,0.0004962417297065258,0.04962417297065258
4,1724,431,1.4974339008331299,0.0017479418311268091,0.0011672914260998368,0.11672914260998368
4,1725,431,1.6999647617340088,0.0021489134524017572,0.0012640929780900478,0.12640929780900478
4,1726,431,1.234806776046753,0.0018925168551504612,0.0015326420543715358,0.15326420543715358
4,1727,431,2.3475358486175537,0.0031147999688982964,0.0013268380425870419,0.13268380425870419
4,1728,432,1.6711702346801758,0.0026150678750127554,0.0015648123808205128,0.15648123808205128
4,1729,432,1.3516674041748047,0.001893313485197723,0.001400724402628839,0.1400724402628839
4,1730,432,1.6841250658035278,0.0015824573347344995,0.000939631718210876,0.0939631718210876
4,1731,432,1.2067627906799316,0.0024501383304595947,0.0020303395576775074,0.20303395576775074
4,1732,433,1.250281810760498,0.00021180990734137595,0.00016940973000600934,0.016940973000600934
4,1733,433,1.0143252611160278,0.0011003118706867099,0.0010847721714526415,0.10847721714526415
4,1734,433,1.2668300867080688,0.0006286051357164979,0.0004962031962350011,0.04962031962350011
4,1735,433,1.996168851852417,0.001693669706583023,0.0008484601275995374,0.08484601275995374
4,1736,434,1.3513983488082886,0.00012375072401482612,9.157235035672784e-05,0.009157235035672784
4,1737,434,1.5291574001312256,0.0007446964737027884,0.00048699791659601033,0.04869979165960103
4,1738,434,1.8072866201400757,0.000886566995177418,0.0004905514069832861,0.049055140698328614
4,1739,434,1.379098653793335,0.00027413631323724985,0.00019877933664247394,0.019877933664247394
4,1740,435,1.4378643035888672,0.00112625933252275,0.0007832862320356071,0.07832862320356071
4,1741,435,1.756578803062439,0.001733880490064621,0.0009870780631899834,0.09870780631899834
4,1742,435,1.9703929424285889,0.005855249706655741,0.0029716151766479015,0.29716151766479015
4,1743,435,1.6075290441513062,0.005788430571556091,0.0036008248571306467,0.36008248571306467
4,1744,436,1.0790024995803833,0.000738473841920495,0.0006844042218290269,0.0684404221829027
4,1745,436,1.3359441757202148,0.0021162836346775293,0.0015841107815504074,0.15841107815504074
4,1746,436,2.2785584926605225,0.002378827426582575,0.0010440053883939981,0.10440053883939981
4,1747,436,2.217003107070923,0.003934488166123629,0.0017746876692399383,0.17746876692399383
4,1748,437,1.486480474472046,0.00015807368617970496,0.000106340907223057,0.0106340907223057
4,1749,437,1.3150553703308105,0.0011283461935818195,0.0008580218418501318,0.08580218418501318
4,1750,437,1.8342772722244263,0.002857507672160864,0.0015578384045511484,0.15578384045511484
4,1751,437,1.5444873571395874,0.0026319134049117565,0.001704069203697145,0.1704069203697145
4,1752,438,1.3373486995697021,0.0011078891111537814,0.0008284220239147544,0.08284220239147544
4,1753,438,1.5394281148910522,0.0010768305510282516,0.0006995003786869347,0.06995003786869347
4,1754,438,1.841307520866394,0.00039962149458006024,0.00021703136735595763,0.021703136735595763
4,1755,438,1.9006353616714478,0.001259085489436984,0.000662455044221133,0.0662455044221133
4,1756,439,1.4010330438613892,9.979582682717592e-05,7.123017712729052e-05,0.007123017712729052
4,1757,439,1.4665874242782593,0.0005266709486022592,0.00035911324084736407,0.03591132408473641
4,1758,439,1.701115608215332,0.0008885874412953854,0.0005223557236604393,0.052235572366043925
4,1759,439,1.4184229373931885,0.0006227632402442396,0.0004390532849356532,0.04390532849356532
4,1760,440,1.199169397354126,0.0025230315513908863,0.0021039824932813644,0.21039824932813644
4,1761,440,1.5001546144485474,0.0012943572364747524,0.0008628158830106258,0.08628158830106258
4,1762,440,1.293619155883789,0.0026148587930947542,0.0020213513635098934,0.20213513635098934
4,1763,440,1.157854437828064,0.0011670368257910013,0.0010079304920509458,0.10079304920509458
4,1764,441,1.5238839387893677,0.0019947851542383432,0.0013090138090774417,0.13090138090774417
4,1765,441,1.6508824825286865,0.0035374825820326805,0.002142782788723707,0.21427827887237072
4,1766,441,1.8372288942337036,0.0007065546233206987,0.00038457626942545176,0.038457626942545176
4,1767,441,1.497963547706604,0.0011482444824650884,0.0007665369776077569,0.07665369776077569
4,1768,442,1.5582562685012817,0.004316441714763641,0.002770046005025506,0.2770046005025506
4,1769,442,1.8787293434143066,0.0014791726134717464,0.0007873260765336454,0.07873260765336454
4,1770,442,2.814861297607422,0.006550104357302189,0.0023269723169505596,0.23269723169505596
4,1771,442,1.5415478944778442,0.002022434724494815,0.0013119506184011698,0.13119506184011698
4,1772,443,1.0849621295928955,0.0006557506858371198,0.0006043995963409543,0.06043995963409543
4,1773,443,1.7274773120880127,0.0006133174174465239,0.0003550364635884762,0.03550364635884762
4,1774,443,1.8910930156707764,0.003329405328258872,0.001760571962222457,0.1760571962222457
4,1775,443,1.5019652843475342,0.0031879176385700703,0.0021224976517260075,0.21224976517260075
4,1776,444,1.477358102798462,0.0008259735768660903,0.000559088250156492,0.0559088250156492
4,1777,444,1.6268484592437744,0.0010936292819678783,0.0006722379475831985,0.06722379475831985
4,1778,444,1.8739802837371826,0.0012104073539376259,0.0006459018331952393,0.06459018331952393
4,1779,444,1.337103009223938,0.001978497486561537,0.0014796896139159799,0.147968961391598
4,1780,445,1.6924327611923218,0.0005350058781914413,0.0003161164640914649,0.03161164640914649
4,1781,445,1.331747055053711,0.0010697791585698724,0.000803290051408112,0.0803290051408112
4,1782,445,1.4635367393493652,0.0015347003936767578,0.0010486243991181254,0.10486243991181254
4,1783,445,1.255868673324585,0.0009699532529339194,0.0007723365561105311,0.07723365561105311
4,1784,446,2.020754337310791,0.003362357383593917,0.0016639119712635875,0.16639119712635875
4,1785,446,1.6106306314468384,0.00011052594345528632,6.862277223262936e-05,0.006862277223262936
4,1786,446,1.5981104373931885,0.002025159075856209,0.0012672209413722157,0.12672209413722157
4,1787,446,1.1196367740631104,0.0014347140677273273,0.0012814102228730917,0.12814102228730917
4,1788,447,1.4235084056854248,0.0008710797992534935,0.0006119245663285255,0.061192456632852554
4,1789,447,1.5540722608566284,0.0005250409594736993,0.00033784849802032113,0.03378484980203211
4,1790,447,1.3339523077011108,0.0007058117189444602,0.0005291131674312055,0.05291131674312055
4,1791,447,1.313570261001587,0.00032627585460431874,0.0002483885909896344,0.02483885909896344
4,1792,448,1.6326930522918701,0.0018439581617712975,0.0011293967254459858,0.11293967254459858
4,1793,448,1.1527369022369385,0.0006673014140687883,0.0005788843845948577,0.05788843845948577
4,1794,448,1.1661063432693481,0.0007588622975163162,0.0006507659563794732,0.06507659563794732
4,1795,448,1.5221329927444458,0.0017074268544092774,0.0011217329883947968,0.11217329883947968
4,1796,449,1.417860984802246,0.0007802506443113089,0.000550301221664995,0.055030122166499496
4,1797,449,1.488344430923462,0.00039663276402279735,0.00026649259962141514,0.026649259962141514
4,1798,449,1.5250723361968994,0.0011436357162892818,0.0007498894701711833,0.07498894701711833
4,1799,449,2.6894373893737793,0.00028857693541795015,0.00010730011126725003,0.010730011126725003
4,1800,450,1.6832778453826904,0.0008889739983715117,0.0005281207850202918,0.05281207850202918
4,1801,450,1.4353634119033813,0.0009749928722158074,0.0006792655331082642,0.06792655331082642
4,1802,450,1.32683527469635,0.0014743078500032425,0.0011111460626125336,0.11111460626125336
4,1803,450,1.0591799020767212,0.0008663554908707738,0.0008179493015632033,0.08179493015632033
4,1804,451,1.6892025470733643,0.0008215935667976737,0.0004863795475102961,0.04863795475102961
4,1805,451,1.4088882207870483,0.00039885533624328673,0.0002830993616953492,0.02830993616953492
4,1806,451,1.3473453521728516,0.00034759199479594827,0.0002579828433226794,0.02579828433226794
4,1807,451,1.2456766366958618,0.000513690582010895,0.00041237875120714307,0.04123787512071431
4,1808,452,1.1849972009658813,0.0008537612156942487,0.000720475276466459,0.0720475276466459
4,1809,452,1.0798494815826416,0.00025909888790920377,0.00023993982176762074,0.023993982176762074
4,1810,452,1.7092955112457275,0.0007187156588770449,0.00042047479655593634,0.042047479655593634
4,1811,452,1.3618569374084473,0.00026374327717348933,0.00019366445485502481,0.01936644548550248
4,1812,453,1.7967864274978638,0.0034875778947025537,0.0019410086097195745,0.19410086097195745
4,1813,453,1.203430414199829,0.004633687436580658,0.003850399050861597,0.3850399050861597
4,1814,453,1.758247971534729,0.004453468602150679,0.002532901242375374,0.2532901242375374
4,1815,453,1.3076660633087158,0.0010959780775010586,0.0008381177322007716,0.08381177322007716
4,1816,454,1.6866002082824707,0.0016691423952579498,0.0009896490955725312,0.09896490955725312
4,1817,454,1.7546777725219727,0.001175694982521236,0.000670034671202302,0.0670034671202302
4,1818,454,1.3772759437561035,0.0021518028806895018,0.0015623614890500903,0.15623614890500903
4,1819,454,1.888067364692688,0.0007312536472454667,0.000387302745366469,0.0387302745366469
4,1820,455,1.6876624822616577,0.0010510248830541968,0.0006227695848792791,0.062276958487927914
4,1821,455,1.5071473121643066,6.835970998508856e-05,4.5357021008385345e-05,0.0045357021008385345
4,1822,455,1.3121482133865356,0.0002241849433630705,0.0001708533673081547,0.01708533673081547
4,1823,455,1.6929385662078857,0.0012957414146512747,0.0007653800421394408,0.07653800421394408
4,1824,456,1.638619065284729,0.0008563750889152288,0.0005226199864409864,0.05226199864409864
4,1825,456,1.8237643241882324,0.00021310818556230515,0.00011685072968248278,0.011685072968248278
4,1826,456,1.3952956199645996,0.0020072879269719124,0.0014386111870408058,0.14386111870408058
4,1827,456,1.7271589040756226,0.0011127050966024399,0.0006442401208914816,0.06442401208914816
4,1828,457,1.5493135452270508,0.0005010739550925791,0.00032341675250791013,0.03234167525079101
4,1829,457,1.3228302001953125,0.0022204043343663216,0.0016785255866125226,0.16785255866125226
4,1830,457,1.4790239334106445,0.004880882333964109,0.0033000698313117027,0.3300069831311703
4,1831,457,1.6463866233825684,0.0034216116182506084,0.002078255172818899,0.20782551728188992
4,1832,458,1.4447599649429321,0.0012945731868967414,0.0008960472187027335,0.08960472187027335
4,1833,458,2.0981509685516357,0.002767916303128004,0.0013192169135436416,0.13192169135436416
4,1834,458,1.4785442352294922,0.000281594751868397,0.0001904540549730882,0.01904540549730882
4,1835,458,1.5007858276367188,0.0018491140799596906,0.0012320972746238112,0.12320972746238112
4,1836,459,1.1758366823196411,0.0027645572554320097,0.0023511406034231186,0.23511406034231186
4,1837,459,1.939607858657837,0.00029745561187155545,0.00015335863281507045,0.015335863281507045
4,1838,459,1.1103527545928955,0.00256552011705935,0.0023105451837182045,0.23105451837182045
4,1839,459,1.5306888818740845,5.2321636758279055e-05,3.418175765546039e-05,0.0034181757655460387
4,1840,460,1.368248701095581,0.004063698463141918,0.002969999797642231,0.2969999797642231
4,1841,460,1.311307430267334,0.0023702378384768963,0.0018075378611683846,0.18075378611683846
4,1842,460,1.2323728799819946,0.0019314259989187121,0.0015672416193410754,0.15672416193410754
4,1843,460,2.3563930988311768,0.003858670126646757,0.0016375324921682477,0.16375324921682477
4,1844,461,1.3823530673980713,0.0015238011255860329,0.0011023241095244884,0.11023241095244884
4,1845,461,1.3940281867980957,0.002690056338906288,0.0019297001417726278,0.19297001417726278
4,1846,461,1.6236348152160645,0.0026745651848614216,0.0016472701681777835,0.16472701681777835
4,1847,461,1.434640645980835,0.0028058274183422327,0.0019557701889425516,0.19557701889425516
4,1848,462,1.8165819644927979,0.0010170198511332273,0.0005598535644821823,0.055985356448218226
4,1849,462,1.7681503295898438,0.0013142445823177695,0.0007432877901010215,0.07432877901010215
4,1850,462,2.0709314346313477,0.0005196922575123608,0.0002509461482986808,0.025094614829868078
4,1851,462,1.5564271211624146,0.00023952152696438134,0.00015389190230052918,0.015389190230052918
4,1852,463,1.4655128717422485,0.00048004783457145095,0.0003275630297139287,0.03275630297139287
4,1853,463,1.0784153938293457,5.2544412028510123e-05,4.8723723011789843e-05,0.004872372301178984
4,1854,463,2.0240530967712402,0.0014562217984348536,0.0007194582722149789,0.0719458272214979
4,1855,463,1.8324089050292969,0.0012581381015479565,0.0006866033654659986,0.06866033654659986
4,1856,464,1.4462897777557373,0.0014997608959674835,0.0010369712254032493,0.10369712254032493
4,1857,464,1.2747869491577148,0.0010161777026951313,0.0007971353479661047,0.07971353479661047
4,1858,464,1.1461231708526611,0.0008548647747375071,0.0007458751206286252,0.07458751206286252
4,1859,464,1.4444931745529175,0.00099969154689461,0.0006920708110556006,0.06920708110556006
4,1860,465,1.0865386724472046,0.0014540883712470531,0.0013382757315412164,0.13382757315412164
4,1861,465,1.261664628982544,0.0024363957345485687,0.0019310961943119764,0.19310961943119764
4,1862,465,1.6245197057724,0.0028407045174390078,0.0017486426513642073,0.17486426513642073
4,1863,465,1.6765226125717163,0.0016910345293581486,0.0010086559923365712,0.10086559923365712
4,1864,466,1.2888052463531494,0.0005948464386165142,0.00046154874144122005,0.046154874144122005
4,1865,466,1.4166998863220215,0.00021824032592121512,0.0001540483790449798,0.015404837904497981
4,1866,466,1.456034779548645,0.0004987085703760386,0.00034251142642460763,0.03425114264246076
4,1867,466,2.2703137397766113,0.0011587671469897032,0.0005103995790705085,0.05103995790705085
4,1868,467,1.5471749305725098,0.0002853306941688061,0.00018442045256961137,0.018442045256961137
4,1869,467,1.202521562576294,0.00023650498769711703,0.0001966742129297927,0.01966742129297927
4,1870,467,1.5971323251724243,0.0010555577464401722,0.0006609081174246967,0.06609081174246967
4,1871,467,1.2880406379699707,0.001279400778003037,0.0009932921966537833,0.09932921966537833
4,1872,468,1.3855092525482178,0.00603278586640954,0.004354201257228851,0.43542012572288513
4,1873,468,1.2423694133758545,0.0023995700757950544,0.0019314464880153537,0.19314464880153537
4,1874,468,1.8529611825942993,0.005198725499212742,0.0028056311421096325,0.28056311421096325
4,1875,468,1.6399327516555786,0.0015199363697320223,0.0009268284775316715,0.09268284775316715
4,1876,469,1.6246224641799927,0.0004160206008236855,0.00025607217685319483,0.025607217685319483
4,1877,469,1.2832661867141724,0.0028509050607681274,0.002221600618213415,0.22216006182134151
4,1878,469,1.3650035858154297,1.721118860587012e-05,1.2608896213350818e-05,0.0012608896213350818
4,1879,469,1.1867974996566772,0.0024634720757603645,0.002075730822980404,0.2075730822980404
4,1880,470,1.3947722911834717,0.0018178655300289392,0.0013033421710133553,0.13033421710133553
4,1881,470,1.990187644958496,0.003884108504280448,0.0019516292959451675,0.19516292959451675
4,1882,470,2.0626697540283203,0.002879914827644825,0.0013962073717266321,0.1396207371726632
4,1883,470,1.045029640197754,0.0006411930080503225,0.0006135644507594407,0.061356445075944066
4,1884,471,1.3371436595916748,0.00046787961036898196,0.0003499097656458616,0.03499097656458616
4,1885,471,1.1886688470840454,0.002687364351004362,0.0022608183789998293,0.22608183789998293
4,1886,471,2.0842480659484863,0.002179756760597229,0.0010458240285515785,0.10458240285515785
4,1887,471,1.2616329193115234,0.0010153184412047267,0.0008047653245739639,0.08047653245739639
4,1888,472,1.150537133216858,0.0009427158511243761,0.000819370208773762,0.0819370208773762
4,1889,472,1.5553289651870728,0.00024043115263339132,0.00015458540292456746,0.015458540292456746
4,1890,472,1.4222583770751953,0.0005744045483879745,0.00040386791806668043,0.04038679180666804
4,1891,472,1.4998953342437744,0.0010836650617420673,0.0007224938017316163,0.07224938017316163
4,1892,473,1.0317140817642212,0.0006547445664182305,0.0006346182199195027,0.06346182199195027
4,1893,473,1.536426067352295,9.78659518295899e-05,6.369714537868276e-05,0.006369714537868276
4,1894,473,1.6887515783309937,0.0009966549696400762,0.0005901726544834673,0.059017265448346734
4,1895,473,1.9033900499343872,0.0015890218783169985,0.0008348377305082977,0.08348377305082977
4,1896,474,1.7533555030822754,0.0018331699538975954,0.001045520999468863,0.1045520999468863
4,1897,474,1.2122498750686646,0.0018885311437770724,0.0015578728634864092,0.15578728634864092
4,1898,474,1.4937795400619507,0.0018826175946742296,0.0012603048235177994,0.12603048235177994
4,1899,474,1.2386044263839722,0.0035470025613904,0.002863708883523941,0.2863708883523941
4,1900,475,1.2179017066955566,0.003139561740681529,0.0025778450071811676,0.25778450071811676
4,1901,475,2.56349778175354,0.0005405019037425518,0.00021084547915961593,0.021084547915961593
4,1902,475,1.4734739065170288,0.00048274133587256074,0.00032762123737484217,0.03276212373748422
4,1903,475,0.8944157361984253,0.003043437609449029,0.0034027101937681437,0.34027101937681437
4,1904,476,1.337385654449463,0.006127425469458103,0.00458164419978857,0.45816441997885704
4,1905,476,1.5640549659729004,0.005298240575939417,0.003387502860277891,0.3387502860277891
4,1906,476,1.960037350654602,0.007313809357583523,0.0037314642686396837,0.3731464268639684
4,1907,476,1.3629646301269531,0.005038704723119736,0.0036968712229281664,0.36968712229281664
4,1908,477,1.6041492223739624,0.0009298676741309464,0.0005796640762127936,0.05796640762127936
4,1909,477,1.1829766035079956,0.002799717243760824,0.0023666718043386936,0.23666718043386936
4,1910,477,1.246699333190918,0.0015660165809094906,0.0012561301700770855,0.12561301700770855
4,1911,477,1.7884855270385742,0.0026978508103638887,0.00150845549069345,0.150845549069345
4,1912,478,1.8113439083099365,0.002815140411257744,0.0015541722532361746,0.15541722532361746
4,1913,478,1.4785699844360352,0.0009810802293941379,0.0006635331665165722,0.06635331665165722
4,1914,478,1.3905141353607178,0.0012654535239562392,0.0009100615861825645,0.09100615861825645
4,1915,478,1.2514615058898926,0.0029251975938677788,0.0023374252486974,0.23374252486974
4,1916,479,1.7199050188064575,0.0022062172647565603,0.00128275528550148,0.128275528550148
4,1917,479,1.4097055196762085,0.00017344398656859994,0.00012303561379667372,0.012303561379667372
4,1918,479,1.3999764919281006,0.00019484112272039056,0.00013917456089984626,0.013917456089984626
4,1919,479,1.8455671072006226,0.00215492257848382,0.0011676207650452852,0.11676207650452852
4,1920,480,1.3180534839630127,0.000560284941457212,0.0004250851343385875,0.04250851343385875
4,1921,480,1.23599374294281,0.00016939439228735864,0.00013705117453355342,0.013705117453355342
4,1922,480,1.2110750675201416,0.0017173076048493385,0.0014180026482790709,0.14180026482790709
4,1923,480,1.4308388233184814,0.0017832184676080942,0.0012462749145925045,0.12462749145925045
4,1924,481,1.3877665996551514,0.0021437681280076504,0.0015447612386196852,0.15447612386196852
4,1925,481,1.6152822971343994,0.001600626390427351,0.0009909267537295818,0.09909267537295818
4,1926,481,1.525072693824768,0.0021753907203674316,0.0014264177298173308,0.14264177298173308
4,1927,481,1.4271349906921387,0.0008930192561820149,0.0006257426575757563,0.06257426575757563
4,1928,482,2.2872684001922607,0.0010884120129048824,0.00047585670836269855,0.047585670836269855
4,1929,482,1.9030028581619263,0.0003565368533600122,0.000187354875379242,0.0187354875379242
4,1930,482,1.4653829336166382,0.0013386966893449426,0.0009135473519563675,0.09135473519563675
4,1931,482,1.7209755182266235,0.00011483296839287505,6.672550807707012e-05,0.006672550807707012
4,1932,483,1.3777042627334595,0.0010038152104243636,0.0007286144536919892,0.07286144536919892
4,1933,483,1.9293712377548218,0.0015885599423199892,0.0008233562693931162,0.08233562693931162
4,1934,483,1.5643579959869385,0.001311189029365778,0.0008381642983295023,0.08381642983295023
4,1935,483,1.2581418752670288,0.001779524376615882,0.0014144068118184805,0.14144068118184805
4,1936,484,1.54135000705719,0.0025489837862551212,0.0016537345945835114,0.16537345945835114
4,1937,484,1.901245355606079,0.0010512269800528884,0.0005529149784706533,0.05529149784706533
4,1938,484,2.291207790374756,0.0010640997206792235,0.00046442743041552603,0.0464427430415526
4,1939,484,1.4874250888824463,0.0018381037516519427,0.0012357622617855668,0.12357622617855668
4,1940,485,1.36106276512146,0.00022688682656735182,0.00016669828619342297,0.016669828619342297
4,1941,485,1.6765406131744385,0.00042638121522031724,0.00025432201800867915,0.025432201800867915
4,1942,485,2.3303422927856445,0.0009595364681445062,0.0004117577336728573,0.04117577336728573
4,1943,485,1.2772237062454224,0.0012043057940900326,0.0009429090423509479,0.09429090423509479
4,1944,486,2.2578020095825195,0.0014980629784986377,0.000663505052216351,0.0663505052216351
4,1945,486,1.530612826347351,0.001912783132866025,0.0012496844865381718,0.12496844865381718
4,1946,486,1.4104692935943604,0.0006652410374954343,0.000471645180368796,0.0471645180368796
4,1947,486,2.0156452655792236,0.0023352315183728933,0.0011585528263822198,0.11585528263822198
4,1948,487,1.690873146057129,0.0020261940080672503,0.0011983122676610947,0.11983122676610947
4,1949,487,1.1809098720550537,0.00039856284274719656,0.0003375048690941185,0.03375048690941185
4,1950,487,1.3822963237762451,0.0025989923160523176,0.001880199066363275,0.1880199066363275
4,1951,487,1.7490156888961792,0.0009638939518481493,0.0005511065246537328,0.05511065246537328
4,1952,488,1.3075135946273804,0.00038865365786477923,0.00029724635533057153,0.029724635533057153
4,1953,488,1.3114030361175537,0.0015154744032770395,0.0011556129902601242,0.11556129902601242
4,1954,488,1.2887938022613525,0.0010611817706376314,0.000823391426820308,0.0823391426820308
4,1955,488,1.7550519704818726,0.0012139622122049332,0.000691695895511657,0.0691695895511657
4,1956,489,1.1648707389831543,0.0018240089993923903,0.001565846730954945,0.1565846730954945
4,1957,489,2.109828233718872,0.0017107982421293855,0.0008108708425424993,0.08108708425424993
4,1958,489,1.6419767141342163,0.0007626057486049831,0.00046444369945675135,0.046444369945675135
4,1959,489,1.5754390954971313,0.002369927940890193,0.0015042967861518264,0.15042967861518264
4,1960,490,1.313481330871582,0.0006471914821304381,0.0004927298869006336,0.04927298869006336
4,1961,490,1.6812790632247925,0.0003039647708646953,0.00018079376604873687,0.018079376604873687
4,1962,490,1.5727064609527588,0.0008077472448348999,0.0005136033287271857,0.05136033287271857
4,1963,490,1.656941533088684,0.00048176280688494444,0.0002907542511820793,0.02907542511820793
4,1964,491,1.44928777217865,0.0034488216042518616,0.0023796665482223034,0.23796665482223034
4,1965,491,1.8725106716156006,0.0020286005456000566,0.0010833586566150188,0.10833586566150188
4,1966,491,2.2342305183410645,0.004172808490693569,0.001867671380750835,0.1867671380750835
4,1967,491,1.8802220821380615,0.001206859014928341,0.0006418704870156944,0.06418704870156944
4,1968,492,1.5061911344528198,0.0032291060779243708,0.002143888734281063,0.2143888734281063
4,1969,492,1.8400194644927979,0.0038384210783988237,0.00208607641980052,0.208607641980052
4,1970,492,1.5640778541564941,0.004385723732411861,0.0028040315955877304,0.28040315955877304
4,1971,492,1.774685025215149,0.001251713023521006,0.0007053156150504947,0.07053156150504947
4,1972,493,1.4108166694641113,0.0004468186234589666,0.0003167091927025467,0.03167091927025467
4,1973,493,1.4479806423187256,0.0024694018065929413,0.0017054107738658786,0.17054107738658786
4,1974,493,1.2888141870498657,0.003127183998003602,0.0024264040403068066,0.24264040403068066
4,1975,493,1.4396798610687256,0.0040679131634533405,0.002825567964464426,0.2825567964464426
4,1976,494,1.1398591995239258,0.0008801718940958381,0.0007721759611740708,0.07721759611740708
4,1977,494,1.6234185695648193,0.0011975775705650449,0.0007376887369900942,0.07376887369900942
4,1978,494,1.338576316833496,0.0006554694846272469,0.0004896766040474176,0.048967660404741764
4,1979,494,1.0679874420166016,0.001258866861462593,0.0011787281837314367,0.11787281837314367
4,1980,495,1.6018829345703125,0.006218707654625177,0.0038821236230432987,0.38821236230432987
4,1981,495,1.3473025560379028,0.0063345590606331825,0.004701660480350256,0.4701660480350256
4,1982,495,1.6942989826202393,0.0077563985250890255,0.004577939864248037,0.45779398642480373
4,1983,495,1.941739559173584,0.003926653414964676,0.00202223495580256,0.20222349558025599
4,1984,496,1.2651318311691284,0.0007314581889659166,0.0005781675572507083,0.057816755725070834
4,1985,496,1.1849703788757324,0.0008991941576823592,0.0007588326116092503,0.07588326116092503
4,1986,496,1.1318082809448242,0.0006793762440793216,0.0006002573645673692,0.06002573645673692
4,1987,496,1.567388653755188,0.00015860277926549315,0.00010118918726220727,0.010118918726220727
4,1988,497,1.9109970331192017,0.00045465590665116906,0.00023791554849594831,0.02379155484959483
4,1989,497,1.1552729606628418,0.0009934603003785014,0.0008599355351179838,0.08599355351179838
4,1990,497,1.6330996751785278,0.0005463518900796771,0.0003345490258652717,0.03345490258652717
4,1991,497,1.2389010190963745,0.0004377902369014919,0.0003533698327373713,0.03533698327373713
4,1992,498,1.5073193311691284,0.0003622479853220284,0.00024032597139012069,0.02403259713901207
4,1993,498,1.2618041038513184,0.0010172518668696284,0.0008061884436756372,0.08061884436756372
4,1994,498,1.4071059226989746,0.0011278443271294236,0.0008015347993932664,0.08015347993932664
4,1995,498,1.2337822914123535,0.000506501761265099,0.00041052766027860343,0.04105276602786034
4,1996,499,1.4506785869598389,0.0010927593102678657,0.000753274594899267,0.0753274594899267
4,1997,499,1.64806067943573,0.0013965023681521416,0.0008473609923385084,0.08473609923385084
4,1998,499,1.5444769859313965,0.0009698728681541979,0.000627961999271065,0.0627961999271065
4,1999,499,1.7480472326278687,0.000985230435617268,0.0005636177374981344,0.05636177374981344
4,2000,500,1.1375008821487427,0.0006742710247635841,0.0005927652819082141,0.05927652819082141
4,2001,500,2.129821300506592,0.00035074440529569983,0.0001646825548959896,0.01646825548959896
4,2002,500,2.008010149002075,0.002689927816390991,0.0013395986752584577,0.13395986752584577
4,2003,500,1.2825289964675903,0.002642072970047593,0.0020600492134690285,0.20600492134690285
4,2004,501,1.9812304973602295,0.0010523373493924737,0.0005311534041538835,0.053115340415388346
4,2005,501,1.1941795349121094,0.0012326349969953299,0.0010322023881599307,0.10322023881599307
4,2006,501,2.409003496170044,0.0007191805052570999,0.00029853859450668097,0.029853859450668097
4,2007,501,1.1331900358200073,0.0006918428698554635,0.0006105267675593495,0.061052676755934954
4,2008,502,1.307175874710083,0.0026363662909716368,0.0020168412011116743,0.20168412011116743
4,2009,502,1.0800344944000244,0.0004972176975570619,0.00046037204447202384,0.046037204447202384
4,2010,502,1.4581072330474854,0.002434477210044861,0.0016696146922186017,0.16696146922186017
4,2011,502,1.6124346256256104,0.00039754316094331443,0.0002465483848936856,0.024654838489368558
4,2012,503,1.1766811609268188,0.0006401196587830782,0.000544004316907376,0.054400431690737605
4,2013,503,1.9943557977676392,0.00041204618173651397,0.0002066061570076272,0.02066061570076272
4,2014,503,1.6558092832565308,8.562181028537452e-05,5.1709947001654655e-05,0.0051709947001654655
4,2015,503,1.430787205696106,0.0006423539598472416,0.00044895143946632743,0.04489514394663274
4,2016,504,1.2218745946884155,0.001242064288817346,0.0010165235726162791,0.10165235726162791
4,2017,504,1.8235688209533691,0.0012346984585747123,0.0006770780892111361,0.06770780892111361
4,2018,504,1.5222071409225464,0.0002666303189471364,0.00017516034131404012,0.017516034131404012
4,2019,504,1.334899663925171,0.0002963454753626138,0.00022199831437319517,0.022199831437319517
4,2020,505,1.787285566329956,0.002363248262554407,0.0013222555862739682,0.13222555862739682
4,2021,505,1.5935667753219604,0.003724091686308384,0.0023369535338133574,0.23369535338133574
4,2022,505,1.8299062252044678,0.0002865331480279565,0.00015658351185265929,0.01565835118526593
4,2023,505,1.8844337463378906,0.003081896807998419,0.0016354498220607638,0.16354498220607638
4,2024,506,1.5550580024719238,0.002724582562223077,0.0017520777182653546,0.17520777182653546
4,2025,506,1.6771056652069092,0.004035861697047949,0.002406444400548935,0.2406444400548935
4,2026,506,1.9203205108642578,0.0024831038899719715,0.0012930674711242318,0.12930674711242318
4,2027,506,1.4937894344329834,0.000640977406874299,0.00042909488547593355,0.042909488547593355
4,2028,507,1.6731500625610352,0.0022347925696521997,0.0013356796698644757,0.13356796698644757
4,2029,507,1.2736916542053223,0.002354690805077553,0.0018487133784219623,0.18487133784219623
4,2030,507,1.238814353942871,0.001902956049889326,0.0015361107653006911,0.1536110765300691
4,2031,507,1.4069916009902954,0.0017058446537703276,0.001212405739352107,0.1212405739352107
4,2032,508,1.2579457759857178,0.0025230359751731157,0.0020056795328855515,0.20056795328855515
4,2033,508,1.4959754943847656,0.00583247933536768,0.003898780094459653,0.3898780094459653
4,2034,508,1.7563005685806274,0.0008348720730282366,0.000475358305266127,0.0475358305266127
4,2035,508,1.694478988647461,0.004162141587585211,0.002456295769661665,0.2456295769661665
4,2036,509,1.7941062450408936,0.000789330864790827,0.00043995771557092667,0.04399577155709267
4,2037,509,1.509068489074707,0.003137507475912571,0.002079102210700512,0.2079102210700512
4,2038,509,1.3840998411178589,0.0014911326579749584,0.0010773303220048547,0.10773303220048547
4,2039,509,1.5808639526367188,0.002324615139514208,0.0014704713830724359,0.14704713830724359
4,2040,510,1.2687913179397583,0.002742945682257414,0.002161857206374407,0.21618572063744068
4,2041,510,1.510749101638794,0.0004731983062811196,0.00031322098220698535,0.031322098220698535
4,2042,510,1.3543832302093506,0.0018186054658144712,0.0013427555095404387,0.13427555095404387
4,2043,510,1.0741541385650635,0.0016026196535676718,0.0014919829554855824,0.14919829554855824
4,2044,511,1.3883897066116333,0.0016996650956571102,0.0012241988442838192,0.12241988442838192
4,2045,511,2.0100536346435547,0.0017930902540683746,0.0008920609252527356,0.08920609252527356
4,2046,511,1.388555645942688,0.0009056581184267998,0.0006522303447127342,0.06522303447127342
4,2047,511,1.2379070520401,0.0012962291948497295,0.0010471135610714555,0.10471135610714555
4,2048,512,1.5393486022949219,0.0013438391033560038,0.0008729920373298228,0.08729920373298228
4,2049,512,1.9092750549316406,0.004020936321467161,0.002106001600623131,0.21060016006231308
4,2050,512,1.4086183309555054,0.002757411915808916,0.0019575294572860003,0.19575294572860003
4,2051,512,1.7091598510742188,0.004230729304254055,0.002475326880812645,0.2475326880812645
4,2052,513,1.2685959339141846,0.0005729901604354382,0.00045167270582169294,0.045167270582169294
4,2053,513,1.4078867435455322,0.0009094562847167253,0.0006459726137109101,0.06459726137109101
4,2054,513,1.0268380641937256,0.0008413529139943421,0.000819362816400826,0.0819362816400826
4,2055,513,1.108498215675354,0.0005159004940651357,0.00046540488256141543,0.04654048825614154
4,2056,514,1.5872434377670288,0.0019486283417791128,0.0012276808265596628,0.12276808265596628
4,2057,514,1.3107434511184692,0.00196943455375731,0.0015025323955342174,0.15025323955342174
4,2058,514,1.2880380153656006,0.0018465970642864704,0.0014336510794237256,0.14336510794237256
4,2059,514,1.563568353652954,0.005115265026688576,0.0032715327106416225,0.32715327106416225
4,2060,515,1.6626986265182495,0.005075162276625633,0.003052364569157362,0.3052364569157362
4,2061,515,1.3996063470840454,0.0010432975832372904,0.0007454221486113966,0.07454221486113966
4,2062,515,1.5351390838623047,0.002042552921921015,0.0013305328320711851,0.1330532832071185
4,2063,515,1.3245238065719604,0.0067899408750236034,0.0051263258792459965,0.5126325879245996
4,2064,516,1.3255449533462524,0.0010102225933223963,0.0007621187251061201,0.07621187251061201
4,2065,516,1.7782199382781982,0.0005695988656952977,0.00032031969749368727,0.03203196974936873
4,2066,516,1.441753625869751,0.0010507204569876194,0.0007287794724106789,0.07287794724106789
4,2067,516,1.3897967338562012,0.0009451140649616718,0.0006800375995226204,0.06800375995226204
4,2068,517,1.3636701107025146,0.0015116619179025292,0.0011085246223956347,0.11085246223956347
4,2069,517,1.377930760383606,0.0019424185156822205,0.0014096633531153202,0.14096633531153202
4,2070,517,1.6976215839385986,0.00288578262552619,0.0016998974606394768,0.16998974606394768
4,2071,517,1.5853631496429443,0.0012352913618087769,0.0007791850948706269,0.07791850948706269
4,2072,518,2.164271354675293,0.0043806042522192,0.002024054992944002,0.20240549929440022
4,2073,518,1.6251527070999146,0.002042924053966999,0.0012570659164339304,0.12570659164339304
4,2074,518,1.8205246925354004,0.004484598524868488,0.0024633549619466066,0.24633549619466066
4,2075,518,1.5918235778808594,0.0010142761748284101,0.0006371787749230862,0.06371787749230862
4,2076,519,1.4518251419067383,0.002682354301214218,0.0018475739052519202,0.18475739052519202
4,2077,519,1.594765305519104,0.0016716757090762258,0.0010482268407940865,0.10482268407940865
4,2078,519,1.9065663814544678,0.0012299236841499805,0.0006450988003052771,0.06450988003052771
4,2079,519,1.3615350723266602,0.0026412857696413994,0.0019399322336539626,0.19399322336539626
4,2080,520,1.2596276998519897,0.0013359565054997802,0.0010605963179841638,0.10605963179841638
4,2081,520,1.686493992805481,0.0023611988872289658,0.0014000636292621493,0.14000636292621493
4,2082,520,1.2856957912445068,0.00018475265824235976,0.00014369857672136277,0.014369857672136277
4,2083,520,1.833789587020874,0.0012491211527958512,0.0006811692728661001,0.06811692728661001
4,2084,521,1.0464965105056763,0.000206572818569839,0.0001973946491489187,0.01973946491489187
4,2085,521,1.8035963773727417,0.0022226760629564524,0.00123235781211406,0.12323578121140599
4,2086,521,2.058788776397705,0.00244314968585968,0.0011866927379742265,0.11866927379742265
4,2087,521,1.24668550491333,0.00036522839218378067,0.0002929595357272774,0.02929595357272774
4,2088,522,1.7957156896591187,0.0004909475101158023,0.00027339934604242444,0.027339934604242444
4,2089,522,2.037663221359253,0.0002727939572650939,0.00013387587387114763,0.013387587387114763
4,2090,522,1.0990089178085327,0.0006964129861444235,0.000633673625998199,0.0633673625998199
4,2091,522,1.0390455722808838,0.0005701464251615107,0.0005487212911248207,0.05487212911248207
4,2092,523,1.3936443328857422,0.0022289601620286703,0.001599375158548355,0.1599375158548355
4,2093,523,1.522150993347168,0.002053244737908244,0.0013489100383594632,0.13489100383594632
4,2094,523,1.132598876953125,0.0009509742958471179,0.0008396391058340669,0.08396391058340669
4,2095,523,1.3124812841415405,0.0003514356794767082,0.00026776434970088303,0.026776434970088303
4,2096,524,1.8243598937988281,0.0016155282501131296,0.0008855315390974283,0.08855315390974283
4,2097,524,1.518550992012024,0.0037071756087243557,0.0024412586353719234,0.24412586353719234
4,2098,524,1.764978051185608,0.003576182760298252,0.0020261909812688828,0.20261909812688828
4,2099,524,1.48780357837677,0.001647094963118434,0.0011070647742599249,0.11070647742599249
4,2100,525,1.7145044803619385,0.0016871995758265257,0.000984074198640883,0.0984074198640883
4,2101,525,2.2520060539245605,0.0015383739955723286,0.0006831127102486789,0.06831127102486789
4,2102,525,1.4373788833618164,0.0013380559394136071,0.0009308999287895858,0.09308999287895858
4,2103,525,1.1549718379974365,0.001501440186984837,0.0012999798636883497,0.12999798636883497
4,2104,526,1.4163386821746826,0.0011247447691857815,0.0007941213552840054,0.07941213552840054
4,2105,526,1.1561447381973267,0.0015345022547990084,0.0013272579526528716,0.13272579526528716
4,2106,526,1.6996426582336426,0.0011541181011125445,0.0006790357292629778,0.06790357292629778
4,2107,526,1.3889154195785522,0.001463969238102436,0.001054037711583078,0.10540377115830779
4,2108,527,1.1584680080413818,0.0010137283243238926,0.0008750593988224864,0.08750593988224864
4,2109,527,2.4092726707458496,0.0036991399247199297,0.0015353761846199632,0.15353761846199632
4,2110,527,1.6626065969467163,0.0039575472474098206,0.0023803268559277058,0.23803268559277058
4,2111,527,1.075703740119934,0.002310191746801138,0.0021476096007972956,0.21476096007972956
4,2112,528,1.4917861223220825,0.0024877716787159443,0.0016676463419571519,0.1667646341957152
4,2113,528,1.711145281791687,0.002242614049464464,0.001310592400841415,0.1310592400841415
4,2114,528,1.6655080318450928,0.000608085363637656,0.0003651050210464746,0.03651050210464746
4,2115,528,1.7632733583450317,0.00032168833422474563,0.00018243814702145755,0.018243814702145755
4,2116,529,1.5356833934783936,0.0013418432790786028,0.0008737759781070054,0.08737759781070054
4,2117,529,1.183681607246399,0.0005575605318881571,0.00047103926772251725,0.047103926772251725
4,2118,529,1.71038818359375,0.0019210691098123789,0.0011231772368773818,0.11231772368773818
4,2119,529,1.5184738636016846,0.0024293395690619946,0.0015998560702428222,0.15998560702428222
4,2120,530,1.5490130186080933,0.003432927653193474,0.002216203138232231,0.22162031382322311
4,2121,530,1.0688921213150024,0.0002562758163549006,0.000239758359384723,0.0239758359384723
4,2122,530,1.416266918182373,0.002264091046527028,0.0015986330108717084,0.15986330108717084
4,2123,530,1.6853067874908447,0.002235375577583909,0.0013263908913359046,0.13263908913359046
4,2124,531,1.510981559753418,0.0010549428407102823,0.000698183779604733,0.0698183779604733
4,2125,531,0.9393619298934937,0.0008757176692597568,0.0009322473779320717,0.09322473779320717
4,2126,531,1.367292046546936,0.0002082957944367081,0.00015234184684231877,0.015234184684231877
4,2127,531,1.4301847219467163,0.0007610856555402279,0.0005321589997038245,0.05321589997038245
4,2128,532,1.456723928451538,0.0006440848228521645,0.00044214611989445984,0.044214611989445984
4,2129,532,1.4036730527877808,0.0004437877214513719,0.00031616174965165555,0.031616174965165555
4,2130,532,1.3630869388580322,0.000943790131714195,0.0006923917098902166,0.06923917098902166
4,2131,532,1.4649481773376465,0.0003568322863429785,0.00024358014343306422,0.024358014343306422
4,2132,533,1.3281012773513794,0.0005272533162496984,0.00039699781336821616,0.039699781336821616
4,2133,533,1.4883452653884888,0.0007696744869463146,0.0005171343800611794,0.05171343800611794
4,2134,533,1.6297235488891602,0.0015503598842769861,0.0009513023542240262,0.09513023542240262
4,2135,533,1.6775035858154297,0.002712168963626027,0.0016167887952178717,0.16167887952178717
4,2136,534,1.3960378170013428,0.0002454206405673176,0.00017579799168743193,0.017579799168743193
4,2137,534,1.4128880500793457,0.0005900942487642169,0.0004176511138211936,0.04176511138211936
4,2138,534,1.4146864414215088,0.0006696184864267707,0.0004733334935735911,0.04733334935735911
4,2139,534,1.4614776372909546,0.0006937204161658883,0.0004746705526486039,0.04746705526486039
4,2140,535,1.3379396200180054,0.0003384620067663491,0.0002529725607018918,0.025297256070189178
4,2141,535,1.3375152349472046,0.000971656059846282,0.0007264635642059147,0.07264635642059147
4,2142,535,1.4317322969436646,0.0010205568978562951,0.0007128126453608274,0.07128126453608274
4,2143,535,1.131481409072876,0.0005416608182713389,0.0004787182551808655,0.04787182551808655
4,2144,536,1.467029094696045,0.00337659427896142,0.0023016545455902815,0.23016545455902815
4,2145,536,2.6038694381713867,0.003666832111775875,0.0014082242269068956,0.14082242269068956
4,2146,536,1.4859474897384644,0.005506597924977541,0.003705782350152731,0.3705782350152731
4,2147,536,1.1177642345428467,0.001192983239889145,0.0010672941571101546,0.10672941571101546
4,2148,537,1.5740412473678589,0.0017907607834786177,0.0011376835172995925,0.11376835172995925
4,2149,537,1.1731220483779907,0.0004220946575514972,0.00035980454413220286,0.035980454413220286
4,2150,537,1.2209603786468506,0.00023919899831525981,0.000195910528418608,0.0195910528418608
4,2151,537,1.911773443222046,0.0017507650190964341,0.0009157806052826345,0.09157806052826345
4,2152,538,1.1005460023880005,0.0002478553506080061,0.00022521126084029675,0.022521126084029675
4,2153,538,1.4590212106704712,0.0018435559468343854,0.0012635566527023911,0.12635566527023911
4,2154,538,1.9093010425567627,0.0012035605031996965,0.0006303670816123486,0.06303670816123486
4,2155,538,1.9525649547576904,0.001724100555293262,0.0008829926955513656,0.08829926955513656
4,2156,539,1.1178101301193237,0.002035674639046192,0.0018211273709312081,0.1821127370931208
4,2157,539,1.594220757484436,0.002029275521636009,0.0012728949077427387,0.12728949077427387
4,2158,539,1.9414912462234497,0.0016855336725711823,0.0008681644685566425,0.08681644685566425
4,2159,539,1.9001978635787964,0.00025853642728179693,0.00013605762796942145,0.013605762796942145
4,2160,540,2.466834783554077,0.00413705175742507,0.0016770688816905022,0.16770688816905022
4,2161,540,1.545867919921875,0.0015473765088245273,0.0010009758407250047,0.10009758407250047
4,2162,540,1.3653734922409058,0.0005534165538847446,0.00040532246930524707,0.04053224693052471
4,2163,540,2.2114882469177246,0.004889203235507011,0.0022108203265815973,0.22108203265815973
4,2164,541,1.5606846809387207,0.0004633598728105426,0.0002968952467199415,0.02968952467199415
4,2165,541,1.5476287603378296,0.0009594017756171525,0.0006199172348715365,0.06199172348715365
4,2166,541,1.2093759775161743,0.003981697838753462,0.0032923573162406683,0.32923573162406683
4,2167,541,1.8859167098999023,0.0036175912246108055,0.0019182136747986078,0.19182136747986078
4,2168,542,1.1210424900054932,0.0009298982913605869,0.0008294942672364414,0.08294942672364414
4,2169,542,1.4003053903579712,0.0023984566796571016,0.0017128096660599113,0.17128096660599113
4,2170,542,1.5741844177246094,0.0014374726451933384,0.0009131539263762534,0.09131539263762534
4,2171,542,1.514574408531189,0.0006589427939616144,0.0004350679519120604,0.04350679519120604
4,2172,543,1.4545491933822632,0.001047854544594884,0.0007203981513157487,0.07203981513157487
4,2173,543,1.4043151140213013,0.0005778280319646001,0.00041146608418785036,0.041146608418785036
4,2174,543,1.003584861755371,0.00010051623394247144,0.00010015718726208434,0.010015718726208434
4,2175,543,1.7626925706863403,0.0013866821536794305,0.0007866840460337698,0.07866840460337698
4,2176,544,1.5044257640838623,0.00017324218060821295,0.00011515502410475165,0.011515502410475165
4,2177,544,1.5306087732315063,0.0003513807896524668,0.0002295692975167185,0.02295692975167185
4,2178,544,1.3688815832138062,0.0006302125984802842,0.00046038502478040755,0.046038502478040755
4,2179,544,1.3653596639633179,0.000155554516823031,0.00011392933083698153,0.011392933083698153
4,2180,545,1.2668695449829102,0.0028778521809726954,0.0022716247476637363,0.22716247476637363
4,2181,545,1.5594656467437744,0.002854360267519951,0.001830345019698143,0.1830345019698143
4,2182,545,1.7773977518081665,0.002822855720296502,0.0015881957951933146,0.15881957951933146
4,2183,545,1.1307681798934937,0.0015053197275847197,0.0013312363298609853,0.13312363298609853
4,2184,546,1.8730440139770508,0.0006690868176519871,0.00035721895983442664,0.035721895983442664
4,2185,546,1.678871989250183,0.0015050345100462437,0.0008964557782746851,0.08964557782746851
4,2186,546,1.6419416666030884,0.00014658633153885603,8.927621092880145e-05,0.008927621092880145
4,2187,546,1.4503575563430786,0.001351308892481029,0.0009317074436694384,0.09317074436694384
4,2188,547,1.4056532382965088,0.001573791727423668,0.0011196158593520522,0.11196158593520522
4,2189,547,1.5962375402450562,0.002210869686678052,0.001385050592944026,0.1385050592944026
4,2190,547,1.2785420417785645,0.0015294916229322553,0.001196277909912169,0.1196277909912169
4,2191,547,1.7752060890197754,0.0020824160892516375,0.0011730559635907412,0.11730559635907412
4,2192,548,1.247323751449585,0.0015141512267291546,0.00121391995344311,0.121391995344311
4,2193,548,1.3343929052352905,0.0022500953637063503,0.001686231466010213,0.1686231466010213
4,2194,548,1.272943377494812,0.001189686357975006,0.0009345948928967118,0.09345948928967118
4,2195,548,1.723312258720398,0.0009380845003761351,0.0005443497211672366,0.05443497211672366
4,2196,549,1.8554317951202393,0.0019196169450879097,0.0010345930932089686,0.10345930932089686
4,2197,549,1.5618150234222412,0.004233618266880512,0.002710703993216157,0.2710703993216157
4,2198,549,1.434945821762085,0.0008692452684044838,0.0006057686987333,0.06057686987333
4,2199,549,1.6074070930480957,0.005032545421272516,0.0031308468896895647,0.31308468896895647
4,2200,550,1.3533340692520142,0.0019437976879999042,0.0014363029040396214,0.14363029040396214
4,2201,550,1.9081707000732422,0.0001991838071262464,0.00010438469325890765,0.010438469325890765
4,2202,550,1.8948163986206055,7.779599400237203e-05,4.105727202841081e-05,0.004105727202841081
4,2203,550,1.1349269151687622,0.0018088805954903364,0.0015938300639390945,0.15938300639390945
4,2204,551,1.3936865329742432,0.0037195878103375435,0.002668884117156267,0.2668884117156267
4,2205,551,1.2691587209701538,0.004729965701699257,0.0037268511950969696,0.37268511950969696
4,2206,551,1.7792962789535522,0.0012162631610408425,0.0006835641688667238,0.06835641688667238
4,2207,551,1.5219831466674805,0.0023593062069267035,0.0015501526650041342,0.15501526650041342
4,2208,552,1.4303067922592163,0.00044748533400706947,0.00031285968725569546,0.031285968725569546
4,2209,552,1.111630916595459,0.0003372462233528495,0.00030337966745719314,0.030337966745719314
4,2210,552,1.2982099056243896,0.0004980204394087195,0.00038362087798304856,0.038362087798304856
4,2211,552,2.14443302154541,0.0003341146220918745,0.00015580558101646602,0.015580558101646602
4,2212,553,1.3784595727920532,0.001795083051547408,0.001302238437347114,0.1302238437347114
4,2213,553,1.0234442949295044,0.001852570683695376,0.001810133340768516,0.1810133340768516
4,2214,553,1.9823153018951416,0.0006955356802791357,0.0003508703666739166,0.03508703666739166
4,2215,553,1.2492719888687134,0.0006150981644168496,0.0004923652741126716,0.04923652741126716
4,2216,554,1.3999038934707642,0.001924722222611308,0.0013748959172517061,0.1374895917251706
4,2217,554,1.4269353151321411,0.000522356596775353,0.0003660688817035407,0.03660688817035407
4,2218,554,1.9316980838775635,0.002715938724577427,0.0014059850946068764,0.14059850946068764
4,2219,554,1.1577779054641724,0.0017585246823728085,0.00151887908577919,0.151887908577919
4,2220,555,1.7892742156982422,0.001436822465620935,0.0008030197350308299,0.08030197350308299
4,2221,555,1.301995038986206,0.0027113587129861116,0.002082464750856161,0.2082464750856161
4,2222,555,1.3784210681915283,0.00029283438925631344,0.00021244189701974392,0.021244189701974392
4,2223,555,2.7083725929260254,0.001669267425313592,0.0006163359503261745,0.06163359503261745
4,2224,556,1.3739862442016602,0.0009190207929350436,0.0006688719149678946,0.06688719149678946
4,2225,556,1.1298770904541016,0.0008740030461922288,0.0007735381368547678,0.07735381368547678
4,2226,556,1.6454558372497559,0.0018385450821369886,0.0011173469247296453,0.11173469247296453
4,2227,556,1.934699296951294,0.0010404784698039293,0.0005377985653467476,0.053779856534674764
4,2228,557,2.532400131225586,0.00014969707990530878,5.9112728195032105e-05,0.0059112728195032105
4,2229,557,1.5016883611679077,0.0012949666706845164,0.0008623405010439456,0.08623405010439456
4,2230,557,1.7505323886871338,0.0022937438916414976,0.0013103121891617775,0.13103121891617775
4,2231,557,1.4792029857635498,0.0018913052044808865,0.0012785975122824311,0.1278597512282431
4,2232,558,1.4180043935775757,0.0011778234038501978,0.0008306204108521342,0.08306204108521342
4,2233,558,1.350907802581787,0.0005110286874696612,0.0003782853891607374,0.03782853891607374
4,2234,558,1.2957837581634521,0.0005694538704119623,0.00043946673395112157,0.04394667339511216
4,2235,558,1.3041164875030518,0.0011720814509317279,0.0008987551555037498,0.08987551555037498
4,2236,559,1.6289838552474976,0.0011371191358193755,0.0006980542675592005,0.06980542675592005
4,2237,559,1.2243365049362183,0.0015375191578641534,0.0012557978043332696,0.12557978043332696
4,2238,559,1.303830623626709,0.0021240583155304193,0.0016290906351059675,0.16290906351059675
4,2239,559,1.2917041778564453,0.0005776662728749216,0.00044721251470036805,0.044721251470036805
4,2240,560,2.773946523666382,0.0028625517152249813,0.0010319419670850039,0.10319419670850039
4,2241,560,1.6439931392669678,0.004394892603158951,0.0026733034756034613,0.2673303475603461
4,2242,560,1.4866774082183838,0.005103121977299452,0.003432568395510316,0.3432568395510316
4,2243,560,1.230507493019104,0.004807016812264919,0.003906531725078821,0.3906531725078821
4,2244,561,1.8777122497558594,0.0023574144579470158,0.0012554716086015105,0.12554716086015105
4,2245,561,1.3578150272369385,0.003144442103803158,0.002315810415893793,0.2315810415893793
4,2246,561,1.3046213388442993,0.0009047629428096116,0.0006935061537660658,0.06935061537660658
4,2247,561,1.5222095251083374,0.0030699199996888638,0.002016752492636442,0.20167524926364422
4,2248,562,1.6033079624176025,0.0037203228566795588,0.0023204043973237276,0.23204043973237276
4,2249,562,1.7958338260650635,0.0029108761809766293,0.0016209051245823503,0.16209051245823503
4,2250,562,1.494942307472229,0.0023122867569327354,0.0015467398334294558,0.15467398334294558
4,2251,562,1.8105789422988892,0.0025117972400039434,0.0013872894924134016,0.13872894924134016
4,2252,563,1.359906554222107,0.0011621032608672976,0.0008545463788323104,0.08545463788323104
4,2253,563,1.4204747676849365,0.0007083617965690792,0.0004986795829609036,0.049867958296090364
4,2254,563,1.678380012512207,0.0008536109235137701,0.0005085921729914844,0.05085921729914844
4,2255,563,1.366397500038147,0.002062372164800763,0.0015093500260263681,0.15093500260263681
4,2256,564,1.3010845184326172,0.00018890832143370062,0.00014519297110382468,0.014519297110382468
4,2257,564,1.5583314895629883,0.0006363781285472214,0.00040837147389538586,0.040837147389538586
4,2258,564,2.1563549041748047,0.0007947843405418098,0.00036857769009657204,0.036857769009657204
4,2259,564,1.290731430053711,0.0004329405492171645,0.00033542263554409146,0.033542263554409146
4,2260,565,1.0339999198913574,0.0016284476732835174,0.0015749011654406786,0.15749011654406786
4,2261,565,1.4850554466247559,0.0035827909596264362,0.002412563655525446,0.2412563655525446
4,2262,565,1.6519160270690918,0.0018410083139315248,0.0011144684394821525,0.11144684394821525
4,2263,565,1.3189891576766968,0.00046591187128797174,0.0003532340342644602,0.03532340342644602
4,2264,566,1.2111334800720215,0.00047810812247917056,0.0003947608929593116,0.03947608929593116
4,2265,566,1.7573339939117432,0.0011667172657325864,0.0006639132043346763,0.06639132043346763
4,2266,566,1.970423698425293,0.0005555469542741776,0.00028194289188832045,0.028194289188832045
4,2267,566,2.0122032165527344,0.0016596243949607015,0.0008247797377407551,0.08247797377407551
4,2268,567,1.2785779237747192,0.00026483548572286963,0.0002071328490274027,0.02071328490274027
4,2269,567,1.410696029663086,0.0002946358872577548,0.00020885851699858904,0.020885851699858904
4,2270,567,1.4576921463012695,0.00013699826376978308,9.398299152962863e-05,0.009398299152962863
4,2271,567,1.6748154163360596,0.00023161713033914566,0.00013829412637278438,0.013829412637278438
4,2272,568,1.3138248920440674,0.002572500379756093,0.0019580237567424774,0.19580237567424774
4,2273,568,1.2770648002624512,0.0005094783846288919,0.0003989448305219412,0.03989448305219412
4,2274,568,1.4527199268341064,0.0010218089446425438,0.0007033764268271625,0.07033764268271625
4,2275,568,1.2964627742767334,0.001998618245124817,0.0015415932284668088,0.15415932284668088
4,2276,569,2.25223970413208,0.0029198213014751673,0.0012964078923687339,0.1296407892368734
4,2277,569,2.015826463699341,0.00016847605002112687,8.3576662291307e-05,0.0083576662291307
4,2278,569,1.2810943126678467,0.0006191896973177791,0.000483328738482669,0.0483328738482669
4,2279,569,2.017176389694214,0.0031481704208999872,0.0015606817323714495,0.15606817323714495
4,2280,570,1.413372278213501,0.001254968112334609,0.0008879246888682246,0.08879246888682246
4,2281,570,1.1879984140396118,0.0012148646637797356,0.0010226147715002298,0.10226147715002298
4,2282,570,2.869802713394165,0.0018346706638112664,0.0006393020157702267,0.06393020157702267
4,2283,570,1.3066120147705078,0.00011544056178536266,8.835106564220041e-05,0.008835106564220041
4,2284,571,1.485948085784912,0.0002210312377428636,0.00014874761109240353,0.014874761109240353
4,2285,571,1.7690186500549316,0.0014191614463925362,0.0008022309048101306,0.08022309048101306
4,2286,571,1.3229432106018066,0.0007561898091807961,0.0005715965526178479,0.05715965526178479
4,2287,571,1.2479861974716187,0.0011531596537679434,0.0009240163490176201,0.09240163490176201
4,2288,572,1.5899169445037842,0.0025717446114867926,0.0016175339696928859,0.1617533969692886
4,2289,572,1.0892857313156128,0.0015408600447699428,0.0014145600143820047,0.14145600143820047
4,2290,572,1.6728715896606445,0.0037608291022479534,0.0022481277119368315,0.22481277119368315
4,2291,572,1.1802564859390259,0.0012382722925394773,0.0010491552529856563,0.10491552529856563
4,2292,573,1.331752061843872,0.0004783158656209707,0.0003591628628782928,0.03591628628782928
4,2293,573,0.9974507689476013,0.0014699550811201334,0.0014737119199708104,0.14737119199708104
4,2294,573,1.262891173362732,0.00015972598339430988,0.00012647644325625151,0.012647644325625151
4,2295,573,1.5215657949447632,0.0011595948599278927,0.0007621062686666846,0.07621062686666846
4,2296,574,1.2822099924087524,0.0007250562775880098,0.0005654739215970039,0.056547392159700394
4,2297,574,2.3424882888793945,0.0016413426492363214,0.00070068339118734,0.070068339118734
4,2298,574,1.5650770664215088,0.000833449768833816,0.0005325295496731997,0.053252954967319965
4,2299,574,1.336402177810669,0.0030573559924960136,0.002287751529365778,0.2287751529365778
4,2300,575,1.7288204431533813,0.0023123882710933685,0.0013375525595620275,0.13375525595620275
4,2301,575,1.5045585632324219,0.00215915241278708,0.0014350736746564507,0.14350736746564507
4,2302,575,1.219001054763794,0.002676743548363447,0.0021958500146865845,0.21958500146865845
4,2303,575,1.3278522491455078,0.0015836459351703525,0.0011926371371373534,0.11926371371373534
4,2304,576,1.1391642093658447,0.0017084835562855005,0.0014997693942859769,0.1499769394285977
4,2305,576,1.3665181398391724,0.001665802439674735,0.0012190123088657856,0.12190123088657856
4,2306,576,1.4709876775741577,0.0008384321117773652,0.0005699790199287236,0.05699790199287236
4,2307,576,1.2556473016738892,0.0008990295464172959,0.0007159889210015535,0.07159889210015535
4,2308,577,1.2504938840866089,0.00033668961259536445,0.0002692452981136739,0.026924529811367393
4,2309,577,1.9071717262268066,0.00033011630875989795,0.00017309207760263234,0.017309207760263234
4,2310,577,1.8497669696807861,0.0014840679941698909,0.0008022999973036349,0.08022999973036349
4,2311,577,1.246124029159546,0.0011695761932060122,0.0009385712328366935,0.09385712328366935
4,2312,578,1.4525398015975952,0.00292010186240077,0.00201034196652472,0.20103419665247202
4,2313,578,1.3662407398223877,0.0014563780277967453,0.0010659747058525681,0.10659747058525681
4,2314,578,1.3145897388458252,0.0015601881314069033,0.0011868251021951437,0.11868251021951437
4,2315,578,1.5338107347488403,0.000728881626855582,0.00047520961379632354,0.047520961379632354
4,2316,579,1.4637701511383057,0.0012546703219413757,0.0008571498328819871,0.08571498328819871
4,2317,579,1.6021554470062256,0.0008943196153268218,0.0005581977893598378,0.05581977893598378
4,2318,579,1.7486109733581543,0.0008696247823536396,0.0004973231698386371,0.04973231698386371
4,2319,579,1.37613844871521,0.0006036587874405086,0.00043866137275472283,0.04386613727547228
4,2320,580,1.5164790153503418,0.0021584739442914724,0.0014233457623049617,0.14233457623049617
4,2321,580,1.6415133476257324,0.002531600184738636,0.001542235491797328,0.1542235491797328
4,2322,580,1.5028069019317627,0.0005540453130379319,0.0003686736454255879,0.03686736454255879
4,2323,580,1.9420223236083984,0.0012404124718159437,0.0006387220346368849,0.06387220346368849
4,2324,581,1.3205794095993042,0.001184222986921668,0.0008967450121417642,0.08967450121417642
4,2325,581,1.5098156929016113,0.0008098495309241116,0.0005363896489143372,0.053638964891433716
4,2326,581,1.4024196863174438,0.0005104653537273407,0.00036398900556378067,0.03639890055637807
4,2327,581,1.2191884517669678,0.0002797858905978501,0.00022948534751776606,0.022948534751776606
4,2328,582,1.2649261951446533,0.002054807962849736,0.001624448923394084,0.1624448923394084
4,2329,582,1.7326428890228271,0.0018775982316583395,0.0010836614528670907,0.10836614528670907
4,2330,582,1.3399096727371216,0.002755427034571767,0.0020564275328069925,0.20564275328069925
4,2331,582,1.6210325956344604,0.0025387094356119633,0.0015661063371226192,0.15661063371226192
4,2332,583,1.018598198890686,0.0010254448279738426,0.0010067216353490949,0.10067216353490949
4,2333,583,1.5832219123840332,0.001856333459727466,0.0011725036893039942,0.11725036893039942
4,2334,583,1.3046684265136719,0.0007875608280301094,0.0006036482518538833,0.06036482518538833
4,2335,583,1.4015733003616333,0.000799116212874651,0.0005701565532945096,0.057015655329450965
4,2336,584,1.8476063013076782,0.00040054263081401587,0.0002167900383938104,0.02167900383938104
4,2337,584,1.1237860918045044,0.0012262595118954778,0.0010911858407780528,0.10911858407780528
4,2338,584,1.146877408027649,0.0011246458161622286,0.0009806154994294047,0.09806154994294047
4,2339,584,1.638575553894043,1.7840051441453397e-05,1.0887536518566776e-05,0.0010887536518566776
4,2340,585,1.4456086158752441,0.0003244782274123281,0.0002244578645331785,0.02244578645331785
4,2341,585,1.24931001663208,0.0008013596525415778,0.0006414417875930667,0.06414417875930667
4,2342,585,1.2661733627319336,0.0002891687327064574,0.00022838004224468023,0.022838004224468023
4,2343,585,1.4088847637176514,0.00046196964103728533,0.0003278974036220461,0.03278974036220461
4,2344,586,1.2516179084777832,0.0013889926485717297,0.0011097576934844255,0.11097576934844255
4,2345,586,1.495851755142212,0.0011834966717287898,0.0007911858265288174,0.07911858265288174
4,2346,586,1.1937633752822876,0.00048248644452542067,0.000404172606067732,0.0404172606067732
4,2347,586,1.258476972579956,0.0020640776492655277,0.0016401393804699183,0.16401393804699183
4,2348,587,2.0408222675323486,0.0002842409012373537,0.00013927763211540878,0.013927763211540878
4,2349,587,1.9066591262817383,0.0005416225758381188,0.0002840688975993544,0.02840688975993544
4,2350,587,1.348117709159851,0.0003611095016822219,0.00026786199305206537,0.026786199305206537
4,2351,587,1.6575167179107666,0.00034159215283580124,0.00020608669728972018,0.020608669728972018
4,2352,588,1.767022728919983,0.000716889277100563,0.000405704602599144,0.0405704602599144
4,2353,588,1.1900575160980225,0.00030511757358908653,0.0002563889429438859,0.025638894294388592
4,2354,588,1.9421944618225098,0.0019864405039697886,0.001022781478241086,0.1022781478241086
4,2355,588,1.2169263362884521,0.002300610765814781,0.0018905095057561994,0.18905095057561994
4,2356,589,1.2343876361846924,0.0026371891144663095,0.0021364351268857718,0.21364351268857718
4,2357,589,1.2830321788787842,0.0025696579832583666,0.002002800814807415,0.2002800814807415
4,2358,589,1.6208614110946655,0.0014950480544939637,0.0009223787346854806,0.09223787346854806
4,2359,589,1.6903456449508667,0.0014245014172047377,0.00084272789536044,0.084272789536044
4,2360,590,1.8104078769683838,0.0011362269287928939,0.0006276082713156939,0.06276082713156939
4,2361,590,1.1539251804351807,0.0001700532011454925,0.000147369340993464,0.0147369340993464
4,2362,590,1.0852575302124023,0.0011546206660568714,0.0010639140382409096,0.10639140382409096
4,2363,590,1.293816328048706,0.00024520602892152965,0.00018952151003759354,0.018952151003759354
4,2364,591,1.3509602546691895,0.0006830047350376844,0.0005055697984062135,0.05055697984062135
4,2365,591,1.2715137004852295,0.0041959527879953384,0.003299966687336564,0.3299966687336564
4,2366,591,1.263635277748108,0.0031294545624405146,0.002476549008861184,0.2476549008861184
4,2367,591,1.6393154859542847,0.001893053064122796,0.0011547825997695327,0.11547825997695327
4,2368,592,1.3671207427978516,0.0007614634232595563,0.0005569832865148783,0.05569832865148783
4,2369,592,1.6466419696807861,0.0008890253957360983,0.0005399020737968385,0.05399020737968385
4,2370,592,1.6202759742736816,0.0007082185475155711,0.00043709747842513025,0.043709747842513025
4,2371,592,1.1277540922164917,0.0009248526184819639,0.0008200836018659174,0.08200836018659174
4,2372,593,1.3959071636199951,0.0008329881820827723,0.000596736092120409,0.0596736092120409
4,2373,593,1.2188177108764648,0.0034627667628228664,0.0028410865925252438,0.2841086592525244
4,2374,593,1.470274567604065,0.0018438482657074928,0.001254084287211299,0.1254084287211299
4,2375,593,1.4861199855804443,0.004772453103214502,0.0032113511115312576,0.32113511115312576
4,2376,594,1.4297983646392822,0.000601199280936271,0.0004204783763270825,0.04204783763270825
4,2377,594,1.643073558807373,0.0024399657268077135,0.001485000946559012,0.1485000946559012
4,2378,594,1.496917486190796,0.0009444142924621701,0.0006309060263447464,0.06309060263447464
4,2379,594,1.642402172088623,0.0018802230479195714,0.001144800684414804,0.1144800684414804
4,2380,595,1.6037311553955078,0.001669442979618907,0.0010409742826595902,0.10409742826595902
4,2381,595,1.1333338022232056,0.0022785677574574947,0.002010500058531761,0.20105000585317612
4,2382,595,1.8484549522399902,0.0016431700205430388,0.0008889424498192966,0.08889424498192966
4,2383,595,1.3546134233474731,0.0035235038958489895,0.0026011138688772917,0.26011138688772917
4,2384,596,1.9610466957092285,0.0006476335693150759,0.0003302489349152893,0.03302489349152893
4,2385,596,1.6291033029556274,0.0016760046128183603,0.0010287896730005741,0.10287896730005741
4,2386,596,1.6116302013397217,0.001199425314553082,0.0007442311034537852,0.07442311034537852
4,2387,596,1.2373124361038208,0.0016309136990457773,0.0013181098038330674,0.13181098038330674
4,2388,597,1.5226917266845703,0.004410720430314541,0.002896660240367055,0.2896660240367055
4,2389,597,1.6680700778961182,0.002514101564884186,0.0015071918023750186,0.15071918023750186
4,2390,597,1.3783308267593384,0.005621727555990219,0.0040786489844322205,0.40786489844322205
4,2391,597,1.7971465587615967,0.0014479757519438863,0.0008057082304731011,0.08057082304731011
4,2392,598,1.1102313995361328,0.0003567324602045119,0.0003213136224076152,0.03213136224076152
4,2393,598,1.817746639251709,0.0008960372651927173,0.0004929385031573474,0.049293850315734744
4,2394,598,1.6256370544433594,0.0023565953597426414,0.00144964421633631,0.144964421633631
4,2395,598,1.4913071393966675,0.002512918785214424,0.0016850443789735436,0.16850443789735436
4,2396,599,1.4662830829620361,0.00017707867664285004,0.00012076704297214746,0.012076704297214746
4,2397,599,1.0594019889831543,0.0011069392785429955,0.001044871867634356,0.1044871867634356
4,2398,599,1.463284969329834,0.0011227462673559785,0.0007672779611311853,0.07672779611311853
4,2399,599,2.000213146209717,0.00015756885113660246,7.877602911321446e-05,0.007877602911321446
4,2400,600,1.790609359741211,7.225925855891546e-06,4.0354561861022376e-06,0.00040354561861022376
4,2401,600,1.9089486598968506,0.0031391228549182415,0.0016444249777123332,0.16444249777123332
4,2402,600,1.5634331703186035,0.002752650761976838,0.0017606449546292424,0.17606449546292424
4,2403,600,1.467223882675171,0.0013763087335973978,0.0009380359551869333,0.09380359551869333
4,2404,601,1.1533124446868896,0.0026464671827852726,0.0022946663666516542,0.22946663666516542
4,2405,601,1.875939130783081,0.005166629329323769,0.002754156244918704,0.2754156244918704
4,2406,601,1.9035519361495972,0.004028042778372765,0.002116066636517644,0.2116066636517644
4,2407,601,1.1621781587600708,0.0009470226941630244,0.0008148687775246799,0.08148687775246799
4,2408,602,1.2886559963226318,0.0032721885945647955,0.0025392258539795876,0.25392258539795876
4,2409,602,1.2247190475463867,0.0006011539371684194,0.0004908504779450595,0.049085047794505954
4,2410,602,1.7511987686157227,0.0033601438626646996,0.001918767811730504,0.1918767811730504
4,2411,602,1.845550537109375,0.00036928459303453565,0.00020009453874081373,0.020009453874081373
4,2412,603,1.3768178224563599,0.0028149678837507963,0.0020445464178919792,0.20445464178919792
4,2413,603,1.290679931640625,0.001799087505787611,0.0013939067721366882,0.13939067721366882
4,2414,603,1.0945897102355957,0.001598664210177958,0.0014605146134272218,0.14605146134272218
4,2415,603,1.5659922361373901,0.0006118593155406415,0.00039071671199053526,0.039071671199053526
4,2416,604,1.3160744905471802,0.0004178432864136994,0.0003174921148456633,0.03174921148456633
4,2417,604,1.54556143283844,0.0003241458616685122,0.0002097269316436723,0.02097269316436723
4,2418,604,1.7244945764541626,0.0007172513287514448,0.0004159197269473225,0.04159197269473225
4,2419,604,1.3954509496688843,0.0003366435703355819,0.00024124357150867581,0.02412435715086758
4,2420,605,1.9715129137039185,0.00432340893894434,0.002192939631640911,0.2192939631640911
4,2421,605,1.6095174551010132,0.002301950240507722,0.001430211472325027,0.1430211472325027
4,2422,605,2.0221495628356934,0.0029071695171296597,0.0014376629842445254,0.14376629842445254
4,2423,605,1.2212061882019043,0.0015594876604154706,0.001277005998417735,0.1277005998417735
4,2424,606,1.3605618476867676,0.002178031485527754,0.0016008324455469847,0.16008324455469847
4,2425,606,1.5984032154083252,0.0003554955474101007,0.0002224066702183336,0.02224066702183336
4,2426,606,1.2984708547592163,0.0016701348358765244,0.0012862320290878415,0.12862320290878415
4,2427,606,2.1311089992523193,0.0006177855539135635,0.0002898892271332443,0.028988922713324428
4,2428,607,1.9249334335327148,0.0031021679751574993,0.0016115715261548758,0.16115715261548758
4,2429,607,1.3504793643951416,0.001752152806147933,0.001297430251725018,0.1297430251725018
4,2430,607,1.5513418912887573,0.0032535274513065815,0.0020972343627363443,0.20972343627363443
4,2431,607,1.8224836587905884,0.004381129518151283,0.0024039335548877716,0.24039335548877716
4,2432,608,1.3506959676742554,0.0029067862778902054,0.0021520655136555433,0.21520655136555433
4,2433,608,1.0436161756515503,0.0014565635938197374,0.0013956889742985368,0.13956889742985368
4,2434,608,1.370983600616455,0.0023282587062567472,0.0016982395900413394,0.16982395900413394
4,2435,608,1.8525149822235107,0.003750894218683243,0.002024757908657193,0.20247579086571932
4,2436,609,1.5638641119003296,0.0033879862166941166,0.002166419755667448,0.2166419755667448
4,2437,609,1.3101749420166016,0.0015611021080985665,0.0011915218783542514,0.11915218783542514
4,2438,609,1.5263780355453491,0.0027954743709415197,0.0018314430490136147,0.18314430490136147
4,2439,609,1.129180669784546,0.0009217969491146505,0.0008163414313457906,0.08163414313457906
4,2440,610,1.6882472038269043,0.0023861192166805267,0.0014133707154542208,0.14133707154542208
4,2441,610,1.6360536813735962,0.00033438176615163684,0.0002043831191258505,0.02043831191258505
4,2442,610,1.4283843040466309,0.0015462473966181278,0.001082514994777739,0.1082514994777739
4,2443,610,2.284515380859375,0.0022961364593356848,0.001005086931400001,0.1005086931400001
4,2444,611,1.4169307947158813,0.0015519472071900964,0.0010952879674732685,0.10952879674732685
4,2445,611,1.5983073711395264,0.0017632469534873962,0.0011031964095309377,0.11031964095309377
4,2446,611,1.3338390588760376,0.0010259075788781047,0.0007691389764659107,0.07691389764659107
4,2447,611,1.4188802242279053,0.0008960456470958889,0.0006315160426311195,0.06315160426311195
4,2448,612,1.414162516593933,0.0016766120679676533,0.001185586559586227,0.1185586559586227
4,2449,612,1.4802887439727783,0.0019806562922894955,0.0013380201999098063,0.13380201999098063
4,2450,612,1.6309494972229004,0.0005403635441325605,0.0003313183842692524,0.03313183842692524
4,2451,612,1.3193072080612183,0.001572112087160349,0.0011916194343939424,0.11916194343939424
4,2452,613,1.1588020324707031,0.0005869308952242136,0.0005064979777671397,0.05064979777671397
4,2453,613,1.4929906129837036,0.000587595219258219,0.0003935692657250911,0.03935692657250911
4,2454,613,1.3009535074234009,0.0009582428610883653,0.0007365696365013719,0.07365696365013719
4,2455,613,1.3706724643707275,0.0006005532341077924,0.00043814495438709855,0.043814495438709855
4,2456,614,1.3683114051818848,0.000824682938400656,0.0006027012132108212,0.060270121321082115
4,2457,614,1.39493989944458,0.0008558541885577142,0.0006135419826023281,0.061354198260232806
4,2458,614,1.0761960744857788,0.00014814686437603086,0.0001376578729832545,0.01376578729832545
4,2459,614,1.409164547920227,0.0001750965602695942,0.00012425558816175908,0.012425558816175908
4,2460,615,1.9690436124801636,0.001907372148707509,0.00096867949469015,0.096867949469015
4,2461,615,1.773956298828125,0.0015426183817908168,0.0008695921278558671,0.08695921278558671
4,2462,615,1.8128594160079956,0.0013412352418527007,0.0007398451562039554,0.07398451562039554
4,2463,615,1.201391339302063,0.0003493247495498508,0.0002907668240368366,0.029076682403683662
4,2464,616,1.1750061511993408,0.00041658306145109236,0.0003545369254425168,0.03545369254425168
4,2465,616,1.1461609601974487,0.00299778301268816,0.0026154990773648024,0.26154990773648024
4,2466,616,1.4766277074813843,0.0028954893350601196,0.0019608796574175358,0.19608796574175358
4,2467,616,1.4788388013839722,0.002833344042301178,0.0019159248331561685,0.19159248331561685
4,2468,617,1.5388875007629395,0.0008774186717346311,0.0005701642949134111,0.057016429491341114
4,2469,617,1.4286078214645386,0.0019115996547043324,0.001338085625320673,0.1338085625320673
4,2470,617,1.7056989669799805,0.00034509715624153614,0.0002023200795520097,0.02023200795520097
4,2471,617,1.2487279176712036,0.0014067043084651232,0.0011265098582953215,0.11265098582953215
4,2472,618,1.673449993133545,0.0013633692869916558,0.0008147057378664613,0.08147057378664613
4,2473,618,1.4641376733779907,0.0006238382193259895,0.0004260789428371936,0.04260789428371936
4,2474,618,1.2655246257781982,0.0010105870896950364,0.0007985518896020949,0.07985518896020949
4,2475,618,1.3495166301727295,0.000323756190482527,0.00023990530462469906,0.023990530462469906
4,2476,619,2.2512383460998535,0.0010366884525865316,0.0004604969872161746,0.04604969872161746
4,2477,619,2.093557357788086,0.0009674527100287378,0.00046210948494262993,0.04621094849426299
4,2478,619,1.3128798007965088,4.531300874077715e-05,3.4514210710767657e-05,0.0034514210710767657
4,2479,619,1.2320023775100708,0.0004103367682546377,0.000333064905134961,0.0333064905134961
4,2480,620,1.2253239154815674,0.003077120753005147,0.0025112712755799294,0.25112712755799294
4,2481,620,1.8346588611602783,0.005230248905718327,0.0028508019167929888,0.2850801916792989
4,2482,620,1.7470662593841553,0.004082006867974997,0.002336492296308279,0.2336492296308279
4,2483,620,1.287247657775879,0.0029419967904686928,0.00228549400344491,0.228549400344491
4,2484,621,1.2677807807922363,0.00010471386485733092,8.259619062300771e-05,0.008259619062300771
4,2485,621,1.717602014541626,0.002025261055678129,0.0011791213182732463,0.11791213182732463
4,2486,621,1.3142218589782715,0.0018197143217548728,0.0013846325455233455,0.13846325455233455
4,2487,621,1.585450530052185,0.0001413550489814952,8.915765647543594e-05,0.008915765647543594
4,2488,622,1.4453181028366089,0.0008707201341167092,0.0006024418398737907,0.060244183987379074
4,2489,622,1.125583529472351,0.000563265522941947,0.0005004209233447909,0.050042092334479094
4,2490,622,1.3326770067214966,0.0038619698025286198,0.0028979037888348103,0.289790378883481
4,2491,622,1.4130456447601318,0.00342093245126307,0.002420963952317834,0.2420963952317834
4,2492,623,1.310017704963684,0.003203309839591384,0.00244524166919291,0.24452416691929102
4,2493,623,1.2129974365234375,0.000999463489279151,0.0008239617454819381,0.08239617454819381
4,2494,623,1.2042557001113892,0.0014290306717157364,0.0011866504792124033,0.11866504792124033
4,2495,623,1.5636292695999146,0.0021091888193041086,0.0013489059638231993,0.13489059638231993
4,2496,624,1.105642557144165,0.0004357215657364577,0.00039408900192938745,0.039408900192938745
4,2497,624,1.5093955993652344,0.0006621452048420906,0.00043868235661648214,0.043868235661648214
4,2498,624,1.7607717514038086,0.0004942415398545563,0.00028069596737623215,0.028069596737623215
4,2499,624,1.1739438772201538,0.0006879980792291462,0.0005860570236109197,0.05860570236109197
4,2500,625,1.9555679559707642,0.0077086943201720715,0.003941921051591635,0.3941921051591635
4,2501,625,1.2957080602645874,0.00419282540678978,0.0032359338365495205,0.32359338365495205
4,2502,625,1.7499492168426514,0.009478427469730377,0.005416401661932468,0.5416401661932468
4,2503,625,1.3818501234054565,0.0006962943007238209,0.0005038855597376823,0.050388555973768234
4,2504,626,1.0681251287460327,0.000590740586631,0.0005530631169676781,0.05530631169676781
4,2505,626,1.3481106758117676,0.0017322064377367496,0.0012849140912294388,0.12849140912294388
4,2506,626,1.703646183013916,0.001984736882150173,0.0011649936204776168,0.11649936204776168
4,2507,626,1.460455060005188,0.002972556743770838,0.002035363344475627,0.2035363344475627
4,2508,627,1.3479280471801758,0.00041062827222049236,0.000304636632790789,0.0304636632790789
4,2509,627,1.1811044216156006,0.0014597706031054258,0.001235937001183629,0.1235937001183629
4,2510,627,1.2571097612380981,0.0002790733997244388,0.00022199604427441955,0.022199604427441955
4,2511,627,1.4740945100784302,0.0016270439373329282,0.0011037582298740745,0.11037582298740745
4,2512,628,1.9259474277496338,0.00218590977601707,0.0011349789565429091,0.11349789565429091
4,2513,628,1.074570894241333,0.000349096255376935,0.00032487037242390215,0.032487037242390215
4,2514,628,1.1322413682937622,0.0013278423575684428,0.0011727556120604277,0.11727556120604277
4,2515,628,1.6390817165374756,0.003145819064229727,0.0019192569889128208,0.19192569889128208
4,2516,629,1.3133465051651,0.0004976189229637384,0.0003788938629440963,0.03788938629440963
4,2517,629,1.3413105010986328,0.002153407083824277,0.00160545005928725,0.160545005928725
4,2518,629,1.196698784828186,0.0033022190909832716,0.0027594405692070723,0.2759440569207072
4,2519,629,1.1312229633331299,0.0025674065109342337,0.002269584918394685,0.22695849183946848
4,2520,630,1.3000627756118774,0.0001220891426783055,9.391018829774112e-05,0.009391018829774112
4,2521,630,1.3543050289154053,0.0011275779688730836,0.0008325878879986703,0.08325878879986703
4,2522,630,1.4515901803970337,0.0001616049703443423,0.00011132960935356095,0.011132960935356095
4,2523,630,0.9627099633216858,0.0011894203489646316,0.0012354918289929628,0.12354918289929628
4,2524,631,2.3773269653320312,0.0009479459258727729,0.0003987444506492466,0.03987444506492466
4,2525,631,1.2874209880828857,0.0009462186135351658,0.0007349721854552627,0.07349721854552627
4,2526,631,1.2996373176574707,0.000848967581987381,0.0006532342522405088,0.06532342522405088
4,2527,631,1.1926621198654175,0.0010258485563099384,0.0008601334411650896,0.08601334411650896
4,2528,632,1.2974770069122314,0.0009777579689398408,0.000753584026824683,0.0753584026824683
4,2529,632,1.8122624158859253,0.0035424784291535616,0.0019547271076589823,0.19547271076589823
4,2530,632,2.019411325454712,0.005079431924968958,0.0025153032038360834,0.25153032038360834
4,2531,632,1.5694003105163574,0.0007480471977032721,0.0004766452475450933,0.04766452475450933
4,2532,633,1.806807279586792,0.0013241409324109554,0.0007328622741624713,0.07328622741624713
4,2533,633,1.2499605417251587,0.0023224533069878817,0.001858021249063313,0.1858021249063313
4,2534,633,1.3508435487747192,0.0017019513761624694,0.0012599175097420812,0.12599175097420812
4,2535,633,1.471466064453125,0.002779738511890173,0.0018890945939347148,0.18890945939347148
4,2536,634,1.1710610389709473,0.0013009702088311315,0.0011109329061582685,0.11109329061582685
4,2537,634,1.0816547870635986,0.0012978396844118834,0.0011998650152236223,0.11998650152236223
4,2538,634,1.38036048412323,0.0003678757348097861,0.0002665070060174912,0.026650700601749122
4,2539,634,1.5553162097930908,0.002010354306548834,0.001292569562792778,0.1292569562792778
4,2540,635,1.6656028032302856,0.0011185846524313092,0.0006715794443152845,0.06715794443152845
4,2541,635,1.298064112663269,0.000447737576905638,0.00034492716076783836,0.034492716076783836
4,2542,635,1.9813721179962158,0.0013010979164391756,0.0006566650699824095,0.06566650699824095
4,2543,635,1.3863422870635986,0.00041988989687524736,0.0003028760547749698,0.03028760547749698
4,2544,636,1.5603618621826172,1.9686338418978266e-05,1.2616521416930482e-05,0.0012616521416930482
4,2545,636,1.988912582397461,1.0276196007907856e-05,5.166740720596863e-06,0.0005166740720596863
4,2546,636,1.220261573791504,2.0766570742125623e-05,1.701813016552478e-05,0.001701813016552478
4,2547,636,1.6050903797149658,9.00261238712119e-06,5.608788342215121e-06,0.0005608788342215121
4,2548,637,1.4263330698013306,0.006145650055259466,0.004308706149458885,0.4308706149458885
4,2549,637,1.1906633377075195,0.004266606643795967,0.003583386307582259,0.3583386307582259
4,2550,637,1.0488133430480957,0.003253007773309946,0.0031016080174595118,0.3101608017459512
4,2551,637,1.243241310119629,0.0022869545500725508,0.0018395098159089684,0.18395098159089684
4,2552,638,1.415067195892334,0.0009127259254455566,0.000645005377009511,0.0645005377009511
4,2553,638,1.8928076028823853,0.0008831563172861934,0.000466585363028571,0.0466585363028571
4,2554,638,1.3076043128967285,0.0010500452481210232,0.0008030298049561679,0.0803029804956168
4,2555,638,1.31791353225708,0.0007946405676193535,0.0006029534852132201,0.06029534852132201
4,2556,639,1.531303882598877,0.0007259239791892469,0.00047405611258000135,0.047405611258000135
4,2557,639,2.110116481781006,0.001067702192813158,0.0005059920367784798,0.05059920367784798
4,2558,639,1.5485690832138062,0.0015670695574954152,0.001011946820653975,0.1011946820653975
4,2559,639,1.2021733522415161,0.0009310378227382898,0.0007744621834717691,0.07744621834717691
8,0,0,9.338029861450195,0.8083983063697815,0.08657053858041763,8.657053858041763
8,1,0,13.998346328735352,0.8173336982727051,0.0583878755569458,5.83878755569458
8,2,0,9.611316680908203,0.4749290347099304,0.0494135245680809,4.94135245680809
8,3,0,16.038616180419922,0.4593537449836731,0.02864048443734646,2.864048443734646
8,4,0,6.960422992706299,0.5985419154167175,0.08599217236042023,8.599217236042023
8,5,0,11.137849807739258,0.15400388836860657,0.013827075250446796,1.3827075250446796
8,6,0,4.598063945770264,0.21916358172893524,0.04766431823372841,4.766431823372841
8,7,0,12.331256866455078,0.3118577003479004,0.02529001794755459,2.529001794755459
8,8,1,6.921293258666992,0.04602136090397835,0.006649243179708719,0.6649243179708719
8,9,1,5.318904399871826,0.06892510503530502,0.01295851543545723,1.295851543545723
8,10,1,5.331353664398193,0.0861891433596611,0.01616646535694599,1.6166465356945992
8,11,1,4.964375972747803,0.09615728259086609,0.0193694606423378,1.93694606423378
8,12,1,5.837262153625488,0.04121352732181549,0.007060420699417591,0.7060420699417591
8,13,1,4.8869194984436035,0.03445274755358696,0.007049992680549622,0.7049992680549622
8,14,1,2.226189374923706,0.034372299909591675,0.015439971350133419,1.543997135013342
8,15,1,6.089439868927002,0.06630824506282806,0.010889055207371712,1.0889055207371712
8,16,2,5.157301902770996,0.09866786003112793,0.019131682813167572,1.9131682813167572
8,17,2,8.527933120727539,0.0495540052652359,0.005810787435621023,0.5810787435621023
8,18,2,5.382154941558838,0.09772560745477676,0.018157338723540306,1.8157338723540306
8,19,2,8.268102645874023,0.09570187330245972,0.011574828997254372,1.1574828997254372
8,20,2,6.1502509117126465,0.1505487710237503,0.024478476494550705,2.4478476494550705
8,21,2,6.271258354187012,0.08340528607368469,0.013299609534442425,1.3299609534442425
8,22,2,7.604460716247559,0.25193214416503906,0.03312952071428299,3.312952071428299
8,23,2,8.594562530517578,0.10789600759744644,0.012553985230624676,1.2553985230624676
8,24,3,7.256658554077148,0.12923581898212433,0.017809273675084114,1.7809273675084114
8,25,3,9.086653709411621,0.08434395492076874,0.009282180108129978,0.9282180108129978
8,26,3,7.705672740936279,0.1396896243095398,0.018128154799342155,1.8128154799342155
8,27,3,5.357860088348389,0.0678371861577034,0.012661246582865715,1.2661246582865715
8,28,3,5.598142623901367,0.08079063892364502,0.014431686140596867,1.4431686140596867
8,29,3,5.978901386260986,0.05494726449251175,0.009190194308757782,0.9190194308757782
8,30,3,7.665682792663574,0.2024926245212555,0.026415470987558365,2.6415470987558365
8,31,3,6.127286911010742,0.10408934205770493,0.016987835988402367,1.6987835988402367
8,32,4,6.009580612182617,0.12744401395320892,0.0212068073451519,2.12068073451519
8,33,4,3.6250596046447754,0.07700686156749725,0.02124292217195034,2.124292217195034
8,34,4,6.9828619956970215,0.04017146676778793,0.005752865690737963,0.5752865690737963
8,35,4,6.332250595092773,0.05192374810576439,0.008199888281524181,0.8199888281524181
8,36,4,5.609406471252441,0.051204949617385864,0.009128407575190067,0.9128407575190067
8,37,4,7.047003269195557,0.13063745200634003,0.018538014963269234,1.8538014963269234
8,38,4,1.1993974447250366,0.003131187055259943,0.002610633382573724,0.2610633382573724
8,39,4,5.32238245010376,0.08346012979745865,0.01568097248673439,1.568097248673439
8,40,5,3.650266408920288,0.04401642456650734,0.01205841451883316,1.205841451883316
8,41,5,3.0808796882629395,0.02777601033449173,0.009015610441565514,0.9015610441565514
8,42,5,5.642531871795654,0.08782797306776047,0.015565347857773304,1.5565347857773304
8,43,5,4.737961292266846,0.035803429782390594,0.007556716445833445,0.7556716445833445
8,44,5,1.6822372674942017,0.011322658509016037,0.006730714347213507,0.6730714347213507
8,45,5,6.434284687042236,0.056499771773815155,0.008781049400568008,0.8781049400568008
8,46,5,7.459833145141602,0.022373002022504807,0.002999129006639123,0.2999129006639123
8,47,5,7.310298442840576,0.0648481473326683,0.008870793506503105,0.8870793506503105
8,48,6,3.30549955368042,0.04228729009628296,0.012793010100722313,1.2793010100722313
8,49,6,5.439220428466797,0.05936093255877495,0.010913499630987644,1.0913499630987644
8,50,6,4.1739702224731445,0.08783437311649323,0.021043363958597183,2.1043363958597183
8,51,6,5.385646820068359,0.08767128735780716,0.016278691589832306,1.6278691589832306
8,52,6,7.933894157409668,0.09029287099838257,0.011380650103092194,1.1380650103092194
8,53,6,5.595919609069824,0.11929523944854736,0.021318254992365837,2.1318254992365837
8,54,6,6.16359806060791,0.07116655260324478,0.011546267196536064,1.1546267196536064
8,55,6,9.166342735290527,0.03772790729999542,0.004115917254239321,0.4115917254239321
8,56,7,12.113619804382324,0.05115654319524765,0.0042230598628520966,0.42230598628520966
8,57,7,5.186613082885742,0.16306668519973755,0.03143991529941559,3.143991529941559
8,58,7,4.918944358825684,0.038469552993774414,0.007820692844688892,0.7820692844688892
8,59,7,1.9519882202148438,0.01661207340657711,0.00851033441722393,0.851033441722393
8,60,7,4.527887344360352,0.13517601788043976,0.029854103922843933,2.9854103922843933
8,61,7,3.8353748321533203,0.058759868144989014,0.01532050222158432,1.532050222158432
8,62,7,4.221983909606934,0.04681042954325676,0.011087306775152683,1.1087306775152683
8,63,7,6.075291156768799,0.03325008973479271,0.005473003722727299,0.5473003722727299
8,64,8,4.1779279708862305,0.04973289370536804,0.01190372183918953,1.190372183918953
8,65,8,3.526822090148926,0.022394225001335144,0.006349689327180386,0.6349689327180386
8,66,8,9.357808113098145,0.030446987599134445,0.0032536452636122704,0.32536452636122704
8,67,8,1.8131283521652222,0.023566363379359245,0.012997625395655632,1.2997625395655632
8,68,8,5.394227504730225,0.03696432709693909,0.0068525709211826324,0.6852570921182632
8,69,8,2.2619545459747314,0.006221687886863947,0.002750580431893468,0.2750580431893468
8,70,8,3.7589447498321533,0.020091716200113297,0.005345041863620281,0.5345041863620281
8,71,8,3.3612570762634277,0.029335979372262955,0.008727680891752243,0.8727680891752243
8,72,9,2.1878082752227783,0.010698343627154827,0.004889982286840677,0.4889982286840677
8,73,9,1.7738772630691528,0.010691042058169842,0.006026934366673231,0.6026934366673231
8,74,9,6.348365783691406,0.07638444751501083,0.012032143771648407,1.2032143771648407
8,75,9,3.8997578620910645,0.02969920076429844,0.007615652401000261,0.7615652401000261
8,76,9,4.5098395347595215,0.051738351583480835,0.011472326703369617,1.1472326703369617
8,77,9,3.2069897651672363,0.01663992553949356,0.005188643001019955,0.5188643001019955
8,78,9,6.081233978271484,0.025195419788360596,0.004143142607063055,0.4143142607063055
8,79,9,2.6767187118530273,0.007776247337460518,0.002905141795054078,0.2905141795054078
8,80,10,2.9458048343658447,0.011969841085374355,0.004063351545482874,0.4063351545482874
8,81,10,2.2366929054260254,0.009588990360498428,0.0042871288023889065,0.42871288023889065
8,82,10,3.3982903957366943,0.04155996814370155,0.012229669839143753,1.2229669839143753
8,83,10,4.927090167999268,0.038153015077114105,0.007743518799543381,0.7743518799543381
8,84,10,3.1728618144989014,0.013848898932337761,0.004364797379821539,0.4364797379821539
8,85,10,1.5851774215698242,0.020167618989944458,0.012722625397145748,1.2722625397145748
8,86,10,1.9261727333068848,0.0035440027713775635,0.0018399194814264774,0.18399194814264774
8,87,10,4.648372650146484,0.026158370077610016,0.005627425387501717,0.5627425387501717
8,88,11,2.9250855445861816,0.05423032119870186,0.018539737910032272,1.8539737910032272
8,89,11,2.23274827003479,0.014260477386415005,0.006386961787939072,0.6386961787939072
8,90,11,3.904513359069824,0.03122827410697937,0.007997994311153889,0.7997994311153889
8,91,11,6.983283042907715,0.10116066783666611,0.014486119151115417,1.4486119151115417
8,92,11,2.3980021476745605,0.010475578717887402,0.004368460737168789,0.4368460737168789
8,93,11,9.246622085571289,0.10740445554256439,0.01161553431302309,1.161553431302309
8,94,11,3.835843801498413,0.010383962653577328,0.002707086969166994,0.2707086969166994
8,95,11,3.3429062366485596,0.0243525467813015,0.007284842897206545,0.7284842897206545
8,96,12,8.601628303527832,0.06287050247192383,0.007309139706194401,0.7309139706194401
8,97,12,4.2923994064331055,0.011594398878514767,0.0027011462952941656,0.27011462952941656
8,98,12,2.5521585941314697,0.03846888244152069,0.015073076821863651,1.5073076821863651
8,99,12,4.4549689292907715,0.011912435293197632,0.0026739658787846565,0.26739658787846565
8,100,12,1.4421327114105225,0.006374914199113846,0.004420476965606213,0.44204769656062126
8,101,12,2.204267978668213,0.007761421613395214,0.003521088045090437,0.3521088045090437
8,102,12,6.53467321395874,0.0581996887922287,0.008906289003789425,0.8906289003789425
8,103,12,2.2066972255706787,0.022509228438138962,0.01020041573792696,1.020041573792696
8,104,13,8.550309181213379,0.02215549908578396,0.0025911927223205566,0.25911927223205566
8,105,13,1.5476608276367188,0.00698532909154892,0.004513475578278303,0.4513475578278303
8,106,13,3.335693597793579,0.012289977632462978,0.0036843845155090094,0.36843845155090094
8,107,13,3.4473204612731934,0.014679455198347569,0.004258221946656704,0.4258221946656704
8,108,13,1.6562048196792603,0.019447244703769684,0.011742052622139454,1.1742052622139454
8,109,13,1.6504110097885132,0.02630939520895481,0.015941116958856583,1.5941116958856583
8,110,13,1.9756569862365723,0.017888713628053665,0.009054564870893955,0.9054564870893955
8,111,13,2.9075286388397217,0.033981114625930786,0.011687284335494041,1.1687284335494041
8,112,14,4.337009429931641,0.015856999903917313,0.003656205954030156,0.3656205954030156
8,113,14,7.678938865661621,0.055936578661203384,0.007284414954483509,0.7284414954483509
8,114,14,2.6910476684570312,0.008329366333782673,0.0030952133238315582,0.3095213323831558
8,115,14,2.840686082839966,0.017877789214253426,0.00629347562789917,0.629347562789917
8,116,14,4.632258415222168,0.06218671798706055,0.013424708507955074,1.3424708507955074
8,117,14,8.07716178894043,0.042530011385679245,0.005265465006232262,0.5265465006232262
8,118,14,2.2431275844573975,0.031494878232479095,0.014040609821677208,1.4040609821677208
8,119,14,1.2575851678848267,0.0015228129923343658,0.0012109024683013558,0.12109024683013558
8,120,15,4.981096267700195,0.019366789609193802,0.003888057777658105,0.3888057777658105
8,121,15,2.7943825721740723,0.040131714195013046,0.014361567795276642,1.4361567795276642
8,122,15,2.5650582313537598,0.01004732958972454,0.0039169988594949245,0.39169988594949245
8,123,15,2.211517333984375,0.019632231444120407,0.008877268061041832,0.8877268061041832
8,124,15,2.2297558784484863,0.015878455713391304,0.007121163420379162,0.7121163420379162
8,125,15,6.982727527618408,0.013728367164731026,0.0019660466350615025,0.19660466350615025
8,126,15,1.6897659301757812,0.01728714257478714,0.01023049559444189,1.023049559444189
8,127,15,2.344836473464966,0.04111584648489952,0.017534632235765457,1.7534632235765457
8,128,16,5.335702896118164,0.056043848395347595,0.010503554716706276,1.0503554716706276
8,129,16,2.518742799758911,0.00782814808189869,0.003107958473265171,0.3107958473265171
8,130,16,4.593006610870361,0.015299982391297817,0.0033311473671346903,0.33311473671346903
8,131,16,1.5884597301483154,0.004563644994050264,0.0028730002231895924,0.28730002231895924
8,132,16,4.663761615753174,0.06706807762384415,0.014380683191120625,1.4380683191120625
8,133,16,1.370030164718628,0.009731980040669441,0.0071034785360097885,0.7103478536009789
8,134,16,4.846296787261963,0.018574703484773636,0.00383276236243546,0.383276236243546
8,135,16,2.7783331871032715,0.0025078170001506805,0.000902633648365736,0.0902633648365736
8,136,17,3.530771493911743,0.01206321083009243,0.0034165934193879366,0.34165934193879366
8,137,17,2.462526559829712,0.028917204588651657,0.011742900125682354,1.1742900125682354
8,138,17,2.200263261795044,0.014497983269393444,0.0065892040729522705,0.658920407295227
8,139,17,2.181952953338623,0.009936179034411907,0.004553800914436579,0.4553800914436579
8,140,17,3.3129284381866455,0.027619948610663414,0.008337019011378288,0.8337019011378288
8,141,17,3.5627822875976562,0.0364081896841526,0.010219032876193523,1.0219032876193523
8,142,17,1.3115692138671875,0.0023485287092626095,0.0017906250432133675,0.17906250432133675
8,143,17,4.768374443054199,0.02238038368523121,0.004693503957241774,0.46935039572417736
8,144,18,2.2387051582336426,0.0208126213401556,0.009296722710132599,0.9296722710132599
8,145,18,3.7253265380859375,0.015251225791871548,0.004093930125236511,0.4093930125236511
8,146,18,2.0254130363464355,0.02786596119403839,0.013758162036538124,1.3758162036538124
8,147,18,4.352136135101318,0.010656239464879036,0.0024485078174620867,0.24485078174620867
8,148,18,1.5264463424682617,0.011254940181970596,0.007373295724391937,0.7373295724391937
8,149,18,2.312788963317871,0.0127537427470088,0.0055144429206848145,0.5514442920684814
8,150,18,2.229998826980591,0.020567892119288445,0.009223274886608124,0.9223274886608124
8,151,18,2.938809871673584,0.012934360653162003,0.004401224199682474,0.4401224199682474
8,152,19,2.5247902870178223,0.028934946283698082,0.011460336856544018,1.1460336856544018
8,153,19,2.28955340385437,0.014399082399904728,0.006289035547524691,0.6289035547524691
8,154,19,2.851402521133423,0.02938394993543625,0.010305086150765419,1.030508615076542
8,155,19,2.567732810974121,0.01094381045550108,0.00426205201074481,0.426205201074481
8,156,19,1.5017385482788086,0.007713329046964645,0.005136266350746155,0.5136266350746155
8,157,19,3.14007568359375,0.004903308115899563,0.001561525510624051,0.1561525510624051
8,158,19,1.7959100008010864,0.02166467346251011,0.012063340283930302,1.2063340283930302
8,159,19,2.09256911277771,0.009532216005027294,0.004555269610136747,0.45552696101367474
8,160,20,2.425384044647217,0.01666836254298687,0.0068724630400538445,0.6872463040053844
8,161,20,1.5557138919830322,0.014833611436188221,0.009534922428429127,0.9534922428429127
8,162,20,4.545371055603027,0.026487886905670166,0.005827442277222872,0.5827442277222872
8,163,20,1.4859191179275513,0.004156575072556734,0.0027973090764135122,0.2797309076413512
8,164,20,1.1607160568237305,0.018449392169713974,0.01589483581483364,1.589483581483364
8,165,20,2.1194634437561035,0.008675533346831799,0.004093268886208534,0.4093268886208534
8,166,20,1.4674937725067139,0.006944735534489155,0.004732378292828798,0.47323782928287983
8,167,20,2.504163980484009,0.01487025897949934,0.005938212852925062,0.5938212852925062
8,168,21,1.919708013534546,0.019375620409846306,0.010093003511428833,1.0093003511428833
8,169,21,5.633120536804199,0.002616732381284237,0.0004645262670237571,0.04645262670237571
8,170,21,1.939028024673462,0.017589248716831207,0.009071167558431625,0.9071167558431625
8,171,21,3.116023302078247,0.002602521562948823,0.0008352060685865581,0.08352060685865581
8,172,21,3.095327615737915,0.004533140454441309,0.0014645106857642531,0.14645106857642531
8,173,21,1.349510669708252,0.012404147535562515,0.009191589429974556,0.9191589429974556
8,174,21,1.608818769454956,0.025267062708735466,0.015705350786447525,1.5705350786447525
8,175,21,1.5102829933166504,0.006572806276381016,0.004352036397904158,0.43520363979041576
8,176,22,2.664214849472046,0.021420229226350784,0.008039978332817554,0.8039978332817554
8,177,22,4.476478099822998,0.048570770770311356,0.010850219987332821,1.085021998733282
8,178,22,2.265101432800293,0.013760335743427277,0.006074931472539902,0.6074931472539902
8,179,22,4.3471221923828125,0.024478759616613388,0.005631026346236467,0.5631026346236467
8,180,22,2.657768964767456,0.014941160567104816,0.005621692631393671,0.5621692631393671
8,181,22,5.419502258300781,0.013545466586947441,0.0024993931874632835,0.24993931874632835
8,182,22,2.5814602375030518,0.013261349871754646,0.005137150641530752,0.5137150641530752
8,183,22,1.8186603784561157,0.011427466757595539,0.006283452734351158,0.6283452734351158
8,184,23,2.835520029067993,0.03168550506234169,0.011174495331943035,1.1174495331943035
8,185,23,1.6530463695526123,0.016988689079880714,0.010277200490236282,1.0277200490236282
8,186,23,1.2654871940612793,0.02783089317381382,0.021992236375808716,2.1992236375808716
8,187,23,2.4417030811309814,0.01927627995610237,0.007894604466855526,0.7894604466855526
8,188,23,1.7390106916427612,0.03177451714873314,0.01827160455286503,1.8271604552865028
8,189,23,1.1704387664794922,0.019069278612732887,0.016292419284582138,1.6292419284582138
8,190,23,5.904475212097168,0.02267860621213913,0.0038409181870520115,0.38409181870520115
8,191,23,4.041926860809326,0.016780637204647064,0.0041516427882015705,0.41516427882015705
8,192,24,2.2914879322052,0.00838850811123848,0.0036607254296541214,0.36607254296541214
8,193,24,1.4129654169082642,0.0107032535597682,0.0075750285759568214,0.7575028575956821
8,194,24,2.799497365951538,0.01684415712952614,0.006016850471496582,0.6016850471496582
8,195,24,1.7616443634033203,0.007559994701296091,0.004291442222893238,0.4291442222893238
8,196,24,2.2539970874786377,0.009172439575195312,0.004069410730153322,0.4069410730153322
8,197,24,3.7353193759918213,0.019848620519042015,0.0053137680515646935,0.5313768051564693
8,198,24,4.904851913452148,0.01636584848165512,0.0033366652205586433,0.33366652205586433
8,199,24,1.933781623840332,0.018629733473062515,0.009633835405111313,0.9633835405111313
8,200,25,3.204287052154541,0.03574749082326889,0.011156144551932812,1.1156144551932812
8,201,25,1.719590663909912,0.007264469750225544,0.004224534146487713,0.4224534146487713
8,202,25,4.146006107330322,0.009424405172467232,0.0022731286007910967,0.22731286007910967
8,203,25,2.5553717613220215,0.04176165908575058,0.01634269393980503,1.634269393980503
8,204,25,1.8355916738510132,0.015360879711806774,0.008368353359401226,0.8368353359401226
8,205,25,2.001004695892334,0.014697986654937267,0.007345303427428007,0.7345303427428007
8,206,25,1.3640475273132324,0.013487075455486774,0.009887540712952614,0.9887540712952614
8,207,25,1.160101056098938,0.0063643320463597775,0.005486015230417252,0.5486015230417252
8,208,26,1.5820883512496948,0.004547152202576399,0.0028741455171257257,0.2874145517125726
8,209,26,1.5044095516204834,0.005496177822351456,0.003653378691524267,0.3653378691524267
8,210,26,2.0650885105133057,0.00981438159942627,0.004752523265779018,0.47525232657790184
8,211,26,8.319393157958984,0.03743620216846466,0.004499871749430895,0.4499871749430895
8,212,26,2.047565460205078,0.0038505091797560453,0.0018805303843691945,0.18805303843691945
8,213,26,1.5879244804382324,0.00615377351641655,0.0038753566332161427,0.38753566332161427
8,214,26,1.268226146697998,0.0036065352614969015,0.0028437634464353323,0.28437634464353323
8,215,26,3.096269130706787,0.02836056612432003,0.009159592911601067,0.9159592911601067
8,216,27,0.9826974868774414,0.008794484660029411,0.008949331007897854,0.8949331007897854
8,217,27,3.1176722049713135,0.01841536909341812,0.005906769074499607,0.5906769074499607
8,218,27,1.1341642141342163,0.008323386311531067,0.007338784169405699,0.7338784169405699
8,219,27,6.026210784912109,0.01932893693447113,0.003207477740943432,0.3207477740943432
8,220,27,3.4081850051879883,0.010631004348397255,0.0031192568130791187,0.3119256813079119
8,221,27,3.115673542022705,0.0147926714271307,0.004747824743390083,0.47478247433900833
8,222,27,2.0888752937316895,0.017236903309822083,0.008251762948930264,0.8251762948930264
8,223,27,2.1303555965423584,0.010204932652413845,0.004790248349308968,0.47902483493089676
8,224,28,2.377234935760498,0.004643739201128483,0.0019534204620867968,0.19534204620867968
8,225,28,2.6082677841186523,0.055405739694833755,0.021242350339889526,2.1242350339889526
8,226,28,2.6444482803344727,0.003688495373353362,0.0013948071282356977,0.13948071282356977
8,227,28,2.7010645866394043,0.041534844785928726,0.015377212315797806,1.5377212315797806
8,228,28,2.866764545440674,0.02884538285434246,0.010061998851597309,1.006199885159731
8,229,28,2.682802677154541,0.043497923761606216,0.016213612630963326,1.6213612630963326
8,230,28,1.7411773204803467,0.016671711578965187,0.00957496464252472,0.9574964642524719
8,231,28,2.0487165451049805,0.00778662646189332,0.00380073394626379,0.380073394626379
8,232,29,1.9425232410430908,0.008531449362635612,0.004391942173242569,0.4391942173242569
8,233,29,2.534883499145508,0.02227858453989029,0.008788799867033958,0.8788799867033958
8,234,29,2.7212421894073486,0.011336302384734154,0.004165855702012777,0.41658557020127773
8,235,29,2.2600181102752686,0.003399750217795372,0.0015043022576719522,0.15043022576719522
8,236,29,4.282410621643066,0.0041937679052352905,0.0009793007047846913,0.09793007047846913
8,237,29,1.5218636989593506,0.016415297985076904,0.010786312632262707,1.0786312632262707
8,238,29,2.896611452102661,0.0022525598760694265,0.0007776534184813499,0.077765341848135
8,239,29,1.8606277704238892,0.0043379198759794235,0.0023314279969781637,0.23314279969781637
8,240,30,4.299286842346191,0.013653354719281197,0.0031757254619151354,0.31757254619151354
8,241,30,2.072403907775879,0.003471673233434558,0.0016751914517953992,0.16751914517953992
8,242,30,3.5279088020324707,0.020257338881492615,0.005742024630308151,0.5742024630308151
8,243,30,1.750733494758606,0.0243694931268692,0.013919590041041374,1.3919590041041374
8,244,30,2.6840951442718506,0.005544555839151144,0.0020657076966017485,0.20657076966017485
8,245,30,1.5548789501190186,0.0058240462094545364,0.0037456590216606855,0.37456590216606855
8,246,30,1.6427278518676758,0.005704694427549839,0.0034726960584521294,0.34726960584521294
8,247,30,1.6434496641159058,0.010171549394726753,0.006189145613461733,0.6189145613461733
8,248,31,2.449125289916992,0.011402931064367294,0.004655919969081879,0.46559199690818787
8,249,31,2.160248041152954,0.01703709363937378,0.007886637933552265,0.7886637933552265
8,250,31,3.4368093013763428,0.005388807039707899,0.0015679680509492755,0.15679680509492755
8,251,31,1.6444939374923706,0.010041476227343082,0.006106119137257338,0.6106119137257338
8,252,31,2.947047233581543,0.01481823343783617,0.005028163082897663,0.5028163082897663
8,253,31,2.0882649421691895,0.015325658023357391,0.007338943425565958,0.7338943425565958
8,254,31,3.4652371406555176,0.007413490675389767,0.0021393890492618084,0.21393890492618084
8,255,31,2.0563344955444336,0.011760061606764793,0.005718943662941456,0.5718943662941456
8,256,32,1.1224467754364014,0.011476416140794754,0.010224463418126106,1.0224463418126106
8,257,32,3.4275946617126465,0.010317620821297169,0.003010163549333811,0.3010163549333811
8,258,32,1.904024600982666,0.007485253736376762,0.003931279759854078,0.39312797598540783
8,259,32,5.019245624542236,0.01055717933923006,0.0021033398807048798,0.21033398807048798
8,260,32,1.6878929138183594,0.014451254159212112,0.008561712689697742,0.8561712689697742
8,261,32,4.219830513000488,0.012951191514730453,0.003069126047194004,0.3069126047194004
8,262,32,1.0737245082855225,0.005429647862911224,0.0050568352453410625,0.5056835245341063
8,263,32,1.0893782377243042,0.0037821156438440084,0.0034718113020062447,0.34718113020062447
8,264,33,2.7975950241088867,0.03295860439538956,0.011781048960983753,1.1781048960983753
8,265,33,3.2261335849761963,0.013918871060013771,0.004314412362873554,0.4314412362873554
8,266,33,4.023613452911377,0.018361810594797134,0.004563512746244669,0.4563512746244669
8,267,33,3.5786049365997314,0.0063537051901221275,0.0017754698637872934,0.17754698637872934
8,268,33,2.4192590713500977,0.027209656313061714,0.011247103102505207,1.1247103102505207
8,269,33,1.8267909288406372,0.00920062605291605,0.005036496557295322,0.5036496557295322
8,270,33,6.013251304626465,0.04309545084834099,0.007166747003793716,0.7166747003793716
8,271,33,1.692253828048706,0.008323502726852894,0.004918590188026428,0.4918590188026428
8,272,34,1.6941230297088623,0.008620505221188068,0.005088476464152336,0.5088476464152336
8,273,34,3.551312208175659,0.00502735935151577,0.0014156342949718237,0.14156342949718237
8,274,34,1.410938024520874,0.002874267054721713,0.0020371319260448217,0.20371319260448217
8,275,34,2.0535292625427246,0.008000850677490234,0.0038961463142186403,0.38961463142186403
8,276,34,1.7775217294692993,0.011578811332583427,0.006514019798487425,0.6514019798487425
8,277,34,3.2036287784576416,0.011021784506738186,0.003440406173467636,0.3440406173467636
8,278,34,2.956944704055786,0.008427757769823074,0.002850157441571355,0.2850157441571355
8,279,34,1.8969099521636963,0.005175162106752396,0.0027282065711915493,0.27282065711915493
8,280,35,2.0825071334838867,0.0045409854501485825,0.002180537674576044,0.2180537674576044
8,281,35,2.64369797706604,0.01563163846731186,0.00591279286891222,0.591279286891222
8,282,35,3.7389965057373047,0.018167398869991302,0.004858897067606449,0.4858897067606449
8,283,35,1.9127929210662842,0.01795029453933239,0.009384337812662125,0.9384337812662125
8,284,35,3.783165216445923,0.022710435092449188,0.006003024987876415,0.6003024987876415
8,285,35,3.194901466369629,0.01808978244662285,0.005662078503519297,0.5662078503519297
8,286,35,6.110691070556641,0.033993080258369446,0.005562886595726013,0.5562886595726013
8,287,35,1.745774507522583,0.0184547808021307,0.010571113787591457,1.0571113787591457
8,288,36,2.7140300273895264,0.016183599829673767,0.005962940398603678,0.5962940398603678
8,289,36,1.8699079751968384,0.013763131573796272,0.007360325660556555,0.7360325660556555
8,290,36,3.5679335594177246,0.017749447375535965,0.004974713549017906,0.4974713549017906
8,291,36,4.997854709625244,0.015047067776322365,0.0030107053462415934,0.30107053462415934
8,292,36,2.3647232055664062,0.011757037602365017,0.0049718450754880905,0.49718450754880905
8,293,36,1.2051725387573242,0.0041875578463077545,0.0034746541641652584,0.34746541641652584
8,294,36,4.9925312995910645,0.00956773478537798,0.0019164095865562558,0.19164095865562558
8,295,36,4.2529096603393555,0.011337528936564922,0.0026658286806195974,0.26658286806195974
8,296,37,2.4530858993530273,0.018053274601697922,0.007359413895756006,0.7359413895756006
8,297,37,2.3161330223083496,0.008368409238755703,0.0036130952648818493,0.36130952648818493
8,298,37,1.9619240760803223,0.006644333712756634,0.0033866416197270155,0.33866416197270155
8,299,37,1.9455485343933105,0.003844186197966337,0.001975888153538108,0.1975888153538108
8,300,37,2.5309019088745117,0.011855489574372768,0.0046842945739626884,0.46842945739626884
8,301,37,1.7341582775115967,0.004116513300687075,0.002373781753703952,0.23737817537039518
8,302,37,1.536329984664917,0.012767137959599495,0.008310153149068356,0.8310153149068356
8,303,37,4.432171821594238,0.0036295629106462,0.0008189129293896258,0.08189129293896258
8,304,38,1.2922170162200928,0.005745584610849619,0.004446300212293863,0.44463002122938633
8,305,38,4.139852523803711,0.006741765886545181,0.0016285039018839598,0.16285039018839598
8,306,38,3.1414365768432617,0.010550649836659431,0.0033585429191589355,0.33585429191589355
8,307,38,1.9413350820541382,0.010749866254627705,0.005537357646971941,0.5537357646971941
8,308,38,4.378948211669922,0.016122089698910713,0.003681726520881057,0.3681726520881057
8,309,38,3.8536365032196045,0.008053013123571873,0.0020897178910672665,0.20897178910672665
8,310,38,2.099639415740967,0.004760967567563057,0.0022675166837871075,0.22675166837871075
8,311,38,1.3653591871261597,0.008751309476792812,0.006409529130905867,0.6409529130905867
8,312,39,1.9233119487762451,0.016688594594597816,0.00867700856178999,0.867700856178999
8,313,39,2.381983995437622,0.01137885358184576,0.004777048714458942,0.47770487144589424
8,314,39,2.842787981033325,0.008687663823366165,0.003056036541238427,0.3056036541238427
8,315,39,1.6156753301620483,0.005419881083071232,0.0033545608166605234,0.33545608166605234
8,316,39,2.621473789215088,0.0102589325979352,0.0039134216494858265,0.39134216494858265
8,317,39,2.5043771266937256,0.008691479451954365,0.0034705153666436672,0.3470515366643667
8,318,39,2.254889726638794,0.00569589389488101,0.0025260187685489655,0.25260187685489655
8,319,39,4.09388542175293,0.013492812402546406,0.0032958451192826033,0.3295845119282603
8,320,40,2.375072956085205,0.018081670626997948,0.007613101042807102,0.7613101042807102
8,321,40,3.9510605335235596,0.028647374361753464,0.007250552996993065,0.7250552996993065
8,322,40,3.7587828636169434,0.05102667585015297,0.013575319200754166,1.3575319200754166
8,323,40,1.8860602378845215,0.005880527663975954,0.003117889631539583,0.3117889631539583
8,324,40,4.712267875671387,0.048265788704156876,0.010242581367492676,1.0242581367492676
8,325,40,2.6469130516052246,0.01934589073061943,0.007308850064873695,0.7308850064873695
8,326,40,2.5837671756744385,0.027372485026717186,0.010594021528959274,1.0594021528959274
8,327,40,2.340371608734131,0.02274666167795658,0.009719251655042171,0.9719251655042171
8,328,41,3.4180502891540527,0.010906695388257504,0.0031909113749861717,0.31909113749861717
8,329,41,2.205815315246582,0.013695289380848408,0.006208719685673714,0.6208719685673714
8,330,41,3.29052734375,0.012888132594525814,0.003916737623512745,0.3916737623512745
8,331,41,2.665982961654663,0.011128291487693787,0.004174179397523403,0.4174179397523403
8,332,41,3.4629709720611572,0.0040702796541154385,0.0011753721628338099,0.11753721628338099
8,333,41,2.3452162742614746,0.005503933411091566,0.0023468767758458853,0.23468767758458853
8,334,41,1.7396831512451172,0.003290747059509158,0.0018915784312412143,0.18915784312412143
8,335,41,2.148761034011841,0.008940582163631916,0.0041608079336583614,0.41608079336583614
8,336,42,2.732137680053711,0.0037860770244151354,0.0013857563026249409,0.1385756302624941
8,337,42,1.86652410030365,0.018954243510961533,0.01015483494848013,1.015483494848013
8,338,42,3.3115251064300537,0.012758915312588215,0.003852881956845522,0.3852881956845522
8,339,42,1.993192195892334,0.008972816169261932,0.004501731600612402,0.4501731600612402
8,340,42,2.3791236877441406,0.013252773322165012,0.005570443347096443,0.5570443347096443
8,341,42,2.382741928100586,0.006491169799119234,0.0027242437936365604,0.27242437936365604
8,342,42,1.9531561136245728,0.004139551427215338,0.002119416603818536,0.21194166038185358
8,343,42,2.917471408843994,0.003477339632809162,0.0011919018579646945,0.11919018579646945
8,344,43,2.6620447635650635,0.014917071908712387,0.005603614263236523,0.5603614263236523
8,345,43,2.6573755741119385,0.01470955554395914,0.005535369273275137,0.5535369273275137
8,346,43,3.5811285972595215,0.018045535311102867,0.00503906374797225,0.503906374797225
8,347,43,1.9555710554122925,0.016777971759438515,0.008579576388001442,0.8579576388001442
8,348,43,1.2180402278900146,0.008413714356720448,0.006907583214342594,0.6907583214342594
8,349,43,2.3935461044311523,0.005777868442237377,0.002413936657831073,0.24139366578310728
8,350,43,4.796228408813477,0.03634526580572128,0.00757788447663188,0.757788447663188
8,351,43,2.865662097930908,0.0087813725695014,0.0030643432401120663,0.3064343240112066
8,352,44,2.771547794342041,0.014801898039877415,0.005340661387890577,0.5340661387890577
8,353,44,1.8395671844482422,0.013111901469528675,0.007127710152417421,0.7127710152417421
8,354,44,5.381685733795166,0.026948481798171997,0.005007442552596331,0.5007442552596331
8,355,44,3.1226978302001953,0.007019271142780781,0.002247822703793645,0.2247822703793645
8,356,44,2.754335641860962,0.013523269444704056,0.004909811541438103,0.49098115414381027
8,357,44,2.385974645614624,0.006577793508768082,0.0027568580117076635,0.27568580117076635
8,358,44,1.8766589164733887,0.005296433810144663,0.0028222675900906324,0.28222675900906324
8,359,44,3.330359935760498,0.025323249399662018,0.007603757549077272,0.7603757549077272
8,360,45,2.6803793907165527,0.018646199256181717,0.006956552155315876,0.6956552155315876
8,361,45,2.7342662811279297,0.00816741306334734,0.0029870583675801754,0.29870583675801754
8,362,45,1.7667609453201294,0.004981131758540869,0.0028193581383675337,0.28193581383675337
8,363,45,3.173116445541382,0.023135699331760406,0.007291160058230162,0.7291160058230162
8,364,45,1.621268630027771,0.01086750440299511,0.0067030866630375385,0.6703086663037539
8,365,45,1.7955108880996704,0.005337120965123177,0.0029724803753197193,0.29724803753197193
8,366,45,3.6876440048217773,0.024978753179311752,0.006773634813725948,0.6773634813725948
8,367,45,3.09989857673645,0.01563359797000885,0.005043261218816042,0.5043261218816042
8,368,46,2.196399450302124,0.007140016183257103,0.0032507821451872587,0.32507821451872587
8,369,46,2.6764183044433594,0.006428922060877085,0.002402061829343438,0.24020618293434381
8,370,46,2.7517013549804688,0.0041494350880384445,0.0015079525765031576,0.15079525765031576
8,371,46,3.25433611869812,0.008027556352317333,0.0024667263496667147,0.24667263496667147
8,372,46,2.9873194694519043,0.007903073914349079,0.0026455402839928865,0.26455402839928865
8,373,46,1.305593729019165,0.00644467119127512,0.004936199635267258,0.49361996352672577
8,374,46,3.157089948654175,0.010277572087943554,0.0032553940545767546,0.32553940545767546
8,375,46,2.159881114959717,0.007143855094909668,0.003307522274553776,0.3307522274553776
8,376,47,1.2419923543930054,0.004545450210571289,0.0036598052829504013,0.36598052829504013
8,377,47,1.8622064590454102,0.004381954204291105,0.0023530980106443167,0.23530980106443167
8,378,47,1.7579345703125,0.0050468347035348415,0.002870888914912939,0.2870888914912939
8,379,47,1.8288109302520752,0.0060470509342849255,0.0033065478783100843,0.33065478783100843
8,380,47,1.8507447242736816,0.008187464438378811,0.004423875827342272,0.4423875827342272
8,381,47,1.9398940801620483,0.006602015346288681,0.003403286449611187,0.3403286449611187
8,382,47,2.794222354888916,0.006246326491236687,0.002235443564131856,0.2235443564131856
8,383,47,2.544161319732666,0.009200524538755417,0.003616329049691558,0.3616329049691558
8,384,48,2.9811930656433105,0.00711427628993988,0.0023863855749368668,0.23863855749368668
8,385,48,1.7391891479492188,0.007767960894852877,0.004466426558792591,0.4466426558792591
8,386,48,1.9700515270233154,0.003560194279998541,0.0018071579979732633,0.18071579979732633
8,387,48,3.3880372047424316,0.032511625438928604,0.009596006013453007,0.9596006013453007
8,388,48,3.5269806385040283,0.017534861341118813,0.004971635062247515,0.4971635062247515
8,389,48,2.173839569091797,0.0022991211153566837,0.0010576314525678754,0.10576314525678754
8,390,48,1.9927551746368408,0.014051723293960094,0.007051404565572739,0.7051404565572739
8,391,48,2.9300336837768555,0.029359878972172737,0.010020321235060692,1.0020321235060692
8,392,49,1.6159194707870483,0.004372244235128164,0.0027057314291596413,0.2705731429159641
8,393,49,2.3738033771514893,0.004375862888991833,0.0018433973891660571,0.1843397389166057
8,394,49,4.336993217468262,0.01090363971889019,0.0025141010992228985,0.25141010992228985
8,395,49,3.017493963241577,0.01627996191382408,0.00539519265294075,0.539519265294075
8,396,49,2.0920825004577637,0.010058509185910225,0.0048078931868076324,0.48078931868076324
8,397,49,2.86745023727417,0.004361557308584452,0.0015210576821118593,0.15210576821118593
8,398,49,2.667861223220825,0.012743126600980759,0.0047765327617526054,0.47765327617526054
8,399,49,1.7056502103805542,0.0063303373754024506,0.003711392404511571,0.3711392404511571
8,400,50,4.238731384277344,0.01229979656636715,0.002901763655245304,0.2901763655245304
8,401,50,2.04789400100708,0.009205835871398449,0.0044952696189284325,0.44952696189284325
8,402,50,1.864006519317627,0.006377293262630701,0.0034212826285511255,0.34212826285511255
8,403,50,3.1422653198242188,0.01296442374587059,0.004125820938497782,0.4125820938497782
8,404,50,1.8337653875350952,0.00745049025863409,0.004062946420162916,0.4062946420162916
8,405,50,2.807631015777588,0.004600382409989834,0.0016385281924158335,0.16385281924158335
8,406,50,1.5061004161834717,0.005409608129411936,0.0035917977802455425,0.35917977802455425
8,407,50,1.978230357170105,0.0064308191649615765,0.0032507937867194414,0.32507937867194414
8,408,51,1.9566988945007324,0.005311429034918547,0.0027144846972078085,0.27144846972078085
8,409,51,2.6765058040618896,0.009149688296020031,0.0034185198601335287,0.34185198601335287
8,410,51,2.2942137718200684,0.004321405664086342,0.0018836107337847352,0.18836107337847352
8,411,51,3.9003915786743164,0.009308397769927979,0.0023865289986133575,0.23865289986133575
8,412,51,2.048060655593872,0.008520495146512985,0.004160274751484394,0.4160274751484394
8,413,51,2.656687021255493,0.01089939009398222,0.004102624952793121,0.41026249527931213
8,414,51,2.49326229095459,0.016434326767921448,0.006591495126485825,0.6591495126485825
8,415,51,2.242124080657959,0.006060321349650621,0.002702937461435795,0.2702937461435795
8,416,52,2.319550037384033,0.00786953791975975,0.003392700105905533,0.3392700105905533
8,417,52,1.2254326343536377,0.005297788418829441,0.004323198460042477,0.43231984600424767
8,418,52,2.8747076988220215,0.01251529436558485,0.004353588446974754,0.43535884469747543
8,419,52,2.7329812049865723,0.007258429192006588,0.0026558649260550737,0.2655864926055074
8,420,52,1.5304455757141113,0.00830549094825983,0.005426845047622919,0.5426845047622919
8,421,52,2.0035688877105713,0.008674273267388344,0.004329410847276449,0.4329410847276449
8,422,52,2.1073734760284424,0.004798470064997673,0.002276990795508027,0.2276990795508027
8,423,52,2.271336793899536,0.011238082312047482,0.004947783425450325,0.4947783425450325
8,424,53,1.814933180809021,0.009350033476948738,0.005151723045855761,0.5151723045855761
8,425,53,1.848228931427002,0.008148649707436562,0.0044088964350521564,0.44088964350521564
8,426,53,2.3703904151916504,0.012525685131549835,0.005284228827804327,0.5284228827804327
8,427,53,2.1009926795959473,0.011091997846961021,0.005279408302158117,0.5279408302158117
8,428,53,3.4598870277404785,0.02342074364423752,0.00676922220736742,0.676922220736742
8,429,53,2.3458311557769775,0.0064003122970461845,0.0027283772360533476,0.27283772360533476
8,430,53,2.1798386573791504,0.011088978499174118,0.0050870636478066444,0.5087063647806644
8,431,53,1.6983267068862915,0.012512270361185074,0.007367410697042942,0.7367410697042942
8,432,54,2.5537338256835938,0.014556550420820713,0.005700104869902134,0.5700104869902134
8,433,54,1.296972393989563,0.0032033768948167562,0.0024698881898075342,0.24698881898075342
8,434,54,2.7039265632629395,0.003563125617802143,0.0013177597429603338,0.13177597429603338
8,435,54,2.361440658569336,0.017514629289507866,0.007416925393044949,0.7416925393044949
8,436,54,1.2879292964935303,0.003488680347800255,0.0027087514754384756,0.27087514754384756
8,437,54,2.982985496520996,0.005037723109126091,0.001688819145783782,0.1688819145783782
8,438,54,1.9045330286026,0.007889315485954285,0.0041423882357776165,0.41423882357776165
8,439,54,1.8138976097106934,0.0060345944948494434,0.003326866077259183,0.3326866077259183
8,440,55,1.9825794696807861,0.002485725563019514,0.00125378358643502,0.125378358643502
8,441,55,1.5625944137573242,0.007813898846507072,0.005000593140721321,0.5000593140721321
8,442,55,2.560495138168335,0.005604926496744156,0.0021890010684728622,0.21890010684728622
8,443,55,2.4372458457946777,0.006670310627669096,0.0027368231676518917,0.27368231676518917
8,444,55,2.5095126628875732,0.007605666294693947,0.003030734369531274,0.3030734369531274
8,445,55,1.6011943817138672,0.0028001824393868446,0.0017488085431978106,0.17488085431978106
8,446,55,2.1122891902923584,0.014113661833107471,0.006681689992547035,0.6681689992547035
8,447,55,2.2215874195098877,0.011776893399655819,0.0053011165000498295,0.530111650004983
8,448,56,2.1629905700683594,0.006361532490700483,0.0029410819988697767,0.2941081998869777
8,449,56,1.588495135307312,0.0052385274320840836,0.0032977925147861242,0.3297792514786124
8,450,56,1.653627634048462,0.0018657566979527473,0.0011282810010015965,0.11282810010015965
8,451,56,1.921856164932251,0.00564303295686841,0.0029362409841269255,0.29362409841269255
8,452,56,1.6709094047546387,0.003494534408673644,0.002091396600008011,0.2091396600008011
8,453,56,2.0972166061401367,0.00919106975197792,0.0043825083412230015,0.43825083412230015
8,454,56,2.320765972137451,0.008074508979916573,0.0034792430233210325,0.34792430233210325
8,455,56,2.0045430660247803,0.0023926577996462584,0.0011936175869777799,0.11936175869777799
8,456,57,1.8531603813171387,0.004987283609807491,0.0026912314351648092,0.2691231435164809
8,457,57,1.6856876611709595,0.00915815681219101,0.0054328907281160355,0.5432890728116035
8,458,57,2.5482125282287598,0.009341452270746231,0.00366588425822556,0.366588425822556
8,459,57,2.2422733306884766,0.0011416980996727943,0.0005091698840260506,0.05091698840260506
8,460,57,1.6894038915634155,0.006883212365210056,0.00407434394583106,0.40743439458310604
8,461,57,1.6500773429870605,0.007508920039981604,0.004550647456198931,0.4550647456198931
8,462,57,1.677306056022644,0.0028522072825580835,0.0017004691762849689,0.17004691762849689
8,463,57,1.8614437580108643,0.010953438468277454,0.0058843777514994144,0.5884377751499414
8,464,58,1.9335094690322876,0.002445254474878311,0.0012646715622395277,0.12646715622395277
8,465,58,2.2476022243499756,0.002384146209806204,0.00106075091753155,0.10607509175315499
8,466,58,1.9916363954544067,0.006549188867211342,0.003288345644250512,0.3288345644250512
8,467,58,1.6139090061187744,0.0014732182025909424,0.0009128260426223278,0.09128260426223278
8,468,58,2.2876923084259033,0.00909652840346098,0.003976290114223957,0.3976290114223957
8,469,58,1.2786353826522827,0.004404785111546516,0.003444910980761051,0.3444910980761051
8,470,58,2.7004599571228027,0.007248456124216318,0.0026841561775654554,0.26841561775654554
8,471,58,1.7263203859329224,0.002381690312176943,0.0013796340208500624,0.13796340208500624
8,472,59,1.7935513257980347,0.009681274183094501,0.005397824104875326,0.5397824104875326
8,473,59,1.5222563743591309,0.009809434413909912,0.0064440094865858555,0.6444009486585855
8,474,59,2.4805822372436523,0.011741084046661854,0.004733196925371885,0.47331969253718853
8,475,59,1.9585171937942505,0.011038285680115223,0.005636042449623346,0.5636042449623346
8,476,59,1.6661620140075684,0.012859465554356575,0.007718016393482685,0.7718016393482685
8,477,59,1.8164254426956177,0.017485762014985085,0.009626468643546104,0.9626468643546104
8,478,59,1.8399465084075928,0.011219051666557789,0.006097488105297089,0.6097488105297089
8,479,59,2.2997312545776367,0.0029686775524169207,0.0012908802600577474,0.12908802600577474
8,480,60,2.51031494140625,0.0033591100946068764,0.0013381229946389794,0.13381229946389794
8,481,60,1.8057578802108765,0.007163007743656635,0.003966759890317917,0.3966759890317917
8,482,60,2.965712308883667,0.011606804095208645,0.003913664724677801,0.3913664724677801
8,483,60,3.5921921730041504,0.018364930525422096,0.005112457554787397,0.5112457554787397
8,484,60,2.125169277191162,0.008820735849440098,0.004150603897869587,0.4150603897869587
8,485,60,1.9207675457000732,0.0011933844070881605,0.0006213060114532709,0.06213060114532709
8,486,60,1.9025886058807373,0.0077532753348350525,0.004075119271874428,0.4075119271874428
8,487,60,1.8216005563735962,0.006706489250063896,0.00368164642713964,0.368164642713964
8,488,61,2.4406795501708984,0.006298673804849386,0.002580704865977168,0.2580704865977168
8,489,61,1.936070203781128,0.007430416531860828,0.0038378858007490635,0.38378858007490635
8,490,61,2.001983880996704,0.007146061398088932,0.0035694900434464216,0.35694900434464216
8,491,61,1.7669401168823242,0.0006873395177535713,0.000388999906135723,0.0388999906135723
8,492,61,1.675173044204712,0.01532103680074215,0.009145942516624928,0.9145942516624928
8,493,61,1.5722708702087402,0.00306204822845757,0.0019475322915241122,0.19475322915241122
8,494,61,2.055906295776367,0.01350732333958149,0.006570009049028158,0.6570009049028158
8,495,61,2.393462657928467,0.011861210688948631,0.004955669865012169,0.4955669865012169
8,496,62,1.7956401109695435,0.003129333723336458,0.0017427399288862944,0.17427399288862944
8,497,62,1.3149104118347168,0.002962562022730708,0.0022530523128807545,0.22530523128807545
8,498,62,2.1296825408935547,0.0047853365540504456,0.00224697170779109,0.224697170779109
8,499,62,2.712977409362793,0.007758686784654856,0.0028598420321941376,0.28598420321941376
8,500,62,1.7260642051696777,0.0062549118883907795,0.003623800352215767,0.3623800352215767
8,501,62,1.376589298248291,0.0007163080153986812,0.0005203498294577003,0.052034982945770025
8,502,62,2.6536333560943604,0.007219210267066956,0.0027205003425478935,0.27205003425478935
8,503,62,1.7086158990859985,0.006266922689974308,0.003667835844680667,0.3667835844680667
8,504,63,1.3026694059371948,0.00426478311419487,0.003273879876360297,0.3273879876360297
8,505,63,2.5307812690734863,0.006480728276073933,0.0025607619900256395,0.25607619900256395
8,506,63,2.7882726192474365,0.0063837869092822075,0.002289513126015663,0.22895131260156631
8,507,63,2.6830391883850098,0.002454239409416914,0.0009147236705757678,0.09147236705757678
8,508,63,2.3454668521881104,0.010803021490573883,0.004605915397405624,0.46059153974056244
8,509,63,1.8758840560913086,0.004733202513307333,0.002523184986785054,0.2523184986785054
8,510,63,2.4466845989227295,0.016770940274000168,0.006854557432234287,0.6854557432234287
8,511,63,1.93254816532135,0.004151592031121254,0.002148247556760907,0.21482475567609072
8,512,64,1.7856963872909546,0.0029554793145507574,0.0016550850123167038,0.16550850123167038
8,513,64,1.1699106693267822,0.0032004585955291986,0.002735643647611141,0.2735643647611141
8,514,64,1.7995344400405884,0.004864273592829704,0.0027030734345316887,0.27030734345316887
8,515,64,1.3149796724319458,0.0027863115537911654,0.0021189008839428425,0.21189008839428425
8,516,64,1.9192787408828735,0.00526277394965291,0.0027420581318438053,0.27420581318438053
8,517,64,2.3446736335754395,0.007319927681237459,0.0031219387892633677,0.31219387892633677
8,518,64,2.582009792327881,0.008452583104372025,0.0032736449502408504,0.32736449502408504
8,519,64,2.2001633644104004,0.008174258284270763,0.0037152960430830717,0.37152960430830717
8,520,65,1.9372721910476685,0.00492694741114974,0.0025432396214455366,0.25432396214455366
8,521,65,1.459761142730713,0.0021872061770409346,0.0014983315486460924,0.14983315486460924
8,522,65,3.1657931804656982,0.01171793881803751,0.003701422829180956,0.3701422829180956
8,523,65,1.6003254652023315,0.00750572606921196,0.004690124653279781,0.46901246532797813
8,524,65,2.837235927581787,0.017715265974402428,0.006243846844881773,0.6243846844881773
8,525,65,2.538118362426758,0.0066323233768343925,0.0026130867190659046,0.26130867190659046
8,526,65,1.7775866985321045,0.006139490753412247,0.003453834680840373,0.3453834680840373
8,527,65,1.7752313613891602,0.004831761121749878,0.0027217641472816467,0.2721764147281647
8,528,66,2.676988363265991,0.010449647903442383,0.003903508884832263,0.3903508884832263
8,529,66,1.8783632516860962,0.01192241907119751,0.006347238086163998,0.6347238086163998
8,530,66,1.4700899124145508,0.00456356443464756,0.003104275790974498,0.3104275790974498
8,531,66,1.5873937606811523,0.006867909338325262,0.0043265316635370255,0.43265316635370255
8,532,66,2.4755475521087646,0.0035088614095002413,0.0014174082316458225,0.14174082316458225
8,533,66,1.9512375593185425,0.0043951356783509254,0.002252486301586032,0.2252486301586032
8,534,66,2.308825969696045,0.008564312942326069,0.0037093800492584705,0.37093800492584705
8,535,66,2.3081576824188232,0.003119915258139372,0.0013516907347366214,0.13516907347366214
8,536,67,1.6042240858078003,0.004338521510362625,0.002704436192288995,0.2704436192288995
8,537,67,1.7526453733444214,0.004932097624987364,0.002814087551087141,0.2814087551087141
8,538,67,1.9677578210830688,0.00907993409782648,0.004614355508238077,0.4614355508238077
8,539,67,1.7708017826080322,0.013022189028561115,0.007353837601840496,0.7353837601840496
8,540,67,1.4303398132324219,0.005428474862128496,0.0037952344864606857,0.3795234486460686
8,541,67,3.37530517578125,0.017299089580774307,0.005125192925333977,0.5125192925333977
8,542,67,1.7940353155136108,0.005429735407233238,0.0030265487730503082,0.3026548773050308
8,543,67,1.9727070331573486,0.006733393762260675,0.0034132760483771563,0.3413276048377156
8,544,68,1.417142391204834,0.004425781313329935,0.0031230321619659662,0.3123032161965966
8,545,68,2.3072688579559326,0.001541883684694767,0.0006682722014375031,0.06682722014375031
8,546,68,1.4976893663406372,0.0011781665962189436,0.0007866561645641923,0.07866561645641923
8,547,68,1.9608654975891113,0.0029314765706658363,0.0014949911274015903,0.14949911274015903
8,548,68,1.5594342947006226,0.002758588409051299,0.0017689673695713282,0.17689673695713282
8,549,68,1.7256438732147217,0.0016649194294586778,0.0009648105478845537,0.09648105478845537
8,550,68,3.730842351913452,0.0051025571301579475,0.0013676689704880118,0.13676689704880118
8,551,68,2.6783177852630615,0.006817139219492674,0.0025453062262386084,0.25453062262386084
8,552,69,2.087556838989258,0.005799010396003723,0.002777893329039216,0.2777893329039216
8,553,69,2.358055353164673,0.004407851025462151,0.0018692737212404609,0.1869273721240461
8,554,69,1.59811270236969,0.00614949082955718,0.003847970627248287,0.3847970627248287
8,555,69,1.689480185508728,0.0026093581691384315,0.0015444739256054163,0.15444739256054163
8,556,69,4.58933162689209,0.013846169225871563,0.003017033915966749,0.3017033915966749
8,557,69,1.475193738937378,0.0025818548165261745,0.0017501801485195756,0.17501801485195756
8,558,69,2.4341628551483154,0.015464600175619125,0.006353149190545082,0.6353149190545082
8,559,69,2.007005214691162,0.009461217559874058,0.004714097362011671,0.4714097362011671
8,560,70,1.721041202545166,0.005926176439970732,0.0034433670807629824,0.34433670807629824
8,561,70,2.0135624408721924,0.006985323969274759,0.0034691370092332363,0.34691370092332363
8,562,70,2.043203592300415,0.004941480699926615,0.00241849641315639,0.24184964131563902
8,563,70,1.694828987121582,0.0027515108231455088,0.0016234740614891052,0.16234740614891052
8,564,70,1.8090170621871948,0.006759371608495712,0.0037364885210990906,0.37364885210990906
8,565,70,1.820256233215332,0.005395759828388691,0.0029642859008163214,0.29642859008163214
8,566,70,1.701857089996338,0.005678560119122267,0.0033366845455020666,0.33366845455020666
8,567,70,1.778841257095337,0.006264644209295511,0.0035217555705457926,0.35217555705457926
8,568,71,1.75397789478302,0.0016750665381550789,0.0009550100658088923,0.09550100658088923
8,569,71,1.336578130722046,0.004513604566454887,0.003376985201612115,0.3376985201612115
8,570,71,1.4847674369812012,0.003901522373780608,0.002627699403092265,0.2627699403092265
8,571,71,2.490325450897217,0.0060446858406066895,0.002427267376333475,0.2427267376333475
8,572,71,2.1954023838043213,0.0027706038672477007,0.0012620027409866452,0.12620027409866452
8,573,71,2.9245777130126953,0.00274753849953413,0.0009394650114700198,0.09394650114700198
8,574,71,1.4263681173324585,0.0028513818979263306,0.001999050611630082,0.1999050611630082
8,575,71,2.609471082687378,0.002791651990264654,0.0010698152473196387,0.10698152473196387
8,576,72,1.4792855978012085,0.004411980975419283,0.002982507925480604,0.2982507925480604
8,577,72,1.353906512260437,0.004401537124067545,0.003250990528613329,0.3250990528613329
8,578,72,2.3045308589935303,0.0038066054694354534,0.0016517919721081853,0.16517919721081853
8,579,72,2.5893542766571045,0.00414133258163929,0.0015993688721209764,0.15993688721209764
8,580,72,1.8002278804779053,0.003220803802832961,0.0017891089664772153,0.17891089664772153
8,581,72,2.045865535736084,0.0025904159992933273,0.0012661712244153023,0.12661712244153023
8,582,72,1.5761561393737793,0.011270658113062382,0.007150724530220032,0.7150724530220032
8,583,72,1.9780710935592651,0.004797101952135563,0.0024251413997262716,0.24251413997262716
8,584,73,1.5116679668426514,0.004430160857737064,0.0029306442011147738,0.2930644201114774
8,585,73,2.0003340244293213,0.006499459967017174,0.0032491872552782297,0.32491872552782297
8,586,73,2.1752254962921143,0.0072790770791471004,0.00334635516628623,0.334635516628623
8,587,73,2.242292642593384,0.009528697468340397,0.004249533172696829,0.4249533172696829
8,588,73,1.6591776609420776,0.005415079649537802,0.0032637128606438637,0.32637128606438637
8,589,73,1.3680047988891602,0.002725559053942561,0.0019923606887459755,0.19923606887459755
8,590,73,1.9736037254333496,0.005890042521059513,0.0029844099190086126,0.29844099190086126
8,591,73,2.0326738357543945,0.006176909431815147,0.0030388098675757647,0.30388098675757647
8,592,74,2.0343358516693115,0.0056810518726706505,0.002792583080008626,0.2792583080008626
8,593,74,1.9638712406158447,0.0024470665957778692,0.0012460423167794943,0.12460423167794943
8,594,74,1.6216540336608887,0.004431587643921375,0.0027327577117830515,0.27327577117830515
8,595,74,1.4953725337982178,0.001473788172006607,0.0009855659445747733,0.09855659445747733
8,596,74,1.7081438302993774,0.005297437775880098,0.0031012832187116146,0.31012832187116146
8,597,74,1.7136154174804688,0.0036179041489958763,0.0021112696267664433,0.21112696267664433
8,598,74,1.6884493827819824,0.00644743861630559,0.0038185559678822756,0.38185559678822756
8,599,74,2.249329090118408,0.005534717813134193,0.002460608258843422,0.2460608258843422
8,600,75,2.2682723999023438,0.011156471446156502,0.004918488208204508,0.4918488208204508
8,601,75,1.745796799659729,0.005825008265674114,0.003336590016260743,0.3336590016260743
8,602,75,2.2827277183532715,0.012242982164025307,0.005363312549889088,0.5363312549889088
8,603,75,1.2854082584381104,0.008000888861715794,0.006224395241588354,0.6224395241588354
8,604,75,3.632711410522461,0.00961306318640709,0.002646250184625387,0.2646250184625387
8,605,75,1.7666500806808472,0.007088145706802607,0.004012195393443108,0.40121953934431076
8,606,75,2.507598400115967,0.004575139842927456,0.0018245106330141425,0.18245106330141425
8,607,75,1.192044734954834,0.004119316581636667,0.0034556728787720203,0.34556728787720203
8,608,76,4.282418727874756,0.01189387496560812,0.0027773731853812933,0.27773731853812933
8,609,76,1.2535831928253174,0.00711744325235486,0.0056776790879666805,0.567767908796668
8,610,76,1.7711613178253174,0.005877049174159765,0.0033181896433234215,0.33181896433234215
8,611,76,1.9607300758361816,0.0015720367664471269,0.0008017609361559153,0.08017609361559153
8,612,76,1.7400286197662354,0.010763101279735565,0.006185588426887989,0.6185588426887989
8,613,76,2.0785140991210938,0.007777548860758543,0.0037418792489916086,0.37418792489916086
8,614,76,2.6198863983154297,0.011560595594346523,0.0044126324355602264,0.44126324355602264
8,615,76,1.588532567024231,0.011207731440663338,0.0070553990080952644,0.7055399008095264
8,616,77,1.683989405632019,0.005053138826042414,0.003000695025548339,0.3000695025548339
8,617,77,2.221909761428833,0.004205592442303896,0.001892782747745514,0.1892782747745514
8,618,77,2.136859178543091,0.005507446359843016,0.002577355829998851,0.2577355829998851
8,619,77,1.8122045993804932,0.004717271775007248,0.0026030568405985832,0.2603056840598583
8,620,77,2.115993022918701,0.002609341172501445,0.001233152113854885,0.12331521138548851
8,621,77,1.7132258415222168,0.00715030450373888,0.0041735912673175335,0.41735912673175335
8,622,77,1.5181334018707275,0.0025218406226485968,0.001661145593971014,0.1661145593971014
8,623,77,1.7279021739959717,0.00486968457698822,0.002818264067173004,0.2818264067173004
8,624,78,1.3839279413223267,0.001765263732522726,0.0012755460338667035,0.12755460338667035
8,625,78,1.8942592144012451,0.003394912462681532,0.0017922110855579376,0.17922110855579376
8,626,78,1.4273300170898438,0.0012852423824369907,0.0009004521416500211,0.09004521416500211
8,627,78,1.952184796333313,0.002206802600994706,0.001130427117459476,0.1130427117459476
8,628,78,1.662744164466858,0.002587077207863331,0.001555908122099936,0.1555908122099936
8,629,78,1.5053645372390747,0.0006848559132777154,0.0004549435689114034,0.04549435689114034
8,630,78,1.2915865182876587,0.001872535329312086,0.0014497947413474321,0.1449794741347432
8,631,78,1.7360750436782837,0.0023283567279577255,0.0013411613181233406,0.13411613181233406
8,632,79,1.7782106399536133,0.0034249841701239347,0.0019260846311226487,0.19260846311226487
8,633,79,1.245773434638977,0.004822158720344305,0.003870815271511674,0.3870815271511674
8,634,79,1.7247225046157837,0.0048688785172998905,0.002822992391884327,0.2822992391884327
8,635,79,1.4376599788665771,0.003428942523896694,0.002385085914283991,0.23850859142839909
8,636,79,1.9057142734527588,0.00553465448319912,0.0029042414389550686,0.29042414389550686
8,637,79,1.5267918109893799,0.007022038102149963,0.004599211271852255,0.4599211271852255
8,638,79,1.4402613639831543,0.005254953168332577,0.0036486107856035233,0.3648610785603523
8,639,79,1.8278628587722778,0.0036738081835210323,0.0020098926033824682,0.20098926033824682
8,640,80,1.5917370319366455,0.004965095780789852,0.0031192940659821033,0.31192940659821033
8,641,80,1.5756222009658813,0.0038248097989708185,0.002427491592243314,0.24274915922433138
8,642,80,1.9693526029586792,0.00401414604857564,0.00203830748796463,0.203830748796463
8,643,80,2.554915428161621,0.00898964423686266,0.003518568119034171,0.3518568119034171
8,644,80,1.864578366279602,0.0068973880261182785,0.0036991676315665245,0.36991676315665245
8,645,80,1.262515664100647,0.0015442395815625787,0.00122314493637532,0.122314493637532
8,646,80,2.629624366760254,0.010775807313621044,0.004097850527614355,0.4097850527614355
8,647,80,2.4050469398498535,0.005578869022428989,0.00231965072453022,0.231965072453022
8,648,81,2.3915066719055176,0.0022162687964737415,0.0009267249261029065,0.09267249261029065
8,649,81,1.3936982154846191,0.002314126119017601,0.0016604212578386068,0.16604212578386068
8,650,81,1.2903081178665161,0.003876739414408803,0.0030045066960155964,0.30045066960155964
8,651,81,1.6697204113006592,0.006928961258381605,0.00414977315813303,0.414977315813303
8,652,81,2.0610132217407227,0.004849147982895374,0.0023527981247752905,0.23527981247752905
8,653,81,1.4000099897384644,0.006441297009587288,0.004600893706083298,0.4600893706083298
8,654,81,2.2221803665161133,0.0041349539533257484,0.001860764343291521,0.1860764343291521
8,655,81,1.8130364418029785,0.002212009858340025,0.0012200581841170788,0.12200581841170788
8,656,82,1.9843037128448486,0.004974720999598503,0.0025070360861718655,0.25070360861718655
8,657,82,1.6586155891418457,0.004149950575083494,0.0025020570028573275,0.25020570028573275
8,658,82,1.6720781326293945,0.00444953516125679,0.0026610807981342077,0.2661080798134208
8,659,82,1.7627372741699219,0.0030374221969395876,0.0017231281381100416,0.17231281381100416
8,660,82,1.4393699169158936,0.0024371312465518713,0.0016931931022554636,0.16931931022554636
8,661,82,1.520401954650879,0.0006067593931220472,0.0003990782715845853,0.03990782715845853
8,662,82,1.7865610122680664,0.0035788211971521378,0.0020031901076436043,0.20031901076436043
8,663,82,1.607364296913147,0.006919491104781628,0.004304868169128895,0.4304868169128895
8,664,83,2.088883876800537,0.005635818466544151,0.002698004711419344,0.2698004711419344
8,665,83,2.1113805770874023,0.006194801069796085,0.0029340048786252737,0.29340048786252737
8,666,83,2.591722011566162,0.01063889916986227,0.004104953724890947,0.41049537248909473
8,667,83,2.1823067665100098,0.009743697941303253,0.004464861936867237,0.4464861936867237
8,668,83,1.8446651697158813,0.004515877924859524,0.002448074519634247,0.24480745196342468
8,669,83,1.7380154132843018,0.008758550509810448,0.00503939762711525,0.503939762711525
8,670,83,2.088489055633545,0.004543697461485863,0.0021755907218903303,0.21755907218903303
8,671,83,2.406576156616211,0.011802423745393753,0.004904238507151604,0.49042385071516037
8,672,84,1.8087397813796997,0.007139463908970356,0.003947203513234854,0.3947203513234854
8,673,84,1.4092930555343628,0.0023051840253174305,0.0016357024433091283,0.16357024433091283
8,674,84,1.950390338897705,0.009875524789094925,0.005063358228653669,0.5063358228653669
8,675,84,1.726527214050293,0.002647212240844965,0.0015332583570852876,0.15332583570852876
8,676,84,1.55973219871521,0.0033353145699948072,0.0021383892744779587,0.21383892744779587
8,677,84,1.5990724563598633,0.009761305525898933,0.0061043547466397285,0.6104354746639729
8,678,84,1.0665514469146729,0.002661513863131404,0.0024954387918114662,0.24954387918114662
8,679,84,1.7181141376495361,0.0040862648747861385,0.002378343138843775,0.23783431388437748
8,680,85,1.7188031673431396,0.0032046609558165073,0.0018644722877070308,0.18644722877070308
8,681,85,2.1502127647399902,0.004682622849941254,0.0021777485962957144,0.21777485962957144
8,682,85,1.6976277828216553,0.004770164377987385,0.002809900091961026,0.2809900091961026
8,683,85,1.6820696592330933,0.0013277661055326462,0.000789364508818835,0.0789364508818835
8,684,85,1.757027268409729,0.003829505294561386,0.002179536735638976,0.2179536735638976
8,685,85,1.8583225011825562,0.0030549922958016396,0.0016439516330137849,0.1643951633013785
8,686,85,1.5093845129013062,0.003565352875739336,0.002362123690545559,0.2362123690545559
8,687,85,1.9760606288909912,0.007356475107371807,0.0037227983120828867,0.37227983120828867
8,688,86,1.4696718454360962,0.004085857421159744,0.0027801154647022486,0.27801154647022486
8,689,86,2.0347132682800293,0.011693395674228668,0.005746949929744005,0.5746949929744005
8,690,86,1.7711633443832397,0.0029373106081038713,0.0016584075056016445,0.16584075056016445
8,691,86,1.8187520503997803,0.003613837528973818,0.0019869874231517315,0.19869874231517315
8,692,86,2.053762674331665,0.012671198695898056,0.006169748492538929,0.6169748492538929
8,693,86,1.5052456855773926,0.003297390416264534,0.002190599450841546,0.2190599450841546
8,694,86,1.7627440690994263,0.006580163724720478,0.0037329092156141996,0.37329092156141996
8,695,86,1.9560080766677856,0.0033511980436742306,0.0017132844077423215,0.17132844077423215
8,696,87,1.6817501783370972,0.0017247607465833426,0.0010255748638883233,0.10255748638883233
8,697,87,1.9673675298690796,0.008261672221124172,0.004199353978037834,0.4199353978037834
8,698,87,3.0953726768493652,0.010469705797731876,0.0033823733683675528,0.3382373368367553
8,699,87,1.2476751804351807,0.0033447768073529005,0.002680807374417782,0.2680807374417782
8,700,87,1.7926673889160156,0.0010003921343013644,0.0005580466822721064,0.05580466822721064
8,701,87,1.9356220960617065,0.006367029622197151,0.003289397107437253,0.3289397107437253
8,702,87,1.7162989377975464,0.0036267393734306097,0.0021131164394319057,0.21131164394319057
8,703,87,1.4950470924377441,0.0023379428312182426,0.0015637921169400215,0.15637921169400215
8,704,88,1.531626582145691,0.010594180785119534,0.006916947662830353,0.6916947662830353
8,705,88,1.5527523756027222,0.002148769795894623,0.001383845810778439,0.1383845810778439
8,706,88,1.8066250085830688,0.0020003013778477907,0.0011072034249082208,0.11072034249082208
8,707,88,1.9833792448043823,0.004312322940677404,0.002174230059608817,0.2174230059608817
8,708,88,1.2256247997283936,0.001721286098472774,0.0014044152339920402,0.14044152339920402
8,709,88,1.9268789291381836,0.006560808513313532,0.003404888790100813,0.3404888790100813
8,710,88,1.62239670753479,0.0011622157180681825,0.0007163573172874749,0.07163573172874749
8,711,88,2.1191790103912354,0.0073997993022203445,0.003491823561489582,0.3491823561489582
8,712,89,2.2113089561462402,0.004823829047381878,0.0021814359351992607,0.21814359351992607
8,713,89,1.366640567779541,0.0014406985137611628,0.0010541897499933839,0.10541897499933839
8,714,89,1.5633728504180908,0.006211323197931051,0.003973027225583792,0.3973027225583792
8,715,89,1.3907564878463745,0.002876558341085911,0.00206834077835083,0.206834077835083
8,716,89,1.861756443977356,0.0023751116823405027,0.0012757370714098215,0.12757370714098215
8,717,89,1.5097062587738037,0.00660317437723279,0.004373813979327679,0.43738139793276787
8,718,89,2.1473770141601562,0.004330487921833992,0.0020166407339274883,0.20166407339274883
8,719,89,1.9059937000274658,0.003383343806490302,0.001775107579305768,0.1775107579305768
8,720,90,2.0479679107666016,0.007516462355852127,0.0036702051293104887,0.36702051293104887
8,721,90,1.6063369512557983,0.004208847414702177,0.002620152197778225,0.2620152197778225
8,722,90,1.5780119895935059,0.002704508136957884,0.0017138704424723983,0.17138704424723983
8,723,90,1.9010505676269531,0.003779324237257242,0.001988018862903118,0.1988018862903118
8,724,90,1.4813556671142578,0.003295844653621316,0.002224883995950222,0.2224883995950222
8,725,90,2.0281665325164795,0.010841889306902885,0.005345660261809826,0.5345660261809826
8,726,90,2.814645290374756,0.013575290329754353,0.004823090974241495,0.4823090974241495
8,727,90,1.7711800336837769,0.0026936791837215424,0.0015208387048915029,0.15208387048915029
8,728,91,1.8945693969726562,0.0030791866593062878,0.0016252698842436075,0.16252698842436075
8,729,91,2.2252585887908936,0.0030635709408670664,0.0013767258496955037,0.13767258496955037
8,730,91,1.6196461915969849,0.004876052960753441,0.0030105668120086193,0.30105668120086193
8,731,91,1.3697744607925415,0.003941942472010851,0.002877803985029459,0.2877803985029459
8,732,91,2.484644889831543,0.007333696819841862,0.002951607573777437,0.2951607573777437
8,733,91,1.7979316711425781,0.0055727772414684296,0.003099548863247037,0.3099548863247037
8,734,91,1.369551420211792,0.0028640988748520613,0.0020912678446620703,0.20912678446620703
8,735,91,1.4660940170288086,0.0058433678932487965,0.0039856708608567715,0.39856708608567715
8,736,92,1.5238434076309204,0.004904270172119141,0.0032183558214455843,0.32183558214455843
8,737,92,1.5067168474197388,0.0019736802205443382,0.0013099211500957608,0.13099211500957608
8,738,92,1.6077691316604614,0.006568797864019871,0.004085659980773926,0.4085659980773926
8,739,92,1.8925859928131104,0.0059707071632146835,0.003154787700623274,0.3154787700623274
8,740,92,1.2489389181137085,0.003228731919080019,0.002585180103778839,0.2585180103778839
8,741,92,1.515822410583496,0.005922584794461727,0.003907175734639168,0.3907175734639168
8,742,92,1.4272536039352417,0.00567398639395833,0.003975457977503538,0.3975457977503538
8,743,92,1.580649733543396,0.004995069000869989,0.003160136518999934,0.3160136518999934
8,744,93,1.6182942390441895,0.005088960751891136,0.0031446448992937803,0.31446448992937803
8,745,93,1.4869091510772705,0.007514978758990765,0.005054093897342682,0.5054093897342682
8,746,93,1.969179391860962,0.004786592908203602,0.00243075517937541,0.243075517937541
8,747,93,1.9437426328659058,0.0026711265090852976,0.0013742181472480297,0.13742181472480297
8,748,93,1.4901275634765625,0.008800030685961246,0.005905555095523596,0.5905555095523596
8,749,93,1.3870033025741577,0.0036351289600133896,0.00262085092253983,0.262085092253983
8,750,93,1.8629834651947021,0.006618684623390436,0.0035527339205145836,0.35527339205145836
8,751,93,1.7908272743225098,0.0010971259325742722,0.0006126363878138363,0.061263638781383634
8,752,94,1.881537914276123,0.0030795163474977016,0.0016367017524316907,0.16367017524316907
8,753,94,1.7140017747879028,0.002496735192835331,0.001456670113839209,0.1456670113839209
8,754,94,1.7672773599624634,0.0041963993571698666,0.0023744995705783367,0.23744995705783367
8,755,94,2.0176165103912354,0.006961876526474953,0.0034505450166761875,0.34505450166761875
8,756,94,1.8998725414276123,0.004904781002551317,0.0025816368870437145,0.25816368870437145
8,757,94,1.4938215017318726,0.005735764279961586,0.0038396583404392004,0.38396583404392004
8,758,94,1.4064016342163086,0.0009620095370337367,0.0006840219139121473,0.06840219139121473
8,759,94,1.641631007194519,0.005827557761222124,0.0035498584620654583,0.35498584620654583
8,760,95,1.4271514415740967,0.0019351154332980514,0.0013559286016970873,0.13559286016970873
8,761,95,1.8251467943191528,0.003441464388743043,0.0018855822272598743,0.18855822272598743
8,762,95,1.7388089895248413,0.0032245670445263386,0.001854468835517764,0.1854468835517764
8,763,95,1.7398262023925781,0.0036132573150098324,0.0020767920650541782,0.20767920650541782
8,764,95,1.6095874309539795,0.0034028752706944942,0.0021141287870705128,0.21141287870705128
8,765,95,1.589491844177246,0.0006872384110465646,0.00043236359488219023,0.04323635948821902
8,766,95,1.7740023136138916,0.003994112368673086,0.002251469762995839,0.2251469762995839
8,767,95,1.7725938558578491,0.004525898955762386,0.002553263446316123,0.2553263446316123
8,768,96,2.2059178352355957,0.008938771672546864,0.004052178002893925,0.40521780028939247
8,769,96,1.624099612236023,0.0052911522798240185,0.003257898846641183,0.3257898846641183
8,770,96,1.7983803749084473,0.00320410612039268,0.00178166211117059,0.178166211117059
8,771,96,1.6125710010528564,0.0075162313878536224,0.0046610236167907715,0.46610236167907715
8,772,96,1.517305612564087,0.005013787653297186,0.0033044018782675266,0.33044018782675266
8,773,96,1.781004548072815,0.006844363175332546,0.003842978971078992,0.3842978971078992
8,774,96,1.7309504747390747,0.00492904894053936,0.0028475967701524496,0.28475967701524496
8,775,96,1.7555598020553589,0.006559411063790321,0.003736364422366023,0.3736364422366023
8,776,97,2.5493345260620117,0.013310280628502369,0.0052210805006325245,0.5221080500632524
8,777,97,1.4404937028884888,0.0038029055576771498,0.0026400014758110046,0.26400014758110046
8,778,97,1.7039155960083008,0.014829521998763084,0.00870320200920105,0.870320200920105
8,779,97,1.6335200071334839,0.007292025722563267,0.004463995341211557,0.44639953412115574
8,780,97,1.1686005592346191,0.006065649446099997,0.005190524272620678,0.5190524272620678
8,781,97,1.7779757976531982,0.012895280495285988,0.007252787239849567,0.7252787239849567
8,782,97,1.4317115545272827,0.0011078983079642057,0.000773827894590795,0.0773827894590795
8,783,97,1.655268907546997,0.0018627310637384653,0.001125334412790835,0.11253344127908349
8,784,98,1.423488736152649,0.004369322210550308,0.003069446189329028,0.3069446189329028
8,785,98,1.6349602937698364,0.003670822363346815,0.002245205920189619,0.2245205920189619
8,786,98,2.439720392227173,0.004094673320651054,0.0016783371102064848,0.16783371102064848
8,787,98,1.487013578414917,0.003936306107789278,0.0026471219025552273,0.26471219025552273
8,788,98,1.5668751001358032,0.004784355405718088,0.0030534376855939627,0.30534376855939627
8,789,98,1.4052386283874512,0.0030674594454467297,0.0021828743629157543,0.21828743629157543
8,790,98,2.142742872238159,0.0009721652022562921,0.0004537013010121882,0.04537013010121882
8,791,98,1.8842542171478271,0.003181086853146553,0.0016882471973076463,0.16882471973076463
8,792,99,1.5811834335327148,0.0019529907731339335,0.0012351450277492404,0.12351450277492404
8,793,99,1.6036771535873413,0.008654523640871048,0.005396674387156963,0.5396674387156963
8,794,99,2.0853939056396484,0.0033433763310313225,0.0016032349085435271,0.1603234908543527
8,795,99,2.2290825843811035,0.007341820280998945,0.003293651156127453,0.3293651156127453
8,796,99,1.962080717086792,0.006011006888002157,0.003063587937504053,0.3063587937504053
8,797,99,1.6644036769866943,0.00646398589015007,0.0038836647290736437,0.38836647290736437
8,798,99,2.6196348667144775,0.0033373823389410973,0.0012739875819534063,0.12739875819534063
8,799,99,1.633988618850708,0.005680693779140711,0.003476581070572138,0.3476581070572138
8,800,100,3.2339155673980713,0.008745445869863033,0.002704290207475424,0.2704290207475424
8,801,100,1.3955250978469849,0.0027669528499245644,0.001982732443138957,0.1982732443138957
8,802,100,1.4935731887817383,0.003219803562387824,0.002155772177502513,0.2155772177502513
8,803,100,1.9500616788864136,0.002707931213080883,0.0013886387459933758,0.13886387459933758
8,804,100,1.2788474559783936,0.0011245744535699487,0.0008793656015768647,0.08793656015768647
8,805,100,1.9422414302825928,0.007456488907337189,0.0038391153793781996,0.38391153793781996
8,806,100,2.337705135345459,0.004491545259952545,0.0019213480409234762,0.19213480409234762
8,807,100,1.7664873600006104,0.004110934678465128,0.002327180467545986,0.23271804675459862
8,808,101,1.4167308807373047,0.0066253626719117165,0.004676514770835638,0.4676514770835638
8,809,101,2.211845874786377,0.00488229701295495,0.0022073404397815466,0.22073404397815466
8,810,101,1.420213222503662,0.008114106953144073,0.005713301710784435,0.5713301710784435
8,811,101,1.2304482460021973,0.004474893677979708,0.003636799519881606,0.3636799519881606
8,812,101,1.5518227815628052,0.004829606972634792,0.0031122155487537384,0.31122155487537384
8,813,101,1.2023334503173828,0.004441688768565655,0.0036942237056791782,0.3694223705679178
8,814,101,1.9997113943099976,0.0031001681927591562,0.0015503078466281295,0.15503078466281295
8,815,101,2.2927045822143555,0.0031120360363274813,0.0013573645846918225,0.13573645846918225
8,816,102,1.7946146726608276,0.006706436164677143,0.0037369783967733383,0.37369783967733383
8,817,102,1.3371081352233887,0.005266068037599325,0.0039384011179208755,0.39384011179208755
8,818,102,2.8376142978668213,0.011272291652858257,0.003972453996539116,0.3972453996539116
8,819,102,1.9240646362304688,0.005932615604251623,0.003083376446738839,0.3083376446738839
8,820,102,1.7507003545761108,0.0024537257850170135,0.0014015680644661188,0.14015680644661188
8,821,102,1.5981380939483643,0.0020784735679626465,0.0013005593791604042,0.13005593791604042
8,822,102,1.4003194570541382,0.0075499690137803555,0.005391604732722044,0.5391604732722044
8,823,102,1.5171103477478027,0.002838099142536521,0.0018707269337028265,0.18707269337028265
8,824,103,1.1807149648666382,0.004322484135627747,0.003660904010757804,0.3660904010757804
8,825,103,1.5496704578399658,0.0038230856880545616,0.0024670313578099012,0.24670313578099012
8,826,103,2.3206844329833984,0.0034961246419698,0.0015065058832988143,0.15065058832988143
8,827,103,2.1887285709381104,0.006147247739136219,0.0028085929807275534,0.28085929807275534
8,828,103,1.5498915910720825,0.00773308239877224,0.004989434499293566,0.4989434499293566
8,829,103,1.7754106521606445,0.007936060428619385,0.004469985608011484,0.4469985608011484
8,830,103,1.6484887599945068,0.00894582737237215,0.005426683928817511,0.5426683928817511
8,831,103,1.7473419904708862,0.0027209154795855284,0.001557174022309482,0.1557174022309482
8,832,104,2.8257007598876953,0.0039021545089781284,0.0013809510273858905,0.13809510273858905
8,833,104,1.299254059791565,0.003176532918587327,0.0024448896292597055,0.24448896292597055
8,834,104,1.9158151149749756,0.0025512902066111565,0.0013316995464265347,0.13316995464265347
8,835,104,1.6503928899765015,0.0033718959894031286,0.002043086802586913,0.2043086802586913
8,836,104,1.4427000284194946,0.0033749076537787914,0.0023392995353788137,0.23392995353788137
8,837,104,1.809327244758606,0.0030097386334091425,0.0016634572530165315,0.16634572530165315
8,838,104,2.00528621673584,0.0018788999877870083,0.0009369734907522798,0.09369734907522798
8,839,104,1.9753471612930298,0.004580663982778788,0.0023189159110188484,0.23189159110188484
8,840,105,1.510655164718628,0.006905167829245329,0.004570975434035063,0.4570975434035063
8,841,105,1.3607512712478638,0.009212257340550423,0.006769978906959295,0.6769978906959295
8,842,105,1.5844123363494873,0.001529946457594633,0.0009656239417381585,0.09656239417381585
8,843,105,1.3277217149734497,0.0028066751547157764,0.002113903174176812,0.21139031741768122
8,844,105,1.5504260063171387,0.0014707099180668592,0.0009485844057053328,0.09485844057053328
8,845,105,1.9421484470367432,0.002258695662021637,0.0011629881337285042,0.11629881337285042
8,846,105,1.7785418033599854,0.0042976755648851395,0.002416403964161873,0.2416403964161873
8,847,105,1.6891534328460693,0.009903039783239365,0.00586272357031703,0.586272357031703
8,848,106,1.4431027173995972,0.003925335127860308,0.0027200663462281227,0.27200663462281227
8,849,106,2.014828681945801,0.004968656692653894,0.002466044155880809,0.24660441558808088
8,850,106,2.7203726768493652,0.0032937712967395782,0.0012107794173061848,0.12107794173061848
8,851,106,2.0867061614990234,0.006868424825370312,0.0032915151678025723,0.3291515167802572
8,852,106,1.409353256225586,0.0021931894589215517,0.0015561672626063228,0.15561672626063228
8,853,106,1.5514061450958252,0.0022126352414488792,0.0014262127224355936,0.14262127224355936
8,854,106,1.6980130672454834,0.006487610749900341,0.0038207070901989937,0.38207070901989937
8,855,106,1.4338958263397217,0.004797671921551228,0.0033458999823778868,0.3345899982377887
8,856,107,1.8952685594558716,0.0021975315175950527,0.0011594828683882952,0.11594828683882952
8,857,107,1.6852763891220093,0.0021174238063395023,0.0012564252829179168,0.12564252829179168
8,858,107,2.0287139415740967,0.008563375100493431,0.004221085458993912,0.4221085458993912
8,859,107,1.9906188249588013,0.00433529494330287,0.0021778629161417484,0.21778629161417484
8,860,107,3.267070770263672,0.0038080508820712566,0.0011655857088044286,0.11655857088044286
8,861,107,1.5267025232315063,0.0031488111708313227,0.0020624916069209576,0.20624916069209576
8,862,107,1.6496046781539917,0.0013155811466276646,0.0007975129992701113,0.07975129992701113
8,863,107,1.6162562370300293,0.0031633281614631414,0.001957194646820426,0.1957194646820426
8,864,108,1.3631483316421509,0.004553270526230335,0.0033402605913579464,0.33402605913579464
8,865,108,2.065516233444214,0.002718297764658928,0.0013160379603505135,0.13160379603505135
8,866,108,1.7692291736602783,0.004360904451459646,0.002464861376211047,0.24648613762110472
8,867,108,2.094566583633423,0.0036137516144663095,0.0017252980032935739,0.17252980032935739
8,868,108,2.0494298934936523,0.0045710038393735886,0.002230378333479166,0.2230378333479166
8,869,108,1.8709447383880615,0.01271190494298935,0.006794377695769072,0.6794377695769072
8,870,108,1.9068087339401245,0.00572232436388731,0.0030009953770786524,0.30009953770786524
8,871,108,1.93728506565094,0.010087333619594574,0.005206943489611149,0.5206943489611149
8,872,109,1.2077593803405762,0.00228864885866642,0.0018949543591588736,0.18949543591588736
8,873,109,1.6919972896575928,0.002275152364745736,0.001344654825516045,0.1344654825516045
8,874,109,1.5030182600021362,0.0033233172725886106,0.00221109576523304,0.22110957652330399
8,875,109,1.818747639656067,0.006167082581669092,0.0033908402547240257,0.3390840254724026
8,876,109,1.8126451969146729,0.005620076786726713,0.0031004836782813072,0.3100483678281307
8,877,109,1.4292445182800293,0.004107704386115074,0.0028740388806909323,0.2874038880690932
8,878,109,1.2743556499481201,0.005199882667511702,0.0040804012678563595,0.40804012678563595
8,879,109,1.5544594526290894,0.00403285026550293,0.0025943745858967304,0.25943745858967304
8,880,110,1.1895842552185059,0.0012981212930753827,0.001091239508241415,0.1091239508241415
8,881,110,1.2803176641464233,0.001738362479954958,0.0013577587669715285,0.13577587669715285
8,882,110,1.741697072982788,0.0019095249008387327,0.0010963587556034327,0.10963587556034327
8,883,110,1.7650223970413208,0.002418335760012269,0.0013701445423066616,0.13701445423066616
8,884,110,1.2735226154327393,0.0025089189875870943,0.0019700622651726007,0.19700622651726007
8,885,110,1.6960225105285645,0.0017659292789176106,0.0010412180563434958,0.10412180563434958
8,886,110,1.7324459552764893,0.0019572502933442593,0.001129761221818626,0.11297612218186259
8,887,110,1.7762490510940552,0.002163634169846773,0.0012180916965007782,0.12180916965007782
8,888,111,1.6624977588653564,0.0038584477733820677,0.0023208740167319775,0.23208740167319775
8,889,111,1.2483385801315308,0.0029613422229886055,0.0023722266778349876,0.23722266778349876
8,890,111,1.2514760494232178,0.0041032955050468445,0.0032787646632641554,0.32787646632641554
8,891,111,1.524966835975647,0.0037500341422855854,0.0024590922985225916,0.24590922985225916
8,892,111,1.820194959640503,0.00931049045175314,0.005115106236189604,0.5115106236189604
8,893,111,1.7323009967803955,0.007841983810067177,0.004526917356997728,0.45269173569977283
8,894,111,1.7989931106567383,0.0049980273470282555,0.0027782360557466745,0.27782360557466745
8,895,111,2.0542502403259277,0.004498658701777458,0.0021899272687733173,0.21899272687733173
8,896,112,2.1317806243896484,0.004313536453992128,0.002023442881181836,0.2023442881181836
8,897,112,1.476427435874939,0.0016378764994442463,0.0011093511711806059,0.11093511711806059
8,898,112,1.2926418781280518,0.0010175431380048394,0.000787181023042649,0.0787181023042649
8,899,112,1.6982312202453613,0.002070752205327153,0.0012193581787869334,0.12193581787869334
8,900,112,1.6045327186584473,0.004112666472792625,0.0025631552562117577,0.25631552562117577
8,901,112,1.4951103925704956,0.0012427970068529248,0.0008312409627251327,0.08312409627251327
8,902,112,1.4183878898620605,0.003818288678303361,0.0026919918600469828,0.2691991860046983
8,903,112,1.4772621393203735,0.004002853762358427,0.0027096434496343136,0.27096434496343136
8,904,113,2.528583526611328,0.004798644222319126,0.0018977598519995809,0.18977598519995809
8,905,113,1.3505481481552124,0.002098110970109701,0.0015535254497081041,0.1553525449708104
8,906,113,1.7473068237304688,0.002771872328594327,0.0015863684238865972,0.15863684238865972
8,907,113,1.342940092086792,0.003820534562692046,0.002844903152436018,0.2844903152436018
8,908,113,2.4865686893463135,0.003832099959254265,0.0015411196509376168,0.15411196509376168
8,909,113,1.4173773527145386,0.0026393290609121323,0.0018621216295287013,0.18621216295287013
8,910,113,1.5855567455291748,0.007168818265199661,0.004521325696259737,0.4521325696259737
8,911,113,1.4921873807907104,0.002304657129570842,0.0015444824239239097,0.15444824239239097
8,912,114,1.6944080591201782,0.004167253617197275,0.002459415700286627,0.24594157002866268
8,913,114,1.5181243419647217,0.004406946711242199,0.002902889158576727,0.2902889158576727
8,914,114,1.5186986923217773,0.003426590235903859,0.002256267238408327,0.2256267238408327
8,915,114,1.4850544929504395,0.005358722992241383,0.003608435159549117,0.3608435159549117
8,916,114,1.3916873931884766,0.0036003573331981897,0.0025870446115732193,0.25870446115732193
8,917,114,1.5227627754211426,0.005870499648153782,0.00385516369715333,0.385516369715333
8,918,114,2.5032057762145996,0.0022525282111018896,0.0008998573757708073,0.08998573757708073
8,919,114,1.354733943939209,0.007421940099447966,0.005478522274643183,0.5478522274643183
8,920,115,1.8952099084854126,0.005024520680308342,0.0026511684991419315,0.26511684991419315
8,921,115,1.3821251392364502,0.001206795102916658,0.000873144599609077,0.0873144599609077
8,922,115,1.858422875404358,0.0027162476908415556,0.0014615874970331788,0.14615874970331788
8,923,115,1.7050539255142212,0.006099550053477287,0.0035773355048149824,0.35773355048149824
8,924,115,2.6576952934265137,0.0027991770766675472,0.0010532347951084375,0.10532347951084375
8,925,115,1.7983732223510742,0.004541067406535149,0.0025250972248613834,0.25250972248613834
8,926,115,1.627949595451355,0.0030332847964018583,0.0018632546998560429,0.1863254699856043
8,927,115,1.7257425785064697,0.0027755573391914368,0.00160832644905895,0.160832644905895
8,928,116,1.9130630493164062,0.004567671567201614,0.0023876221384853125,0.23876221384853125
8,929,116,1.8572142124176025,0.0013234247453510761,0.0007125859265215695,0.07125859265215695
8,930,116,1.5603077411651611,0.004155352711677551,0.0026631623040884733,0.26631623040884733
8,931,116,1.4754960536956787,0.0018253835150972009,0.0012371321208775043,0.12371321208775043
8,932,116,1.948256015777588,0.005126275587826967,0.0026312125846743584,0.26312125846743584
8,933,116,1.6977593898773193,0.006126732099801302,0.003608716418966651,0.3608716418966651
8,934,116,1.4013279676437378,0.004956533201038837,0.0035370257683098316,0.35370257683098316
8,935,116,2.0471482276916504,0.005938960239291191,0.002901089610531926,0.2901089610531926
8,936,117,1.563920497894287,0.002177540911361575,0.0013923603110015392,0.13923603110015392
8,937,117,1.496618628501892,0.004276332911103964,0.0028573297895491123,0.28573297895491123
8,938,117,1.813334345817566,0.0030757978092879057,0.001696211053058505,0.1696211053058505
8,939,117,1.6046864986419678,0.0041299923323094845,0.0025737066753208637,0.2573706675320864
8,940,117,2.146874189376831,0.004487361293286085,0.002090183552354574,0.20901835523545742
8,941,117,1.7784918546676636,0.0010002829367294908,0.0005624332115985453,0.05624332115985453
8,942,117,1.5446653366088867,0.005598043091595173,0.0036241139750927687,0.36241139750927687
8,943,117,1.6065919399261475,0.006278694607317448,0.003908082842826843,0.3908082842826843
8,944,118,2.7752068042755127,0.011148317717015743,0.00401711231097579,0.401711231097579
8,945,118,1.8785178661346436,0.008483273908495903,0.004515939857810736,0.45159398578107357
8,946,118,1.9447399377822876,0.008751126937568188,0.0044998954981565475,0.44998954981565475
8,947,118,1.581977367401123,0.003588940016925335,0.002268641721457243,0.2268641721457243
8,948,118,1.6517058610916138,0.005400379654020071,0.0032695771660655737,0.32695771660655737
8,949,118,1.3352816104888916,0.005901660770177841,0.00441978732123971,0.441978732123971
8,950,118,2.2206671237945557,0.004873454105108976,0.0021945901680737734,0.21945901680737734
8,951,118,2.3641388416290283,0.008509483188390732,0.0035994008649140596,0.35994008649140596
8,952,119,2.340837001800537,0.0028101566713303328,0.0012004922609776258,0.12004922609776258
8,953,119,1.720121145248413,0.004153768997639418,0.0024148118682205677,0.24148118682205677
8,954,119,2.171722650527954,0.0016771594528108835,0.0007722714799456298,0.07722714799456298
8,955,119,1.778183937072754,0.004693138878792524,0.002639287617057562,0.2639287617057562
8,956,119,1.2961968183517456,0.0005852369940839708,0.00045150317600928247,0.04515031760092825
8,957,119,1.423699140548706,0.004613916389644146,0.0032407946418970823,0.32407946418970823
8,958,119,1.6159244775772095,0.0044371080584824085,0.002745863515883684,0.2745863515883684
8,959,119,1.7268333435058594,0.007132511120289564,0.0041303993202745914,0.41303993202745914
8,960,120,1.2854923009872437,0.003298095427453518,0.002565628383308649,0.2565628383308649
8,961,120,1.3086788654327393,0.004874414764344692,0.003724683541804552,0.3724683541804552
8,962,120,1.3455140590667725,0.0023468430154025555,0.0017441980307921767,0.17441980307921767
8,963,120,1.6074681282043457,0.0032818899489939213,0.0020416516344994307,0.20416516344994307
8,964,120,1.6296961307525635,0.004912121687084436,0.003014133544638753,0.3014133544638753
8,965,120,2.574509382247925,0.00505001749843359,0.001961545553058386,0.19615455530583858
8,966,120,1.9834017753601074,0.002602094318717718,0.001311935018748045,0.1311935018748045
8,967,120,1.6763287782669067,0.006449881941080093,0.0038476234767585993,0.38476234767585993
8,968,121,1.2531946897506714,0.0024482912849634886,0.0019536400213837624,0.19536400213837624
8,969,121,1.9259278774261475,0.0023899078369140625,0.0012409124756231904,0.12409124756231904
8,970,121,1.715511441230774,0.013573314063251019,0.007912109605967999,0.7912109605967999
8,971,121,1.641035795211792,0.010225864127278328,0.006231347564607859,0.6231347564607859
8,972,121,2.4849002361297607,0.009294523857533932,0.003740401240065694,0.3740401240065694
8,973,121,2.064592123031616,0.011045602150261402,0.00535001652315259,0.535001652315259
8,974,121,1.3649684190750122,0.002096918411552906,0.0015362395206466317,0.15362395206466317
8,975,121,1.8455182313919067,0.003799096215516329,0.0020585525780916214,0.20585525780916214
8,976,122,1.4255833625793457,0.004593381658196449,0.003222106723114848,0.3222106723114848
8,977,122,1.4183666706085205,0.001827486208640039,0.001288444153033197,0.1288444153033197
8,978,122,1.7720613479614258,0.003677952568978071,0.00207552220672369,0.207552220672369
8,979,122,1.2189801931381226,0.0019481843337416649,0.0015982083277776837,0.15982083277776837
8,980,122,1.9545003175735474,0.0034059169702231884,0.0017426024423912168,0.17426024423912168
8,981,122,1.2921106815338135,0.0007321618031710386,0.0005666401702910662,0.05666401702910662
8,982,122,1.9427140951156616,0.004723685327917337,0.002431487664580345,0.24314876645803452
8,983,122,1.6588842868804932,0.004949729889631271,0.0029837703332304955,0.29837703332304955
8,984,123,1.7625449895858765,0.0028556010220199823,0.0016201578546315432,0.16201578546315432
8,985,123,1.5773625373840332,0.00140136550180614,0.0008884232374839485,0.08884232374839485
8,986,123,1.9723083972930908,0.008901841938495636,0.004513412714004517,0.45134127140045166
8,987,123,1.3479065895080566,0.0012855688109993935,0.0009537521400488913,0.09537521400488913
8,988,123,1.1539278030395508,0.004073657561093569,0.0035302534233778715,0.35302534233778715
8,989,123,2.066749334335327,0.008563552983105183,0.004143489059060812,0.4143489059060812
8,990,123,1.5468488931655884,0.003289494663476944,0.0021265780087560415,0.21265780087560415
8,991,123,1.966040849685669,0.0024975405540317297,0.0012703400570899248,0.12703400570899248
8,992,124,1.7913366556167603,0.004582406021654606,0.0025580930523574352,0.2558093052357435
8,993,124,1.8590983152389526,0.006096536759287119,0.003279297612607479,0.3279297612607479
8,994,124,1.2610355615615845,0.0007732418598607183,0.0006131800473667681,0.06131800473667681
8,995,124,1.665461540222168,0.005444676615297794,0.0032691697124391794,0.32691697124391794
8,996,124,1.563476324081421,0.0016766284825280309,0.0010723721934482455,0.10723721934482455
8,997,124,1.3115030527114868,0.008152500726282597,0.006216150708496571,0.6216150708496571
8,998,124,2.1803057193756104,0.0043187616392970085,0.0019808055367320776,0.19808055367320776
8,999,124,1.6477712392807007,0.006058001425117254,0.0036764820106327534,0.36764820106327534
8,1000,125,1.5738714933395386,0.004554360173642635,0.0028937305323779583,0.28937305323779583
8,1001,125,1.4740159511566162,0.0012376210652291775,0.0008396253106184304,0.08396253106184304
8,1002,125,1.3408082723617554,0.006977916229516268,0.005204260814934969,0.5204260814934969
8,1003,125,1.6656955480575562,0.00451524555683136,0.002710726810619235,0.2710726810619235
8,1004,125,1.5869749784469604,0.009220821782946587,0.005810313392430544,0.5810313392430544
8,1005,125,1.604730248451233,0.004116869997233152,0.0025654591154307127,0.25654591154307127
8,1006,125,1.822476863861084,0.00638198759406805,0.003501820843666792,0.3501820843666792
8,1007,125,1.4766572713851929,0.002698032185435295,0.0018271214794367552,0.18271214794367552
8,1008,126,1.3185968399047852,0.005826081149280071,0.004418394528329372,0.44183945283293724
8,1009,126,3.8310699462890625,0.012472940608859062,0.003255732823163271,0.3255732823163271
8,1010,126,1.4882622957229614,0.004380922764539719,0.0029436496552079916,0.29436496552079916
8,1011,126,1.606874942779541,0.004325078800320625,0.002691608853638172,0.2691608853638172
8,1012,126,1.2377201318740845,0.0035838684998452663,0.00289554032497108,0.289554032497108
8,1013,126,1.922346830368042,0.003518001874908805,0.001830055727623403,0.1830055727623403
8,1014,126,2.1966962814331055,0.005444861948490143,0.002478659385815263,0.24786593858152628
8,1015,126,1.1345785856246948,0.0042678071185946465,0.0037615790497511625,0.37615790497511625
8,1016,127,1.6763594150543213,0.0012710404116660357,0.0007582147372886539,0.07582147372886539
8,1017,127,1.52872633934021,0.0022604300174862146,0.001478636171668768,0.1478636171668768
8,1018,127,1.4594066143035889,0.0044014547020196915,0.00301592075265944,0.301592075265944
8,1019,127,1.3572921752929688,0.004220639355480671,0.0031096027232706547,0.31096027232706547
8,1020,127,1.6029746532440186,0.0017924167914316058,0.0011181816225871444,0.11181816225871444
8,1021,127,1.6645481586456299,0.00332940137013793,0.002000183332711458,0.20001833327114582
8,1022,127,1.737078070640564,0.0030477545224130154,0.0017545294249430299,0.175452942494303
8,1023,127,1.5020880699157715,0.005146941170096397,0.003426524344831705,0.3426524344831705
8,1024,128,1.7899647951126099,0.004131771158427,0.00230829743668437,0.230829743668437
8,1025,128,1.2273601293563843,0.001498840400017798,0.0012211904395371675,0.12211904395371675
8,1026,128,1.3643691539764404,0.0046976967714726925,0.003443127265200019,0.3443127265200019
8,1027,128,1.316493272781372,0.0023333148565143347,0.001772371237166226,0.1772371237166226
8,1028,128,1.6190916299819946,0.00457048648968339,0.0028228708542883396,0.28228708542883396
8,1029,128,1.4732588529586792,0.003986719995737076,0.002706055296584964,0.2706055296584964
8,1030,128,1.4236605167388916,0.0016955521423369646,0.001190980663523078,0.1190980663523078
8,1031,128,1.8134260177612305,0.002656362485140562,0.001464830944314599,0.1464830944314599
8,1032,129,1.738539695739746,0.000649549241643399,0.00037361771683208644,0.037361771683208644
8,1033,129,1.3110718727111816,0.004773292690515518,0.0036407560110092163,0.36407560110092163
8,1034,129,1.3660953044891357,0.0056391567923128605,0.004127937834709883,0.4127937834709883
8,1035,129,1.735317349433899,0.004185330588370562,0.0024118530564010143,0.24118530564010143
8,1036,129,2.333524465560913,0.003311227075755596,0.0014189811190590262,0.14189811190590262
8,1037,129,1.4736559391021729,0.0033418061211705208,0.0022676975931972265,0.22676975931972265
8,1038,129,2.1444411277770996,0.003237870056182146,0.0015098899602890015,0.15098899602890015
8,1039,129,1.7947715520858765,0.010546441189944744,0.00587620260193944,0.587620260193944
8,1040,130,1.879638910293579,0.002573298290371895,0.0013690385967493057,0.13690385967493057
8,1041,130,2.123945713043213,0.004809539299458265,0.002264436101540923,0.2264436101540923
8,1042,130,1.0737069845199585,0.0018450714414939284,0.0017184123862534761,0.17184123862534761
8,1043,130,1.125216007232666,0.0016571341548115015,0.001472725416533649,0.1472725416533649
8,1044,130,1.1601498126983643,0.005176577717065811,0.004461990669369698,0.44619906693696976
8,1045,130,1.4160079956054688,0.0012324601411819458,0.000870376534294337,0.0870376534294337
8,1046,130,1.6888519525527954,0.005913437809795141,0.003501454135403037,0.3501454135403037
8,1047,130,1.3012133836746216,0.0038888996932655573,0.002988671651110053,0.2988671651110053
8,1048,131,2.1881237030029297,0.008538478054106236,0.003902191761881113,0.3902191761881113
8,1049,131,1.2673678398132324,0.0016442635096609592,0.0012973846169188619,0.1297384616918862
8,1050,131,1.290683627128601,0.004531791899353266,0.003511156188324094,0.3511156188324094
8,1051,131,1.2706713676452637,0.003078250680118799,0.0024225388187915087,0.24225388187915087
8,1052,131,2.482865810394287,0.010557358153164387,0.0042520854622125626,0.42520854622125626
8,1053,131,1.63956880569458,0.00377022847533226,0.0022995243780314922,0.22995243780314922
8,1054,131,1.397507667541504,0.0021513935644179583,0.0015394502552226186,0.15394502552226186
8,1055,131,1.586120367050171,0.005859061609953642,0.0036939578130841255,0.36939578130841255
8,1056,132,1.409290075302124,0.004533389583230019,0.0032167895697057247,0.32167895697057247
8,1057,132,1.7022781372070312,0.0015006219036877155,0.000881537445820868,0.0881537445820868
8,1058,132,1.8633570671081543,0.0021772461477667093,0.0011684534838423133,0.11684534838423133
8,1059,132,1.2864327430725098,0.0014033496845513582,0.0010908845579251647,0.10908845579251647
8,1060,132,1.2862310409545898,0.0025030490942299366,0.001946033793501556,0.1946033793501556
8,1061,132,2.290005922317505,0.002969685010612011,0.0012968023074790835,0.12968023074790835
8,1062,132,1.4320943355560303,0.0025527947582304478,0.0017825604882091284,0.17825604882091284
8,1063,132,1.6290959119796753,0.0034318610560148954,0.0021066046319901943,0.21066046319901943
8,1064,133,1.3047634363174438,0.002489681588485837,0.0019081479404121637,0.19081479404121637
8,1065,133,1.7021363973617554,0.0037957588210701942,0.002229996956884861,0.2229996956884861
8,1066,133,2.1515920162200928,0.0040790312923491,0.0018958200234919786,0.18958200234919786
8,1067,133,1.4916541576385498,0.001887433580122888,0.001265329192392528,0.1265329192392528
8,1068,133,2.1069717407226562,0.003986668772995472,0.0018921321025118232,0.18921321025118232
8,1069,133,1.2347041368484497,0.0017662474419921637,0.0014305026270449162,0.14305026270449162
8,1070,133,1.356412649154663,0.002332869451493025,0.0017198817804455757,0.17198817804455757
8,1071,133,2.0456862449645996,0.0018478031270205975,0.0009032681118696928,0.09032681118696928
8,1072,134,2.0377538204193115,0.006633582524955273,0.003255340503528714,0.3255340503528714
8,1073,134,1.7930002212524414,0.007156861014664173,0.003991556353867054,0.3991556353867054
8,1074,134,1.1949292421340942,0.004436155781149864,0.003712484147399664,0.3712484147399664
8,1075,134,1.981149435043335,0.004990755580365658,0.0025191211607307196,0.25191211607307196
8,1076,134,2.479423999786377,0.004152419976890087,0.0016747518675401807,0.16747518675401807
8,1077,134,2.0946693420410156,0.0060228006914258,0.002875298960134387,0.2875298960134387
8,1078,134,2.5038623809814453,0.0042422558180987835,0.0016942847287282348,0.16942847287282348
8,1079,134,1.627216100692749,0.007630050648003817,0.004689021036028862,0.4689021036028862
8,1080,135,1.4034051895141602,0.00409959489479661,0.00292117684148252,0.292117684148252
8,1081,135,1.7262067794799805,0.0024026180617511272,0.0013918483164161444,0.13918483164161444
8,1082,135,1.3929797410964966,0.00426538847386837,0.0030620605684816837,0.3062060568481684
8,1083,135,1.907362699508667,0.0027858123648911715,0.0014605572214350104,0.14605572214350104
8,1084,135,1.6438038349151611,0.006101462058722973,0.003711794503033161,0.3711794503033161
8,1085,135,1.3697013854980469,0.00330413319170475,0.002412301953881979,0.2412301953881979
8,1086,135,2.008496046066284,0.007251904346048832,0.0036106142215430737,0.36106142215430737
8,1087,135,1.5529123544692993,0.006922207772731781,0.004457565024495125,0.4457565024495125
8,1088,136,1.6783527135849,0.005393750965595245,0.0032137171365320683,0.3213717136532068
8,1089,136,1.6457270383834839,0.003708343720063567,0.002253316342830658,0.2253316342830658
8,1090,136,1.4758694171905518,0.008549755439162254,0.00579302990809083,0.579302990809083
8,1091,136,1.374090313911438,0.005045432131737471,0.0036718344781547785,0.36718344781547785
8,1092,136,2.151041269302368,0.008535309694707394,0.003967989701777697,0.39679897017776966
8,1093,136,1.5935187339782715,0.0033076279796659946,0.002075675642117858,0.2075675642117858
8,1094,136,2.0038888454437256,0.004402839578688145,0.0021971475798636675,0.21971475798636675
8,1095,136,1.9270045757293701,0.005084647797048092,0.002638627775013447,0.2638627775013447
8,1096,137,1.2400577068328857,0.0007247656467370689,0.0005844612023793161,0.05844612023793161
8,1097,137,2.082486152648926,0.008979687467217445,0.004312003497034311,0.43120034970343113
8,1098,137,1.3446505069732666,0.003891225438565016,0.0028938562609255314,0.28938562609255314
8,1099,137,1.4228618144989014,0.0011361325159668922,0.0007984840776771307,0.07984840776771307
8,1100,137,1.1639463901519775,0.002296886872500181,0.001973361475393176,0.1973361475393176
8,1101,137,1.8300561904907227,0.00464229891076684,0.00253669754602015,0.253669754602015
8,1102,137,1.4333341121673584,0.0019491229904815555,0.001359852496534586,0.1359852496534586
8,1103,137,1.568946123123169,0.0061087398789823055,0.0038935306947678328,0.3893530694767833
8,1104,138,1.5542933940887451,0.0042367540299892426,0.0027258393820375204,0.27258393820375204
8,1105,138,1.770899772644043,0.002515929052606225,0.001420706626959145,0.1420706626959145
8,1106,138,1.5438158512115479,0.00468320632353425,0.003033526474609971,0.3033526474609971
8,1107,138,1.4264509677886963,0.0013429957907646894,0.0009414945379830897,0.09414945379830897
8,1108,138,1.3467601537704468,0.0030854512006044388,0.0022910176776349545,0.22910176776349545
8,1109,138,1.372897744178772,0.004060159437358379,0.0029573647771030664,0.29573647771030664
8,1110,138,1.7190721035003662,0.003589015221223235,0.0020877630449831486,0.20877630449831486
8,1111,138,1.2692197561264038,0.003512927796691656,0.002767785219475627,0.2767785219475627
8,1112,139,1.6729713678359985,0.004365361761301756,0.002609346294775605,0.2609346294775605
8,1113,139,1.2196894884109497,0.0011418592184782028,0.0009361884440295398,0.09361884440295398
8,1114,139,1.4841645956039429,0.0010068279225379229,0.0006783802527934313,0.06783802527934313
8,1115,139,1.2625129222869873,0.0034804202150553465,0.0027567401994019747,0.27567401994019747
8,1116,139,2.0349576473236084,0.0017381244106218219,0.000854132988024503,0.0854132988024503
8,1117,139,2.9988932609558105,0.014023968018591404,0.004676381126046181,0.4676381126046181
8,1118,139,2.1538445949554443,0.009237555786967278,0.004288868512958288,0.4288868512958288
8,1119,139,1.1953604221343994,0.0005371313309296966,0.00044934675679542124,0.044934675679542124
8,1120,140,1.8881474733352661,0.003486864035949111,0.00184671173337847,0.184671173337847
8,1121,140,1.83722984790802,0.0009411843493580818,0.0005122844595462084,0.05122844595462084
8,1122,140,1.9761079549789429,0.008510177955031395,0.004306534770876169,0.4306534770876169
8,1123,140,1.5562081336975098,0.006060081068426371,0.0038941327948123217,0.38941327948123217
8,1124,140,1.510963797569275,0.002717845141887665,0.0017987493192777038,0.17987493192777038
8,1125,140,1.7428953647613525,0.003126299474388361,0.0017937390366569161,0.17937390366569161
8,1126,140,2.4390177726745605,0.006813607644289732,0.002793586812913418,0.2793586812913418
8,1127,140,1.7890713214874268,0.011514287441968918,0.0064359018579125404,0.643590185791254
8,1128,141,1.4603978395462036,0.005113295745104551,0.0035013032611459494,0.35013032611459494
8,1129,141,1.660004734992981,0.0015439682174474,0.000930098700337112,0.0930098700337112
8,1130,141,1.3701893091201782,0.000687984807882458,0.000502109294757247,0.0502109294757247
8,1131,141,1.9912302494049072,0.004412466194480658,0.0022159498184919357,0.22159498184919357
8,1132,141,1.3621081113815308,0.0022782557643949986,0.0016725953901186585,0.16725953901186585
8,1133,141,1.8779280185699463,0.004556669387966394,0.0024264345411211252,0.24264345411211252
8,1134,141,1.4566081762313843,0.00295667233876884,0.0020298336166888475,0.20298336166888475
8,1135,141,1.6320970058441162,0.00707426480948925,0.004334463272243738,0.4334463272243738
8,1136,142,1.4051179885864258,0.007340730633586645,0.005224280524998903,0.5224280524998903
8,1137,142,1.0768307447433472,0.0031867981888353825,0.002959423465654254,0.2959423465654254
8,1138,142,1.9249191284179688,0.0027514768298715353,0.0014293986605480313,0.14293986605480313
8,1139,142,1.737872838973999,0.0052448054775595665,0.003017945447936654,0.3017945447936654
8,1140,142,1.4949694871902466,0.0020636748522520065,0.0013804127229377627,0.13804127229377627
8,1141,142,1.2385406494140625,0.003007218474522233,0.00242803362198174,0.242803362198174
8,1142,142,1.151214361190796,0.0057182409800589085,0.004967138171195984,0.4967138171195984
8,1143,142,2.778035879135132,0.01014697551727295,0.003652571700513363,0.3652571700513363
8,1144,143,2.080742835998535,0.00615713931620121,0.0029591063503175974,0.29591063503175974
8,1145,143,1.4575811624526978,0.0015194446314126253,0.0010424425126984715,0.10424425126984715
8,1146,143,2.3701488971710205,0.01120816171169281,0.004728884901851416,0.47288849018514156
8,1147,143,1.8886919021606445,0.003740837099030614,0.001980649773031473,0.19806497730314732
8,1148,143,3.00797176361084,0.009600619785487652,0.0031917253509163857,0.31917253509163857
8,1149,143,1.4515588283538818,0.0034073975402861834,0.002347405767068267,0.2347405767068267
8,1150,143,1.3071526288986206,0.0009456333937123418,0.0007234299555420876,0.07234299555420876
8,1151,143,1.9438180923461914,0.0033258988987654448,0.0017110134940594435,0.17110134940594435
8,1152,144,1.8279920816421509,0.0025872972328215837,0.0014153765514492989,0.14153765514492989
8,1153,144,2.38742733001709,0.004089765716344118,0.0017130429623648524,0.17130429623648524
8,1154,144,1.5806254148483276,0.000942811428103596,0.0005964799784123898,0.059647997841238976
8,1155,144,1.0833666324615479,0.0013801864115521312,0.001273979083634913,0.1273979083634913
8,1156,144,1.8855867385864258,0.00972848292440176,0.005159392952919006,0.5159392952919006
8,1157,144,1.942589521408081,0.006926360540091991,0.0035655295941978693,0.35655295941978693
8,1158,144,1.537807822227478,0.002317321952432394,0.001506899599917233,0.1506899599917233
8,1159,144,1.9813753366470337,0.004754861816763878,0.0023997784592211246,0.23997784592211246
8,1160,145,1.6513046026229858,0.001553104491904378,0.0009405317832715809,0.0940531783271581
8,1161,145,1.5908734798431396,0.002414172515273094,0.0015175138833001256,0.15175138833001256
8,1162,145,1.6419597864151,0.0038391584530472755,0.0023381561040878296,0.23381561040878296
8,1163,145,1.5187156200408936,0.005797417834401131,0.0038173163775354624,0.38173163775354624
8,1164,145,1.3823151588439941,0.004261721391230822,0.0030830316245555878,0.3083031624555588
8,1165,145,2.0779497623443604,0.006036432925611734,0.002904994646087289,0.2904994646087289
8,1166,145,1.1764721870422363,0.0027179706376045942,0.002310271840542555,0.23102718405425549
8,1167,145,2.1170451641082764,0.0038169154431670904,0.0018029446946457028,0.18029446946457028
8,1168,146,1.5931074619293213,0.004475282970815897,0.0028091531712561846,0.28091531712561846
8,1169,146,2.3154401779174805,0.0029324328061193228,0.001266468781977892,0.1266468781977892
8,1170,146,1.673506259918213,0.0031860070303082466,0.001903791562654078,0.1903791562654078
8,1171,146,1.3741933107376099,0.001558738760650158,0.001134293619543314,0.1134293619543314
8,1172,146,2.9021453857421875,0.002829832024872303,0.0009750828030519187,0.09750828030519187
8,1173,146,1.4668188095092773,0.005113004241138697,0.003485777648165822,0.3485777648165822
8,1174,146,1.1663992404937744,0.0018983817426487803,0.0016275574453175068,0.16275574453175068
8,1175,146,1.308119535446167,0.0014218389987945557,0.0010869335383176804,0.10869335383176804
8,1176,147,1.2256672382354736,0.002425776096060872,0.0019791473168879747,0.19791473168879747
8,1177,147,1.63430917263031,0.0012826777528971434,0.0007848439854569733,0.07848439854569733
8,1178,147,1.6330153942108154,0.0014200207078829408,0.0008695697179064155,0.08695697179064155
8,1179,147,1.37168550491333,0.0042489441111683846,0.0030976079870015383,0.3097607987001538
8,1180,147,1.9371225833892822,0.0025448636151850224,0.0013137338683009148,0.13137338683009148
8,1181,147,1.2196441888809204,0.0033189859241247177,0.0027212738059461117,0.27212738059461117
8,1182,147,2.07673716545105,0.0042379978112876415,0.0020407000556588173,0.20407000556588173
8,1183,147,2.036921739578247,0.0029131616465747356,0.00143017852678895,0.143017852678895
8,1184,148,1.4423748254776,0.0026791668497025967,0.0018574692076072097,0.18574692076072097
8,1185,148,1.340938925743103,0.0016577164642512798,0.0012362356064841151,0.12362356064841151
8,1186,148,1.426227331161499,0.007485538721084595,0.005248489324003458,0.5248489324003458
8,1187,148,1.2208890914916992,0.0035548594314604998,0.0029116973746567965,0.29116973746567965
8,1188,148,1.8972480297088623,0.005778762977570295,0.003045865800231695,0.3045865800231695
8,1189,148,1.416465163230896,0.0011790054850280285,0.0008323575602844357,0.08323575602844357
8,1190,148,1.6409964561462402,0.004364190623164177,0.0026594758965075016,0.26594758965075016
8,1191,148,1.4645302295684814,0.00517317047342658,0.0035323069896548986,0.35323069896548986
8,1192,149,1.473414659500122,0.002212726743891835,0.001501767779700458,0.1501767779700458
8,1193,149,1.3180855512619019,0.0028075322043150663,0.002130007604137063,0.2130007604137063
8,1194,149,2.0948121547698975,0.007406263612210751,0.0035355263389647007,0.35355263389647007
8,1195,149,1.9829803705215454,0.00358576443977654,0.0018082702299579978,0.18082702299579978
8,1196,149,1.917378306388855,0.0020653707906603813,0.001077184802852571,0.1077184802852571
8,1197,149,1.4411113262176514,0.004046778194606304,0.002808095421642065,0.2808095421642065
8,1198,149,1.620133638381958,0.0036219002213329077,0.002235556486994028,0.2235556486994028
8,1199,149,2.5043418407440186,0.008993662893772125,0.0035912280436605215,0.35912280436605215
8,1200,150,1.634685754776001,0.004732336383312941,0.002894951729103923,0.2894951729103923
8,1201,150,1.422303557395935,0.004355437587946653,0.00306224194355309,0.306224194355309
8,1202,150,2.3562827110290527,0.004088202491402626,0.001735022058710456,0.1735022058710456
8,1203,150,2.2887039184570312,0.003980888053774834,0.0017393635353073478,0.17393635353073478
8,1204,150,1.6288923025131226,0.0015438776463270187,0.0009478083229623735,0.09478083229623735
8,1205,150,1.7887452840805054,0.002141101285815239,0.0011969850165769458,0.11969850165769458
8,1206,150,1.1540064811706543,0.0012946913484483957,0.0011219099396839738,0.11219099396839738
8,1207,150,1.4277592897415161,0.004807474557310343,0.0033671464771032333,0.33671464771032333
8,1208,151,2.298963785171509,0.001213551382534206,0.0005278688622638583,0.05278688622638583
8,1209,151,2.248892307281494,0.0043137711472809315,0.001918175956234336,0.1918175956234336
8,1210,151,1.3541004657745361,0.0009632094879634678,0.0007113279425539076,0.07113279425539076
8,1211,151,1.1927430629730225,0.0020507669541984797,0.0017193702515214682,0.17193702515214682
8,1212,151,1.6857112646102905,0.002967650769278407,0.0017604739405214787,0.17604739405214787
8,1213,151,1.5249110460281372,0.003320420393720269,0.0021774519700556993,0.21774519700556993
8,1214,151,1.4017431735992432,0.0012891589431092143,0.0009196826722472906,0.09196826722472906
8,1215,151,1.3418595790863037,0.002182555617764592,0.0016265156446024776,0.16265156446024776
8,1216,152,1.5878653526306152,0.0033768080174922943,0.002126633655279875,0.21266336552798748
8,1217,152,1.0534083843231201,0.000402348639909178,0.0003819493285845965,0.03819493285845965
8,1218,152,1.9257971048355103,0.00469091534614563,0.002435830421745777,0.2435830421745777
8,1219,152,1.970939040184021,0.003376346081495285,0.001713064732030034,0.1713064732030034
8,1220,152,1.3550976514816284,0.001383439521305263,0.0010209149913862348,0.10209149913862348
8,1221,152,1.7965792417526245,0.005400715861469507,0.003006110666319728,0.3006110666319728
8,1222,152,1.50396728515625,0.0058775548823177814,0.003908033948391676,0.3908033948391676
8,1223,152,1.4700038433074951,0.004527255892753601,0.0030797577928751707,0.30797577928751707
8,1224,153,1.83176589012146,0.004693012218922377,0.0025620153173804283,0.25620153173804283
8,1225,153,1.1462109088897705,0.00411189766600728,0.0035873830784112215,0.35873830784112215
8,1226,153,2.6755259037017822,0.005615209229290485,0.0020987309981137514,0.20987309981137514
8,1227,153,1.8596222400665283,0.006339572835713625,0.0034090648405253887,0.34090648405253887
8,1228,153,1.9500178098678589,0.006591661833226681,0.0033803086262196302,0.338030862621963
8,1229,153,1.3124682903289795,0.0034572116564959288,0.0026341297198086977,0.26341297198086977
8,1230,153,1.5691944360733032,0.004217422567307949,0.002687635365873575,0.2687635365873575
8,1231,153,1.8693265914916992,0.0026719511952251196,0.0014293655985966325,0.14293655985966325
8,1232,154,1.4478486776351929,0.003508480964228511,0.0024232373107224703,0.24232373107224703
8,1233,154,1.8597468137741089,0.00283473520539701,0.0015242586378008127,0.15242586378008127
8,1234,154,1.2109174728393555,0.0012876468244940042,0.0010633646743372083,0.10633646743372083
8,1235,154,1.488783359527588,0.002473036292940378,0.0016611122991889715,0.16611122991889715
8,1236,154,1.7091801166534424,0.004355546087026596,0.0025483248755335808,0.2548324875533581
8,1237,154,1.2327871322631836,0.0033165125641971827,0.002690255641937256,0.2690255641937256
8,1238,154,1.6941133737564087,0.0019416996510699391,0.0011461450485512614,0.11461450485512614
8,1239,154,1.3918794393539429,0.006205783691257238,0.0044585638679564,0.44585638679564
8,1240,155,1.7824182510375977,0.0035224081948399544,0.001976196188479662,0.1976196188479662
8,1241,155,1.8443129062652588,0.00855233334004879,0.004637137986719608,0.46371379867196083
8,1242,155,1.8814417123794556,0.011267726309597492,0.0059888786636292934,0.5988878663629293
8,1243,155,1.1400253772735596,0.0016272622160613537,0.0014273911947384477,0.14273911947384477
8,1244,155,1.9712222814559937,0.004281285218894482,0.0021718936040997505,0.21718936040997505
8,1245,155,1.24189031124115,0.003209638874977827,0.00258447858504951,0.258447858504951
8,1246,155,1.4235203266143799,0.004808913450688124,0.003378183813765645,0.3378183813765645
8,1247,155,1.3779911994934082,0.0041885217651724815,0.003039585193619132,0.3039585193619132
8,1248,156,1.3305702209472656,0.004536024760454893,0.0034090832341462374,0.34090832341462374
8,1249,156,1.414930820465088,0.001491414150223136,0.001054054475389421,0.1054054475389421
8,1250,156,1.5767953395843506,0.004106317646801472,0.002604217268526554,0.2604217268526554
8,1251,156,1.3989382982254028,0.004539706278592348,0.0032451082952320576,0.32451082952320576
8,1252,156,1.6008566617965698,0.0036484040319919586,0.002279032254591584,0.22790322545915842
8,1253,156,1.100866675376892,0.006242111790925264,0.005670179612934589,0.5670179612934589
8,1254,156,1.4892382621765137,0.0033443798311054707,0.002245698357000947,0.2245698357000947
8,1255,156,1.8226878643035889,0.0048809293657541275,0.002677874406799674,0.2677874406799674
8,1256,157,1.9159467220306396,0.006510081235319376,0.003397840540856123,0.3397840540856123
8,1257,157,1.8670499324798584,0.0032813390716910362,0.0017574994126334786,0.17574994126334786
8,1258,157,1.7956584692001343,0.006793593522161245,0.0037833438254892826,0.37833438254892826
8,1259,157,1.931609869003296,0.003963578026741743,0.0020519557874649763,0.20519557874649763
8,1260,157,1.3421649932861328,0.005190604832023382,0.003867337480187416,0.3867337480187416
8,1261,157,1.7168790102005005,0.006053996738046408,0.003526163985952735,0.3526163985952735
8,1262,157,1.1082712411880493,0.003054016502574086,0.0027556580025702715,0.27556580025702715
8,1263,157,1.3335270881652832,0.006361236330121756,0.004770234227180481,0.4770234227180481
8,1264,158,1.6741106510162354,0.0035610764753073454,0.0021271451842039824,0.21271451842039824
8,1265,158,2.168067216873169,0.004149795044213533,0.0019140527583658695,0.19140527583658695
8,1266,158,1.4499146938323975,0.00712414039298892,0.004913489334285259,0.4913489334285259
8,1267,158,1.7293590307235718,0.0060371048748493195,0.0034909495152533054,0.34909495152533054
8,1268,158,1.282588005065918,0.0023806621320545673,0.0018561393953859806,0.18561393953859806
8,1269,158,1.3640109300613403,0.0020065386779606342,0.0014710576506331563,0.14710576506331563
8,1270,158,1.2572635412216187,0.008242649957537651,0.006556023843586445,0.6556023843586445
8,1271,158,1.3825427293777466,0.0017429465660825372,0.0012606818927451968,0.12606818927451968
8,1272,159,1.3154555559158325,0.0011798085179179907,0.0008968820911832154,0.08968820911832154
8,1273,159,1.4857244491577148,0.00481581361964345,0.00324139092117548,0.324139092117548
8,1274,159,1.5298166275024414,0.0040827724151313305,0.002668798668310046,0.2668798668310046
8,1275,159,2.0375075340270996,0.003931869752705097,0.0019297448452562094,0.19297448452562094
8,1276,159,1.325648307800293,0.003993568941950798,0.0030125402845442295,0.30125402845442295
8,1277,159,1.6561692953109741,0.004631157033145428,0.0027963065076619387,0.27963065076619387
8,1278,159,1.5006928443908691,0.0067863743752241135,0.00452216062694788,0.452216062694788
8,1279,159,1.4859461784362793,0.001179106766358018,0.0007935056928545237,0.07935056928545237
8,1280,160,1.3176906108856201,0.0012860916322097182,0.0009760194225236773,0.09760194225236773
8,1281,160,1.3787741661071777,0.0024423638824373484,0.0017714024288579822,0.17714024288579822
8,1282,160,2.5822815895080566,0.0036216641310602427,0.0014025055570527911,0.1402505557052791
8,1283,160,1.1811864376068115,0.0024874010123312473,0.002105849562212825,0.21058495622128248
8,1284,160,1.1465272903442383,0.0019336325349286199,0.0016865124925971031,0.1686512492597103
8,1285,160,1.2640308141708374,0.0024692092556506395,0.0019534407183527946,0.19534407183527946
8,1286,160,1.7586320638656616,0.005033180583268404,0.002861986169591546,0.2861986169591546
8,1287,160,1.2729679346084595,0.003214003052562475,0.0025248106103390455,0.25248106103390455
8,1288,161,2.078221559524536,0.0019434902351349592,0.0009351698681712151,0.0935169868171215
8,1289,161,1.113716721534729,0.003947232849895954,0.0035441983491182327,0.3544198349118233
8,1290,161,1.4610857963562012,0.0011754396837204695,0.0008044973947107792,0.08044973947107792
8,1291,161,1.706167459487915,0.002415591385215521,0.0014157997211441398,0.14157997211441398
8,1292,161,1.540372610092163,0.0036003703717142344,0.002337337238714099,0.2337337238714099
8,1293,161,1.7061917781829834,0.0027279837522655725,0.0015988728264346719,0.1598872826434672
8,1294,161,1.254708170890808,0.0014029268641024828,0.001118130050599575,0.1118130050599575
8,1295,161,1.0806241035461426,0.002741036005318165,0.0025365306064486504,0.25365306064486504
8,1296,162,1.4362303018569946,0.002578294137492776,0.0017951815389096737,0.17951815389096737
8,1297,162,1.2766698598861694,0.0010032018180936575,0.0007857957971282303,0.07857957971282303
8,1298,162,1.4029587507247925,0.004266133066266775,0.003040811512619257,0.3040811512619257
8,1299,162,2.0138044357299805,0.003438974265009165,0.001707700197584927,0.1707700197584927
8,1300,162,1.5136971473693848,0.005458983592689037,0.003606390906497836,0.3606390906497836
8,1301,162,1.5903096199035645,0.005319523625075817,0.0033449609763920307,0.33449609763920307
8,1302,162,1.5832371711730957,0.005432863719761372,0.003431490855291486,0.3431490855291486
8,1303,162,2.110219717025757,0.004439086653292179,0.002103613456711173,0.2103613456711173
8,1304,163,1.3592044115066528,0.0017052351031452417,0.0012545832432806492,0.12545832432806492
8,1305,163,1.3363771438598633,0.0038946315180510283,0.0029143206775188446,0.29143206775188446
8,1306,163,1.2942125797271729,0.003987076226621866,0.003080696566030383,0.3080696566030383
8,1307,163,1.466068983078003,0.003941585775464773,0.002688540378585458,0.2688540378585458
8,1308,163,1.74782133102417,0.006456711329519749,0.0036941482685506344,0.36941482685506344
8,1309,163,1.24081552028656,0.002672182396054268,0.0021535693667829037,0.21535693667829037
8,1310,163,2.0791893005371094,0.0018885399913415313,0.0009083059267140925,0.09083059267140925
8,1311,163,1.9904100894927979,0.0028069650288671255,0.001410244614817202,0.1410244614817202
8,1312,164,1.5939545631408691,0.007116861641407013,0.004464908502995968,0.4464908502995968
8,1313,164,1.3431874513626099,0.004973221570253372,0.003702552057802677,0.3702552057802677
8,1314,164,1.5831072330474854,0.004225252661854029,0.002668961649760604,0.2668961649760604
8,1315,164,3.277391195297241,0.010864569805562496,0.003315005451440811,0.3315005451440811
8,1316,164,1.6165918111801147,0.008681257255375385,0.005370098631829023,0.5370098631829023
8,1317,164,1.4656968116760254,0.00548194395378232,0.003740162355825305,0.3740162355825305
8,1318,164,1.5593791007995605,0.002856750041246414,0.0018319791415706277,0.18319791415706277
8,1319,164,1.9319342374801636,0.003482020227238536,0.001802349230274558,0.1802349230274558
8,1320,165,1.3934290409088135,0.0027817920781672,0.0019963644444942474,0.19963644444942474
8,1321,165,1.561968207359314,0.0033040624111890793,0.002115319948643446,0.2115319948643446
8,1322,165,1.831956148147583,0.002833222970366478,0.0015465561300516129,0.15465561300516129
8,1323,165,1.1456985473632812,0.004524834919720888,0.00394941121339798,0.394941121339798
8,1324,165,1.6961714029312134,0.004163825418800116,0.0024548375513404608,0.24548375513404608
8,1325,165,2.027683734893799,0.004451291169971228,0.002195259090512991,0.2195259090512991
8,1326,165,2.178438901901245,0.004621047992259264,0.002121265744790435,0.21212657447904348
8,1327,165,1.7954684495925903,0.00478942459449172,0.0026675069238990545,0.26675069238990545
8,1328,166,1.302024245262146,0.001482499297708273,0.0011386111145839095,0.11386111145839095
8,1329,166,1.7134150266647339,0.0066253794357180595,0.0038667686749249697,0.38667686749249697
8,1330,166,1.5671488046646118,0.007843800820410252,0.005005141254514456,0.5005141254514456
8,1331,166,1.5645573139190674,0.003922442905604839,0.0025070623960345984,0.25070623960345984
8,1332,166,1.7576282024383545,0.002998202806338668,0.0017058231169357896,0.17058231169357896
8,1333,166,1.6312763690948486,0.002929131267592311,0.0017956070369109511,0.1795607036910951
8,1334,166,2.007019281387329,0.00159756641369313,0.000795989588368684,0.0795989588368684
8,1335,166,2.0710790157318115,0.004674308467656374,0.0022569436114281416,0.22569436114281416
8,1336,167,1.898021936416626,0.00944529753178358,0.004976389929652214,0.4976389929652214
8,1337,167,1.0450928211212158,0.0028962180949747562,0.0027712543960660696,0.27712543960660696
8,1338,167,1.8262802362442017,0.0034113447181880474,0.0018679196946322918,0.18679196946322918
8,1339,167,1.27201509475708,0.004699688870459795,0.00369468005374074,0.369468005374074
8,1340,167,1.7112873792648315,0.00865817628800869,0.005059451796114445,0.5059451796114445
8,1341,167,1.5944362878799438,0.0036216818261891603,0.0022714496590197086,0.22714496590197086
8,1342,167,1.7320636510849,0.010248124599456787,0.005916713736951351,0.5916713736951351
8,1343,167,1.5916353464126587,0.003106972435489297,0.0019520629430189729,0.1952062943018973
8,1344,168,1.6111674308776855,0.0018926055636256933,0.0011746796080842614,0.11746796080842614
8,1345,168,1.4227516651153564,0.004638525657355785,0.003260249737650156,0.3260249737650156
8,1346,168,1.550911784172058,0.004091103095561266,0.00263786967843771,0.263786967843771
8,1347,168,1.2507085800170898,0.005563704296946526,0.004448441788554192,0.44484417885541916
8,1348,168,1.0939043760299683,0.005852122325450182,0.005349756684154272,0.5349756684154272
8,1349,168,1.677703619003296,0.0071732220239937305,0.004275619518011808,0.42756195180118084
8,1350,168,1.3092374801635742,0.007938437163829803,0.006063404958695173,0.6063404958695173
8,1351,168,1.3720098733901978,0.0032055885531008244,0.0023364180233329535,0.23364180233329535
8,1352,169,1.4338792562484741,0.004110586829483509,0.002866759430617094,0.2866759430617094
8,1353,169,1.6225630044937134,0.0035816084127873182,0.0022073769941926003,0.22073769941926003
8,1354,169,1.846174716949463,0.003659633221104741,0.0019822788890451193,0.19822788890451193
8,1355,169,1.640292763710022,0.0017108526080846786,0.001043016673065722,0.1043016673065722
8,1356,169,1.7259190082550049,0.003812058363109827,0.002208712277933955,0.22087122779339552
8,1357,169,1.7300190925598145,0.002433149144053459,0.0014064291026443243,0.14064291026443243
8,1358,169,1.6077953577041626,0.0009644687524996698,0.0005998703418299556,0.05998703418299556
8,1359,169,1.6228760480880737,0.004748006816953421,0.002925674431025982,0.2925674431025982
8,1360,170,1.9608603715896606,0.001156283775344491,0.000589681847486645,0.0589681847486645
8,1361,170,1.7418339252471924,0.004873937461525202,0.002798164263367653,0.2798164263367653
8,1362,170,1.799229383468628,0.0025989676360040903,0.0014444893458858132,0.14444893458858132
8,1363,170,1.4471354484558105,0.004736723843961954,0.0032731725368648767,0.3273172536864877
8,1364,170,1.200523018836975,0.0024649554397910833,0.002053234726190567,0.2053234726190567
8,1365,170,1.8888459205627441,0.007875297218561172,0.004169370047748089,0.4169370047748089
8,1366,170,1.5190811157226562,0.003186614951118827,0.0020977254025638103,0.20977254025638103
8,1367,170,2.166546106338501,0.008277651853859425,0.003820667276158929,0.3820667276158929
8,1368,171,1.8880438804626465,0.005282427184283733,0.002797830617055297,0.2797830617055297
8,1369,171,2.2011992931365967,0.012006409466266632,0.0054544853046536446,0.5454485304653645
8,1370,171,1.2929267883300781,0.002311841119080782,0.0017880680970847607,0.17880680970847607
8,1371,171,1.4047331809997559,0.0030804492998868227,0.0021929070353507996,0.21929070353507996
8,1372,171,1.7750195264816284,0.003521840088069439,0.001984113361686468,0.1984113361686468
8,1373,171,1.9106634855270386,0.005589704494923353,0.002925530541688204,0.2925530541688204
8,1374,171,1.9221551418304443,0.0033924097660928965,0.0017648990033194423,0.17648990033194423
8,1375,171,1.6911410093307495,0.0052003441378474236,0.0030750506557524204,0.30750506557524204
8,1376,172,2.1567413806915283,0.017701681703329086,0.008207605220377445,0.8207605220377445
8,1377,172,2.859445333480835,0.020493630319833755,0.0071669952012598515,0.7166995201259851
8,1378,172,1.5815988779067993,0.006442823447287083,0.004073614254593849,0.4073614254593849
8,1379,172,1.9570794105529785,0.0059785498306155205,0.003054832573980093,0.3054832573980093
8,1380,172,2.073590040206909,0.005409626290202141,0.0026088214945048094,0.26088214945048094
8,1381,172,2.0222275257110596,0.004268938209861517,0.0021110079251229763,0.21110079251229763
8,1382,172,1.4533213376998901,0.0008321072091348469,0.0005725555820390582,0.05725555820390582
8,1383,172,1.6097612380981445,0.006867403630167246,0.004266100935637951,0.4266100935637951
8,1384,173,1.3374110460281372,0.004847811535000801,0.0036247731186449528,0.3624773118644953
8,1385,173,1.5904064178466797,0.005458739586174488,0.0034322922583669424,0.34322922583669424
8,1386,173,1.4464776515960693,0.003924914635717869,0.002713429043069482,0.2713429043069482
8,1387,173,1.8850107192993164,0.002818240085616708,0.0014950790209695697,0.14950790209695697
8,1388,173,1.7940768003463745,0.004226630087941885,0.0023558803368359804,0.23558803368359804
8,1389,173,1.1765843629837036,0.0016932896105572581,0.0014391569420695305,0.14391569420695305
8,1390,173,1.4238157272338867,0.0017944148276001215,0.0012602858478203416,0.12602858478203416
8,1391,173,1.5707417726516724,0.004395906813442707,0.002798618283122778,0.2798618283122778
8,1392,174,2.046441078186035,0.00311951688490808,0.0015243618981912732,0.15243618981912732
8,1393,174,1.534427523612976,0.0043613240122795105,0.002842313377186656,0.2842313377186656
8,1394,174,1.408578634262085,0.0022088810801506042,0.0015681631630286574,0.15681631630286574
8,1395,174,1.71065092086792,0.0015649553388357162,0.0009148303070105612,0.09148303070105612
8,1396,174,1.236274242401123,0.001454847166314721,0.0011767997639253736,0.11767997639253736
8,1397,174,0.9651100635528564,0.0018986391369253397,0.001967277377843857,0.19672773778438568
8,1398,174,1.5771657228469849,0.0018918515415862203,0.0011995261302217841,0.11995261302217841
8,1399,174,1.8267650604248047,0.0036856113001704216,0.002017561811953783,0.2017561811953783
8,1400,175,1.2634809017181396,0.0016900775954127312,0.0013376360293477774,0.13376360293477774
8,1401,175,1.4316743612289429,0.0012966027716174722,0.0009056548005901277,0.09056548005901277
8,1402,175,1.6535824537277222,0.0013807467184960842,0.0008350032730959356,0.08350032730959356
8,1403,175,1.6116836071014404,0.0029896353371441364,0.0018549765227362514,0.18549765227362514
8,1404,175,1.351324200630188,0.005009636282920837,0.0037072054110467434,0.37072054110467434
8,1405,175,1.332972764968872,0.001992188859730959,0.0014945458387956023,0.14945458387956023
8,1406,175,1.590267539024353,0.003361521288752556,0.0021138086449354887,0.21138086449354887
8,1407,175,1.4399302005767822,0.0031584990210831165,0.0021935084369033575,0.21935084369033575
8,1408,176,1.7822495698928833,0.00468044076114893,0.002626142231747508,0.2626142231747508
8,1409,176,1.547879695892334,0.006123554892838001,0.003956092055886984,0.3956092055886984
8,1410,176,1.4277280569076538,0.004905537236481905,0.0034359043929725885,0.34359043929725885
8,1411,176,1.4531350135803223,0.00303694698959589,0.0020899276714771986,0.20899276714771986
8,1412,176,1.719773292541504,0.00811657402664423,0.0047195605002343655,0.47195605002343655
8,1413,176,1.7843283414840698,0.006532990373671055,0.003661316353827715,0.3661316353827715
8,1414,176,1.3208460807800293,0.004030539654195309,0.003051483305171132,0.3051483305171132
8,1415,176,1.5519133806228638,0.002198485191911459,0.0014166288310661912,0.14166288310661912
8,1416,177,1.8568150997161865,0.009471094235777855,0.0051007200963795185,0.5100720096379519
8,1417,177,1.1811931133270264,0.006306289695203304,0.005338915158063173,0.5338915158063173
8,1418,177,1.4945907592773438,0.007560519501566887,0.005058588460087776,0.5058588460087776
8,1419,177,2.2001779079437256,0.0026423935778439045,0.0012009908678010106,0.12009908678010106
8,1420,177,2.4487626552581787,0.008956228382885456,0.0036574506666511297,0.365745066665113
8,1421,177,1.0066885948181152,0.004058425314724445,0.004031460732221603,0.40314607322216034
8,1422,177,1.3565495014190674,0.002053038217127323,0.0015134266577661037,0.15134266577661037
8,1423,177,2.1444005966186523,0.008578174747526646,0.0040002670139074326,0.40002670139074326
8,1424,178,1.705166220664978,0.0040941243059933186,0.002401011763140559,0.24010117631405592
8,1425,178,1.533453106880188,0.004252781625837088,0.002773336600512266,0.2773336600512266
8,1426,178,2.1082396507263184,0.010833028703927994,0.0051384237594902515,0.5138423759490252
8,1427,178,1.4909979104995728,0.0025215409696102142,0.0016911766724660993,0.16911766724660993
8,1428,178,1.7815310955047607,0.008845234289765358,0.004964962136000395,0.4964962136000395
8,1429,178,2.1046721935272217,0.00669627171009779,0.0031816221307963133,0.31816221307963133
8,1430,178,2.2794930934906006,0.006158741656690836,0.002701803110539913,0.2701803110539913
8,1431,178,1.5938156843185425,0.009272582828998566,0.005817851517349482,0.5817851517349482
8,1432,179,1.57781982421875,0.004020893946290016,0.0025483861099928617,0.2548386109992862
8,1433,179,2.100782632827759,0.0031066033989191055,0.0014787837862968445,0.14787837862968445
8,1434,179,1.2883285284042358,0.0019325492903590202,0.0015000439016148448,0.15000439016148448
8,1435,179,1.9222033023834229,0.0006413783994503319,0.0003336683439556509,0.03336683439556509
8,1436,179,1.1771495342254639,0.0020727484952658415,0.0017608200432732701,0.176082004327327
8,1437,179,1.2584939002990723,0.0028456863947212696,0.0022611841559410095,0.22611841559410095
8,1438,179,2.3186233043670654,0.013724436983466148,0.005919218063354492,0.5919218063354492
8,1439,179,2.1257753372192383,0.012638810090720654,0.005945506040006876,0.5945506040006876
8,1440,180,1.5129034519195557,0.001422644592821598,0.0009403406293131411,0.09403406293131411
8,1441,180,1.3456569910049438,0.003272463334724307,0.002431870438158512,0.2431870438158512
8,1442,180,1.1126747131347656,0.001762343687005341,0.001583880395628512,0.1583880395628512
8,1443,180,1.6159512996673584,0.0035986548755317926,0.0022269575856626034,0.22269575856626034
8,1444,180,1.2901731729507446,0.002776816487312317,0.0021522820461541414,0.21522820461541414
8,1445,180,1.320866346359253,0.004248302895575762,0.003216300392523408,0.3216300392523408
8,1446,180,2.2226366996765137,0.006583248730748892,0.0029619093984365463,0.29619093984365463
8,1447,180,1.336320161819458,0.0013245559530332685,0.0009911966044455767,0.09911966044455767
8,1448,181,1.7221041917800903,0.0014907792210578918,0.0008656730642542243,0.08656730642542243
8,1449,181,1.7844860553741455,0.00836221780627966,0.0046860650181770325,0.46860650181770325
8,1450,181,1.5890302658081055,0.0028775990940630436,0.0018109151860699058,0.18109151860699058
8,1451,181,1.2683181762695312,0.0008121379651129246,0.0006403267034329474,0.06403267034329474
8,1452,181,1.6035690307617188,0.0036563025787472725,0.0022801030427217484,0.22801030427217484
8,1453,181,2.7472076416015625,0.005379663314670324,0.0019582295790314674,0.19582295790314674
8,1454,181,1.9094696044921875,0.005936067551374435,0.0031087519600987434,0.31087519600987434
8,1455,181,1.2774507999420166,0.0024276466574519873,0.0019003837369382381,0.19003837369382381
8,1456,182,2.529715061187744,0.00436067022383213,0.0017237792490050197,0.17237792490050197
8,1457,182,1.7993141412734985,0.011127148754894733,0.006184105761349201,0.6184105761349201
8,1458,182,1.116959810256958,0.0010376812424510717,0.0009290229063481092,0.09290229063481092
8,1459,182,1.7122273445129395,0.007512781769037247,0.0043877242133021355,0.43877242133021355
8,1460,182,1.264057993888855,0.0024083780590444803,0.0019052749266847968,0.19052749266847968
8,1461,182,1.991410493850708,0.005861465819180012,0.0029433739837259054,0.29433739837259054
8,1462,182,2.7115695476531982,0.011292681097984314,0.004164629150182009,0.4164629150182009
8,1463,182,1.7820435762405396,0.003185868263244629,0.001787761109881103,0.1787761109881103
8,1464,183,2.1753597259521484,0.0020429606083780527,0.0009391368948854506,0.09391368948854506
8,1465,183,2.009723663330078,0.0014959669206291437,0.0007443644572049379,0.0744364457204938
8,1466,183,1.3830597400665283,0.003123400267213583,0.002258326392620802,0.2258326392620802
8,1467,183,1.8453881740570068,0.004291011020541191,0.0023252619430422783,0.23252619430422783
8,1468,183,1.7530895471572876,0.004387864377349615,0.0025029322132468224,0.25029322132468224
8,1469,183,1.6708881855010986,0.004778898321092129,0.002860094653442502,0.2860094653442502
8,1470,183,1.2703380584716797,0.0016414265846833587,0.0012921179877594113,0.12921179877594113
8,1471,183,1.4468148946762085,0.0032408933620899916,0.0022400193847715855,0.22400193847715855
8,1472,184,1.6392474174499512,0.004856745712459087,0.0029627899639308453,0.2962789963930845
8,1473,184,1.5224791765213013,0.002473568543791771,0.00162469781935215,0.162469781935215
8,1474,184,1.745363473892212,0.00498604029417038,0.002856734674423933,0.2856734674423933
8,1475,184,1.3699685335159302,0.0038802875205874443,0.0028323917649686337,0.28323917649686337
8,1476,184,1.1910598278045654,0.0009944590274244547,0.0008349362760782242,0.08349362760782242
8,1477,184,1.1819236278533936,0.005633165128529072,0.004766099154949188,0.4766099154949188
8,1478,184,1.3771202564239502,0.0007633162313140929,0.0005542843719013035,0.05542843719013035
8,1479,184,1.6796847581863403,0.001474024262279272,0.0008775600581429899,0.08775600581429899
8,1480,185,2.229613780975342,0.005174696911126375,0.002320893807336688,0.2320893807336688
8,1481,185,1.7039878368377686,0.008854388259351254,0.005196274258196354,0.5196274258196354
8,1482,185,2.4175214767456055,0.00536075746640563,0.0022174601908773184,0.22174601908773184
8,1483,185,1.5899884700775146,0.0034853906836360693,0.0021920856088399887,0.21920856088399887
8,1484,185,1.701346516609192,0.002699140692129731,0.0015864731976762414,0.15864731976762414
8,1485,185,1.4862918853759766,0.005078301299363375,0.003416759194806218,0.3416759194806218
8,1486,185,1.4203951358795166,0.0035110157914459705,0.0024718584027141333,0.24718584027141333
8,1487,185,1.6011958122253418,0.0015675402246415615,0.0009789809118956327,0.09789809118956327
8,1488,186,1.6273467540740967,0.0046572452411055565,0.0028618641663342714,0.28618641663342714
8,1489,186,1.368406057357788,0.001628370489925146,0.0011899761157110333,0.11899761157110333
8,1490,186,2.4004266262054443,0.008733139373362064,0.0036381613463163376,0.36381613463163376
8,1491,186,2.1648190021514893,0.010489373467862606,0.004845381248742342,0.4845381248742342
8,1492,186,2.0206456184387207,0.002086775843054056,0.0010327273048460484,0.10327273048460484
8,1493,186,1.6815599203109741,0.0034717663656920195,0.0020646105986088514,0.20646105986088514
8,1494,186,1.2033387422561646,0.0023962524719536304,0.0019913366995751858,0.19913366995751858
8,1495,186,1.649152398109436,0.005787632893770933,0.0035094590857625008,0.3509459085762501
8,1496,187,2.0607614517211914,0.008632143959403038,0.004188812803477049,0.4188812803477049
8,1497,187,1.8870748281478882,0.00205793185159564,0.001090540667064488,0.1090540667064488
8,1498,187,1.7327876091003418,0.002881914610043168,0.0016631666803732514,0.16631666803732514
8,1499,187,1.2971045970916748,0.006339211016893387,0.004887200891971588,0.4887200891971588
8,1500,187,1.6254647970199585,0.0008508856990374625,0.0005234722630120814,0.05234722630120814
8,1501,187,1.8544604778289795,0.006843330804258585,0.0036902003921568394,0.36902003921568394
8,1502,187,1.4823193550109863,0.002890330506488681,0.0019498702604323626,0.19498702604323626
8,1503,187,1.1763627529144287,0.001224769395776093,0.001041149371303618,0.1041149371303618
8,1504,188,1.3371012210845947,0.0027591995894908905,0.002063568215817213,0.2063568215817213
8,1505,188,2.869811534881592,0.011877089738845825,0.004138630349189043,0.4138630349189043
8,1506,188,1.5178273916244507,0.0051956321112811565,0.003423071699216962,0.3423071699216962
8,1507,188,1.9825425148010254,0.004812637809664011,0.0024275078903883696,0.24275078903883696
8,1508,188,1.2247593402862549,0.001931006321683526,0.0015766414580866694,0.15766414580866694
8,1509,188,1.0997912883758545,0.002899755258113146,0.0026366414967924356,0.26366414967924356
8,1510,188,1.3547013998031616,0.0030696778558194637,0.0022659441456198692,0.22659441456198692
8,1511,188,2.1787750720977783,0.00869193859398365,0.003989369608461857,0.3989369608461857
8,1512,189,1.856560468673706,0.009142648428678513,0.00492450874298811,0.49245087429881096
8,1513,189,1.4866944551467896,0.0024898487608879805,0.0016747548943385482,0.16747548943385482
8,1514,189,1.2200708389282227,0.0014176490949466825,0.0011619399301707745,0.11619399301707745
8,1515,189,1.8468976020812988,0.004011697601526976,0.0021721278317272663,0.21721278317272663
8,1516,189,1.359037160873413,0.00230736774392426,0.001697795931249857,0.1697795931249857
8,1517,189,0.9789702296257019,0.00343031482771039,0.0035040031652897596,0.35040031652897596
8,1518,189,1.564699411392212,0.009117077104747295,0.005826727487146854,0.5826727487146854
8,1519,189,2.8505265712738037,0.0032177846878767014,0.0011288387468084693,0.11288387468084693
8,1520,190,1.2814198732376099,0.0020243406761437654,0.0015797637170180678,0.15797637170180678
8,1521,190,1.7771869897842407,0.0030050091445446014,0.001690879580564797,0.1690879580564797
8,1522,190,1.2237272262573242,0.0005820007063448429,0.000475596752949059,0.0475596752949059
8,1523,190,1.7883024215698242,0.001026561832986772,0.0005740426131524146,0.057404261315241456
8,1524,190,1.4837586879730225,0.0035380071494728327,0.0023844896350055933,0.23844896350055933
8,1525,190,1.875247597694397,0.004671447444707155,0.00249110977165401,0.24911097716540098
8,1526,190,1.5930277109146118,0.004660571925342083,0.0029256062116473913,0.29256062116473913
8,1527,190,1.6906497478485107,0.001492185634560883,0.0008826107368804514,0.08826107368804514
8,1528,191,1.669022560119629,0.006111302878707647,0.0036616059951484203,0.36616059951484203
8,1529,191,1.845555305480957,0.005342570133507252,0.002894830657169223,0.2894830657169223
8,1530,191,1.5351217985153198,0.004387443419545889,0.002858042484149337,0.2858042484149337
8,1531,191,2.787144660949707,0.004127663094550371,0.001480964827351272,0.1480964827351272
8,1532,191,1.9748642444610596,0.004273621365427971,0.002164007630199194,0.2164007630199194
8,1533,191,1.5342990159988403,0.0004019655170850456,0.0002619864244479686,0.02619864244479686
8,1534,191,1.3927664756774902,0.0019517734181135893,0.0014013644540682435,0.14013644540682435
8,1535,191,1.248160481452942,0.004053323529660702,0.0032474377658218145,0.32474377658218145
8,1536,192,1.4095784425735474,0.0035909346770495176,0.0025475239381194115,0.25475239381194115
8,1537,192,1.643540859222412,0.0009523362969048321,0.000579441839363426,0.0579441839363426
8,1538,192,1.7975348234176636,0.0024141292087733746,0.0013430222170427442,0.13430222170427442
8,1539,192,1.335585117340088,0.001401490531861782,0.0010493457084521651,0.10493457084521651
8,1540,192,1.6400096416473389,0.0025379066355526447,0.0015474949032068253,0.15474949032068253
8,1541,192,1.067158579826355,0.001202563289552927,0.001126883435063064,0.11268834350630641
8,1542,192,2.064387559890747,0.0034023181069642305,0.0016481004422530532,0.16481004422530532
8,1543,192,1.4139344692230225,0.001288750907406211,0.0009114643908105791,0.0911464390810579
8,1544,193,1.5182698965072632,0.007256858516484499,0.004779689479619265,0.47796894796192646
8,1545,193,1.5525243282318115,0.00369505793787539,0.0023800323251634836,0.23800323251634836
8,1546,193,1.61122727394104,0.006770016625523567,0.004201776348054409,0.4201776348054409
8,1547,193,1.3618955612182617,0.0031420807354152203,0.00230713770724833,0.230713770724833
8,1548,193,1.4187967777252197,0.004300194326788187,0.003030874067917466,0.3030874067917466
8,1549,193,1.9072812795639038,0.00538191944360733,0.002821775386109948,0.2821775386109948
8,1550,193,1.2055855989456177,0.002668975153937936,0.0022138413041830063,0.22138413041830063
8,1551,193,2.0314760208129883,0.00547753507271409,0.002696332521736622,0.2696332521736622
8,1552,194,1.4194978475570679,0.003572222776710987,0.002516539767384529,0.2516539767384529
8,1553,194,1.3447151184082031,0.000767033954616636,0.0005704062641598284,0.05704062641598284
8,1554,194,1.6876800060272217,0.0035826857201755047,0.0021228466648608446,0.21228466648608446
8,1555,194,1.5320900678634644,0.001951049780473113,0.0012734562624245882,0.12734562624245882
8,1556,194,1.9328148365020752,0.002977815456688404,0.0015406626043841243,0.15406626043841243
8,1557,194,1.6449471712112427,0.0032301226165145636,0.0019636633805930614,0.19636633805930614
8,1558,194,1.2776514291763306,0.002129332162439823,0.0016665986040607095,0.16665986040607095
8,1559,194,1.5677151679992676,0.0026113963685929775,0.0016657339874655008,0.16657339874655008
8,1560,195,1.278696060180664,0.0019338956335559487,0.001512396614998579,0.1512396614998579
8,1561,195,1.448341965675354,0.003240032820031047,0.002237063366919756,0.2237063366919756
8,1562,195,1.3154606819152832,0.004760331474244595,0.003618756076321006,0.3618756076321006
8,1563,195,1.7230534553527832,0.003814319148659706,0.002213697414845228,0.22136974148452282
8,1564,195,1.3080570697784424,0.003491463605314493,0.0026691982056945562,0.2669198205694556
8,1565,195,1.5021052360534668,0.0042544519528746605,0.0028323261067271233,0.2832326106727123
8,1566,195,2.50224232673645,0.007200452499091625,0.002877600025385618,0.2877600025385618
8,1567,195,2.071193218231201,0.0073276543989777565,0.0035378902684897184,0.35378902684897184
8,1568,196,1.491901159286499,0.0021482394076883793,0.001439934130758047,0.1439934130758047
8,1569,196,1.1725281476974487,0.002731380285695195,0.0023294794373214245,0.23294794373214245
8,1570,196,1.2470283508300781,0.004779688082635403,0.0038328624796122313,0.3832862479612231
8,1571,196,1.171787977218628,0.003501853672787547,0.002988470485433936,0.2988470485433936
8,1572,196,1.3540763854980469,0.0031994502060115337,0.002362828468903899,0.23628284689038992
8,1573,196,1.5354828834533691,0.0009180851047858596,0.0005979129346087575,0.05979129346087575
8,1574,196,1.5257138013839722,0.0032074605114758015,0.002102268859744072,0.2102268859744072
8,1575,196,1.4178800582885742,0.0017554160440340638,0.0012380568077787757,0.12380568077787757
8,1576,197,1.6780459880828857,0.0021572294645011425,0.001285560429096222,0.1285560429096222
8,1577,197,1.0854432582855225,0.0014940004330128431,0.0013763966271653771,0.13763966271653771
8,1578,197,1.3410462141036987,0.001072240760549903,0.0007995553896762431,0.0799555389676243
8,1579,197,1.3808033466339111,0.0024993952829390764,0.0018101022578775883,0.18101022578775883
8,1580,197,1.1559264659881592,0.0009385608718730509,0.0008119555423036218,0.08119555423036218
8,1581,197,1.8504334688186646,0.0012689284048974514,0.0006857465486973524,0.06857465486973524
8,1582,197,1.6355512142181396,0.001497716992162168,0.0009157261229120195,0.09157261229120195
8,1583,197,1.7206321954727173,0.0014804735546931624,0.0008604241884313524,0.08604241884313524
8,1584,198,2.0670504570007324,0.00946804415434599,0.0045804609544575214,0.45804609544575214
8,1585,198,1.168088436126709,0.004240710288286209,0.0036304702516645193,0.36304702516645193
8,1586,198,1.0780730247497559,0.002480628201738,0.002300983527675271,0.2300983527675271
8,1587,198,1.2734770774841309,0.001400374574586749,0.0010996464407071471,0.10996464407071471
8,1588,198,1.1560990810394287,0.004664033185690641,0.004034284967929125,0.4034284967929125
8,1589,198,2.5904834270477295,0.008547737263143063,0.003299668664112687,0.3299668664112687
8,1590,198,1.3618950843811035,0.0026944868732243776,0.0019784835167229176,0.19784835167229176
8,1591,198,1.240308403968811,0.0012095161946490407,0.0009751737234182656,0.09751737234182656
8,1592,199,1.5606608390808105,0.0078005376271903515,0.0049982271157205105,0.49982271157205105
8,1593,199,1.6354248523712158,0.004387733526527882,0.0026829319540411234,0.26829319540411234
8,1594,199,1.6620241403579712,0.0009499233565293252,0.0005715460865758359,0.057154608657583594
8,1595,199,1.6619776487350464,0.000541357439942658,0.0003257308853790164,0.03257308853790164
8,1596,199,1.1834152936935425,0.006757908500730991,0.005710512865334749,0.5710512865334749
8,1597,199,1.1240860223770142,0.0016535118920728564,0.0014709833776578307,0.14709833776578307
8,1598,199,3.0350046157836914,0.012475669384002686,0.004110593348741531,0.41105933487415314
8,1599,199,2.4551749229431152,0.0018981285393238068,0.0007731133373454213,0.07731133373454213
8,1600,200,2.10860276222229,0.003720053005963564,0.00176422658842057,0.176422658842057
8,1601,200,1.7989232540130615,0.002948153531178832,0.0016388434451073408,0.16388434451073408
8,1602,200,1.5886049270629883,0.0016660650726407766,0.001048759906552732,0.1048759906552732
8,1603,200,1.5171210765838623,0.004818461835384369,0.0031760563142597675,0.31760563142597675
8,1604,200,2.0980184078216553,0.004508463200181723,0.002148915082216263,0.21489150822162628
8,1605,200,1.561937928199768,0.006373267620801926,0.0040803588926792145,0.40803588926792145
8,1606,200,1.9255510568618774,0.007807248737663031,0.004054552875459194,0.4054552875459194
8,1607,200,1.535940408706665,0.002082117833197117,0.0013555980985984206,0.13555980985984206
8,1608,201,1.8253568410873413,0.00451200595125556,0.0024718486238271,0.24718486238270998
8,1609,201,2.281689405441284,0.009253180585801601,0.004055407829582691,0.4055407829582691
8,1610,201,1.418333888053894,0.004983852617442608,0.003513878211379051,0.3513878211379051
8,1611,201,1.5951893329620361,0.002001367509365082,0.0012546268990263343,0.12546268990263343
8,1612,201,2.0080223083496094,0.005245117004960775,0.0026120811235159636,0.26120811235159636
8,1613,201,1.323023796081543,0.004238183610141277,0.0032034069299697876,0.32034069299697876
8,1614,201,1.7691940069198608,0.002772273262962699,0.0015669696731492877,0.15669696731492877
8,1615,201,1.3529289960861206,0.0011406447738409042,0.0008430928573943675,0.08430928573943675
8,1616,202,1.4033749103546143,0.005569722969084978,0.003968806006014347,0.3968806006014347
8,1617,202,1.1715350151062012,0.0033151833340525627,0.0028297773096710443,0.28297773096710443
8,1618,202,1.5249446630477905,0.0005297588068060577,0.0003473954275250435,0.03473954275250435
8,1619,202,1.192039966583252,0.0018966339994221926,0.001591082545928657,0.1591082545928657
8,1620,202,1.3194204568862915,0.003264038357883692,0.002473842352628708,0.2473842352628708
8,1621,202,1.297398328781128,0.002205679891631007,0.0017000791849568486,0.17000791849568486
8,1622,202,1.5853397846221924,0.005040212534368038,0.003179263323545456,0.3179263323545456
8,1623,202,1.3518346548080444,0.0033190124668180943,0.002455191221088171,0.2455191221088171
8,1624,203,1.3570667505264282,0.004396607633680105,0.0032397874165326357,0.32397874165326357
8,1625,203,1.573115348815918,0.002201908500865102,0.001399712054990232,0.1399712054990232
8,1626,203,1.6284677982330322,0.006541733164340258,0.004017109517008066,0.4017109517008066
8,1627,203,1.8414905071258545,0.002805415540933609,0.0015234482707455754,0.15234482707455754
8,1628,203,1.8456872701644897,0.0006862573209218681,0.0003718166844919324,0.03718166844919324
8,1629,203,1.6481801271438599,0.00497446907684207,0.003018158720806241,0.3018158720806241
8,1630,203,2.226336717605591,0.006094048731029034,0.0027372539043426514,0.27372539043426514
8,1631,203,1.6307971477508545,0.0036318113561719656,0.0022270160261541605,0.22270160261541605
8,1632,204,1.3326151371002197,0.0018015913665294647,0.001351921702735126,0.1351921702735126
8,1633,204,1.862052083015442,0.005674518179148436,0.003047454170882702,0.3047454170882702
8,1634,204,2.176759958267212,0.007528025656938553,0.0034583627711981535,0.34583627711981535
8,1635,204,1.554595947265625,0.0014277896843850613,0.0009184313821606338,0.09184313821606338
8,1636,204,1.979300618171692,0.009130416437983513,0.00461295060813427,0.46129506081342697
8,1637,204,1.3483717441558838,0.002541785128414631,0.0018850774504244328,0.18850774504244328
8,1638,204,1.3076467514038086,0.003406706266105175,0.0026052191387861967,0.26052191387861967
8,1639,204,1.54642653465271,0.006893825251609087,0.004457906819880009,0.44579068198800087
8,1640,205,2.163208246231079,0.006410509347915649,0.0029634267557412386,0.29634267557412386
8,1641,205,1.542819857597351,0.00624847412109375,0.0040500350296497345,0.40500350296497345
8,1642,205,1.3206850290298462,0.005483565852046013,0.0041520618833601475,0.41520618833601475
8,1643,205,1.7192776203155518,0.004569783341139555,0.0026579671539366245,0.26579671539366245
8,1644,205,1.426574468612671,0.004735409747809172,0.003319426905363798,0.3319426905363798
8,1645,205,1.544642686843872,0.005005181301385164,0.003240349004045129,0.3240349004045129
8,1646,205,1.1548221111297607,0.0032419085036963224,0.002807279583066702,0.2807279583066702
8,1647,205,1.041939377784729,0.0021703243255615234,0.002082966035231948,0.2082966035231948
8,1648,206,1.358550786972046,0.004701695404946804,0.0034608168061822653,0.34608168061822653
8,1649,206,1.4118492603302002,0.005389895755797625,0.0038176141679286957,0.38176141679286957
8,1650,206,1.4391323328018188,0.0025631075259298086,0.001781008904799819,0.1781008904799819
8,1651,206,1.335511565208435,0.004090237431228161,0.0030626747757196426,0.30626747757196426
8,1652,206,1.2308273315429688,0.005356728099286556,0.0043521360494196415,0.43521360494196415
8,1653,206,1.3752952814102173,0.0013069728156551719,0.0009503216133452952,0.09503216133452952
8,1654,206,1.1142417192459106,0.0030879955738782883,0.0027713875751942396,0.27713875751942396
8,1655,206,1.5526622533798218,0.0035372935235500336,0.002278211759403348,0.2278211759403348
8,1656,207,0.9311543703079224,0.001832268899306655,0.0019677390810102224,0.19677390810102224
8,1657,207,1.1400432586669922,0.001748809590935707,0.001533985254354775,0.1533985254354775
8,1658,207,1.224956750869751,0.0011693014530465007,0.0009545654756948352,0.09545654756948352
8,1659,207,1.3486078977584839,0.0024466817267239094,0.0018142276676371694,0.18142276676371694
8,1660,207,1.258413553237915,0.0032261162996292114,0.0025636376813054085,0.25636376813054085
8,1661,207,1.0757923126220703,0.002927367575466633,0.0027211271226406097,0.272112712264061
8,1662,207,2.336547374725342,0.00491997180506587,0.0021056588739156723,0.21056588739156723
8,1663,207,2.5803442001342773,0.004925424233078957,0.0019088245462626219,0.1908824546262622
8,1664,208,2.1149039268493652,0.0056882272474467754,0.0026895913761109114,0.26895913761109114
8,1665,208,1.7980318069458008,0.00358847388997674,0.001995778875425458,0.1995778875425458
8,1666,208,1.6690025329589844,0.0026547580491751432,0.0015906254993751645,0.15906254993751645
8,1667,208,1.1840484142303467,0.005200197920203209,0.004391879308968782,0.43918793089687824
8,1668,208,2.1948153972625732,0.0026948789600282907,0.0012278385693207383,0.12278385693207383
8,1669,208,1.2941856384277344,0.0048186294734478,0.0037232907488942146,0.37232907488942146
8,1670,208,1.2907358407974243,0.0010634418576955795,0.0008239035378210247,0.08239035378210247
8,1671,208,1.3446509838104248,0.00492452597245574,0.0036623079795390368,0.3662307979539037
8,1672,209,1.671442985534668,0.007514369674026966,0.004495738074183464,0.4495738074183464
8,1673,209,1.417767882347107,0.003335322719067335,0.0023525168653577566,0.23525168653577566
8,1674,209,1.5438389778137207,0.003971952944993973,0.00257277674973011,0.257277674973011
8,1675,209,2.203256130218506,0.0030416897498071194,0.001380542991682887,0.1380542991682887
8,1676,209,1.8493942022323608,0.00889715738594532,0.004810849670320749,0.48108496703207493
8,1677,209,1.2449755668640137,0.0021568243391811848,0.0017324229702353477,0.17324229702353477
8,1678,209,1.4944326877593994,0.002233356237411499,0.0014944508438929915,0.14944508438929915
8,1679,209,1.8998198509216309,0.0032621105201542377,0.001717063132673502,0.1717063132673502
8,1680,210,1.2649986743927002,0.00210886774584651,0.0016670909244567156,0.16670909244567156
8,1681,210,1.256572961807251,0.0012479911092668772,0.0009931704262271523,0.09931704262271523
8,1682,210,1.7606899738311768,0.0036458908580243587,0.0020707170478999615,0.20707170478999615
8,1683,210,1.219913125038147,0.001497903373092413,0.001227877102792263,0.1227877102792263
8,1684,210,1.235140323638916,0.005617940798401833,0.004548422992229462,0.45484229922294617
8,1685,210,1.3547940254211426,0.00171279301866889,0.0012642460642382503,0.12642460642382503
8,1686,210,1.180955171585083,0.0015975218266248703,0.0013527370756492019,0.1352737075649202
8,1687,210,1.237379789352417,0.0065703364089131355,0.005309878382831812,0.5309878382831812
8,1688,211,1.7467496395111084,0.005733270198106766,0.003282250603660941,0.3282250603660941
8,1689,211,1.400632381439209,0.0032744426280260086,0.002337831538170576,0.2337831538170576
8,1690,211,1.7705479860305786,0.0087550925090909,0.004944848828017712,0.49448488280177116
8,1691,211,2.3409602642059326,0.007749479729682207,0.0033103849273175,0.33103849273175
8,1692,211,1.3188763856887817,0.004926715046167374,0.003735539736226201,0.3735539736226201
8,1693,211,1.1738487482070923,0.0010860050097107887,0.0009251660667359829,0.09251660667359829
8,1694,211,1.4301384687423706,0.00266276765614748,0.0018618949688971043,0.18618949688971043
8,1695,211,1.6753325462341309,0.004500162787735462,0.0026861310470849276,0.26861310470849276
8,1696,212,1.4860804080963135,0.003697808599099517,0.00248829647898674,0.248829647898674
8,1697,212,0.9985604286193848,0.0027862091083079576,0.002790225902572274,0.2790225902572274
8,1698,212,1.5234944820404053,0.0014237872092053294,0.0009345535654574633,0.09345535654574633
8,1699,212,1.5145004987716675,0.006676237564533949,0.0044082109816372395,0.44082109816372395
8,1700,212,2.721709966659546,0.006539495196193457,0.002402715617790818,0.24027156177908182
8,1701,212,2.4643118381500244,0.00787669513374567,0.003196306060999632,0.3196306060999632
8,1702,212,2.149972677230835,0.0032772787380963564,0.0015243350062519312,0.15243350062519312
8,1703,212,1.1754918098449707,0.0024806340225040913,0.002110294532030821,0.21102945320308208
8,1704,213,1.5536298751831055,0.00409230962395668,0.002634031232446432,0.2634031232446432
8,1705,213,1.5758373737335205,0.0052442788146436214,0.003327931510284543,0.3327931510284543
8,1706,213,1.4353432655334473,0.004790270235389471,0.003337369067594409,0.3337369067594409
8,1707,213,1.2287813425064087,0.0014119810657575727,0.0011490905890241265,0.11490905890241265
8,1708,213,1.3083837032318115,0.0053078727796673775,0.004056816454976797,0.4056816454976797
8,1709,213,1.4357178211212158,0.0038970333989709616,0.002714344998821616,0.2714344998821616
8,1710,213,1.9114151000976562,0.0037247787695378065,0.001948702149093151,0.1948702149093151
8,1711,213,1.3843543529510498,0.0030268861446529627,0.0021864967420697212,0.21864967420697212
8,1712,214,1.6607699394226074,0.003721092361956835,0.002240582602098584,0.22405826020985842
8,1713,214,1.5467685461044312,0.006902874913066626,0.004462771583348513,0.44627715833485126
8,1714,214,1.3317999839782715,0.0018257444025948644,0.001370884827338159,0.1370884827338159
8,1715,214,1.4381567239761353,0.006042132154107094,0.004201302770525217,0.4201302770525217
8,1716,214,1.4697721004486084,0.004743821453303099,0.0032275898847728968,0.3227589884772897
8,1717,214,1.6244951486587524,0.0012693869648501277,0.0007814039709046483,0.07814039709046483
8,1718,214,1.645162582397461,0.005546548869460821,0.003371428931131959,0.3371428931131959
8,1719,214,1.4308842420578003,0.0044203572906553745,0.0030892486684024334,0.30892486684024334
8,1720,215,1.048537015914917,0.0027879346162080765,0.0026588805485516787,0.26588805485516787
8,1721,215,1.32010817527771,0.004245268180966377,0.0032158487010747194,0.32158487010747194
8,1722,215,1.418901801109314,0.0022548972629010677,0.0015891848597675562,0.15891848597675562
8,1723,215,1.0574339628219604,0.0009035023977048695,0.0008544291486032307,0.08544291486032307
8,1724,215,1.4974339008331299,0.005748986266553402,0.003839225508272648,0.3839225508272648
8,1725,215,1.6999647617340088,0.0027683358639478683,0.0016284666489809752,0.16284666489809752
8,1726,215,1.234806776046753,0.003134062048047781,0.0025380991864949465,0.25380991864949465
8,1727,215,2.3475358486175537,0.005945811979472637,0.0025327885523438454,0.25327885523438454
8,1728,216,1.6711702346801758,0.0037807112094014883,0.0022623136173933744,0.22623136173933744
8,1729,216,1.3516674041748047,0.0030112825334072113,0.002227828139439225,0.22278281394392252
8,1730,216,1.6841250658035278,0.002589633921161294,0.0015376731753349304,0.15376731753349304
8,1731,216,1.2067627906799316,0.004415950272232294,0.003659335896372795,0.3659335896372795
8,1732,216,1.250281810760498,0.001678558299317956,0.0013425439829006791,0.1342543982900679
8,1733,216,1.0143252611160278,0.0015111584216356277,0.001489816466346383,0.1489816466346383
8,1734,216,1.2668300867080688,0.0027936603873968124,0.002205236814916134,0.2205236814916134
8,1735,216,1.996168851852417,0.002907620742917061,0.0014566006138920784,0.14566006138920784
8,1736,217,1.3513983488082886,0.0015988978557288647,0.0011831432348117232,0.11831432348117232
8,1737,217,1.5291574001312256,0.006605153903365135,0.004319472704082727,0.43194727040827274
8,1738,217,1.8072866201400757,0.004112325143069029,0.0022754138335585594,0.22754138335585594
8,1739,217,1.379098653793335,0.0008100958657450974,0.0005874096532352269,0.05874096532352269
8,1740,217,1.4378643035888672,0.002112524351105094,0.0014692097902297974,0.14692097902297974
8,1741,217,1.756578803062439,0.0027162067126482725,0.0015463050222024322,0.15463050222024322
8,1742,217,1.9703929424285889,0.014421561732888222,0.007319130003452301,0.7319130003452301
8,1743,217,1.6075290441513062,0.006350848823785782,0.003950689919292927,0.3950689919292927
8,1744,218,1.0790024995803833,0.0014512029010802507,0.0013449486577883363,0.13449486577883363
8,1745,218,1.3359441757202148,0.005188388284295797,0.0038836863823235035,0.38836863823235035
8,1746,218,2.2785584926605225,0.004694665316492319,0.002060366328805685,0.2060366328805685
8,1747,218,2.217003107070923,0.011765522882342339,0.005306949373334646,0.5306949373334646
8,1748,218,1.486480474472046,0.001247971085831523,0.0008395476033911109,0.08395476033911109
8,1749,218,1.3150553703308105,0.006819245871156454,0.005185519810765982,0.5185519810765982
8,1750,218,1.8342772722244263,0.008363991975784302,0.004559829831123352,0.4559829831123352
8,1751,218,1.5444873571395874,0.004276338033378124,0.0027687749825417995,0.27687749825417995
8,1752,219,1.3373486995697021,0.0020335291046649218,0.001520567573606968,0.1520567573606968
8,1753,219,1.5394281148910522,0.0020457725040614605,0.001328917220234871,0.1328917220234871
8,1754,219,1.841307520866394,0.001643497496843338,0.0008925708825699985,0.08925708825699985
8,1755,219,1.9006353616714478,0.0036081275902688503,0.0018983796471729875,0.18983796471729875
8,1756,219,1.4010330438613892,0.0016770284855738282,0.0011969942133873701,0.11969942133873701
8,1757,219,1.4665874242782593,0.0013739633141085505,0.0009368438040837646,0.09368438040837646
8,1758,219,1.701115608215332,0.0030696180183440447,0.0018044734606519341,0.18044734606519341
8,1759,219,1.4184229373931885,0.0015047077322378755,0.0010608314769342542,0.10608314769342542
8,1760,220,1.199169397354126,0.0036506587639451027,0.003044322831556201,0.3044322831556201
8,1761,220,1.5001546144485474,0.004376263357698917,0.00291720824316144,0.291720824316144
8,1762,220,1.293619155883789,0.004462698474526405,0.0034497776068747044,0.34497776068747044
8,1763,220,1.157854437828064,0.0020498211961239576,0.0017703617922961712,0.17703617922961712
8,1764,220,1.5238839387893677,0.004987750202417374,0.003273051232099533,0.3273051232099533
8,1765,220,1.6508824825286865,0.004503037314862013,0.0027276547625660896,0.27276547625660896
8,1766,220,1.8372288942337036,0.002617996884509921,0.0014249704545363784,0.14249704545363784
8,1767,220,1.497963547706604,0.0022184408735483885,0.0014809712301939726,0.14809712301939726
8,1768,221,1.5582562685012817,0.005021427758038044,0.003222465980798006,0.3222465980798006
8,1769,221,1.8787293434143066,0.004055608995258808,0.0021586979273706675,0.21586979273706675
8,1770,221,2.814861297607422,0.00821795966476202,0.002919489983469248,0.2919489983469248
8,1771,221,1.5415478944778442,0.006121012382209301,0.003970692399889231,0.3970692399889231
8,1772,221,1.0849621295928955,0.0015972880646586418,0.0014722063206136227,0.14722063206136227
8,1773,221,1.7274773120880127,0.0023985060397535563,0.0013884443324059248,0.13884443324059248
8,1774,221,1.8910930156707764,0.006883786991238594,0.0036401101388037205,0.36401101388037205
8,1775,221,1.5019652843475342,0.005954666528850794,0.0039645833894610405,0.39645833894610405
8,1776,222,1.477358102798462,0.0016072836006060243,0.0010879444889724255,0.10879444889724255
8,1777,222,1.6268484592437744,0.0024028972256928682,0.001477025798521936,0.1477025798521936
8,1778,222,1.8739802837371826,0.004236241802573204,0.002260558307170868,0.2260558307170868
8,1779,222,1.337103009223938,0.0026244723703712225,0.0019628049340099096,0.19628049340099096
8,1780,222,1.6924327611923218,0.0015229168348014355,0.0008998389239422977,0.08998389239422977
8,1781,222,1.331747055053711,0.004487974103540182,0.0033699898049235344,0.33699898049235344
8,1782,222,1.4635367393493652,0.002422342775389552,0.0016551294829696417,0.16551294829696417
8,1783,222,1.255868673324585,0.001438591629266739,0.0011454952182248235,0.11454952182248235
8,1784,223,2.020754337310791,0.0067315129563212395,0.0033311881124973297,0.33311881124973297
8,1785,223,1.6106306314468384,0.0006247052224352956,0.000387863750802353,0.0387863750802353
8,1786,223,1.5981104373931885,0.0026072619948536158,0.001631465507671237,0.1631465507671237
8,1787,223,1.1196367740631104,0.0023218742571771145,0.002073774579912424,0.2073774579912424
8,1788,223,1.4235084056854248,0.0013475350569933653,0.000946629501413554,0.0946629501413554
8,1789,223,1.5540722608566284,0.002102619968354702,0.001352974446490407,0.1352974446490407
8,1790,223,1.3339523077011108,0.0030375837814062834,0.002277130726724863,0.2277130726724863
8,1791,223,1.313570261001587,0.0012930671218782663,0.0009843913139775395,0.09843913139775395
8,1792,224,1.6326930522918701,0.003328766906633973,0.0020388197153806686,0.20388197153806686
8,1793,224,1.1527369022369385,0.003192300209775567,0.00276932236738503,0.276932236738503
8,1794,224,1.1661063432693481,0.0020777129102498293,0.0017817525658756495,0.17817525658756495
8,1795,224,1.5221329927444458,0.004524793941527605,0.0029726666398346424,0.29726666398346424
8,1796,224,1.417860984802246,0.002822945825755596,0.0019909890834242105,0.19909890834242105
8,1797,224,1.488344430923462,0.000850476382765919,0.0005714244325645268,0.05714244325645268
8,1798,224,1.5250723361968994,0.005327308084815741,0.0034931511618196964,0.34931511618196964
8,1799,224,2.6894373893737793,0.0017543913563713431,0.0006523265037685633,0.06523265037685633
8,1800,225,1.6832778453826904,0.002111222594976425,0.001254232949577272,0.1254232949577272
8,1801,225,1.4353634119033813,0.0034606733825057745,0.0024110085796564817,0.24110085796564817
8,1802,225,1.32683527469635,0.004696529358625412,0.003539647674188018,0.3539647674188018
8,1803,225,1.0591799020767212,0.0017887931317090988,0.0016888473182916641,0.1688847318291664
8,1804,225,1.6892025470733643,0.003949407488107681,0.002338030841201544,0.23380308412015438
8,1805,225,1.4088882207870483,0.002242411719635129,0.0015916179399937391,0.1591617939993739
8,1806,225,1.3473453521728516,0.0016365164192393422,0.001214622869156301,0.1214622869156301
8,1807,225,1.2456766366958618,0.002105984603986144,0.0016906351083889604,0.16906351083889604
8,1808,226,1.1849972009658813,0.002025841036811471,0.0017095744842663407,0.17095744842663407
8,1809,226,1.0798494815826416,0.0004308572970330715,0.00039899753755889833,0.03989975375588983
8,1810,226,1.7092955112457275,0.003218118567019701,0.0018827163148671389,0.1882716314867139
8,1811,226,1.3618569374084473,0.0008480402757413685,0.0006227087578736246,0.062270875787362456
8,1812,226,1.7967864274978638,0.004244579933583736,0.002362317405641079,0.2362317405641079
8,1813,226,1.203430414199829,0.0053882356733083725,0.004477397073060274,0.4477397073060274
8,1814,226,1.758247971534729,0.00720527907833457,0.004097987897694111,0.4097987897694111
8,1815,226,1.3076660633087158,0.0012601553462445736,0.0009636675240471959,0.09636675240471959
8,1816,227,1.6866002082824707,0.0045037767849862576,0.0026703285984694958,0.2670328598469496
8,1817,227,1.7546777725219727,0.0016485219821333885,0.0009395012748427689,0.09395012748427689
8,1818,227,1.3772759437561035,0.002957218559458852,0.00214715045876801,0.21471504587680101
8,1819,227,1.888067364692688,0.002814140170812607,0.001490487135015428,0.1490487135015428
8,1820,227,1.6876624822616577,0.002018436323851347,0.0011959952535107732,0.11959952535107732
8,1821,227,1.5071473121643066,0.0014763417420908809,0.0009795603109523654,0.09795603109523654
8,1822,227,1.3121482133865356,0.0031401028390973806,0.002393100643530488,0.2393100643530488
8,1823,227,1.6929385662078857,0.002200193703174591,0.001299629919230938,0.1299629919230938
8,1824,228,1.638619065284729,0.0027876351960003376,0.0017012100433930755,0.17012100433930755
8,1825,228,1.8237643241882324,0.003373044775798917,0.001849495922215283,0.1849495922215283
8,1826,228,1.3952956199645996,0.003709916491061449,0.002658874960616231,0.2658874960616231
8,1827,228,1.7271589040756226,0.004170279484242201,0.0024145315401256084,0.24145315401256084
8,1828,228,1.5493135452270508,0.004963106010109186,0.0032034225296229124,0.32034225296229124
8,1829,228,1.3228302001953125,0.003252595430240035,0.002458815462887287,0.24588154628872871
8,1830,228,1.4790239334106445,0.006156027317047119,0.00416222307831049,0.41622230783104897
8,1831,228,1.6463866233825684,0.006503643002361059,0.003950252663344145,0.3950252663344145
8,1832,229,1.4447599649429321,0.002407631604000926,0.0016664578579366207,0.16664578579366207
8,1833,229,2.0981509685516357,0.005460735876113176,0.002602641936391592,0.2602641936391592
8,1834,229,1.4785442352294922,0.001141037791967392,0.000771730556152761,0.0771730556152761
8,1835,229,1.5007858276367188,0.0031067312229424715,0.0020700697787106037,0.20700697787106037
8,1836,229,1.1758366823196411,0.003859548596665263,0.0032823849469423294,0.32823849469423294
8,1837,229,1.939607858657837,0.0024448062758892775,0.0012604641960933805,0.12604641960933805
8,1838,229,1.1103527545928955,0.003404980292543769,0.0030665751546621323,0.3066575154662132
8,1839,229,1.5306888818740845,0.0018934583058580756,0.0012369975447654724,0.12369975447654724
8,1840,230,1.368248701095581,0.007339742500334978,0.0053643337450921535,0.5364333745092154
8,1841,230,1.311307430267334,0.006489230785518885,0.0049486723728477955,0.49486723728477955
8,1842,230,1.2323728799819946,0.0036329622380435467,0.0029479407239705324,0.29479407239705324
8,1843,230,2.3563930988311768,0.005064731929451227,0.0021493579261004925,0.21493579261004925
8,1844,230,1.3823530673980713,0.00524642039090395,0.0037952824495732784,0.37952824495732784
8,1845,230,1.3940281867980957,0.0052525936625897884,0.0037679250817745924,0.37679250817745924
8,1846,230,1.6236348152160645,0.0051162634044885635,0.0031511171255260706,0.31511171255260706
8,1847,230,1.434640645980835,0.004381607286632061,0.003054149681702256,0.3054149681702256
8,1848,231,1.8165819644927979,0.006019623950123787,0.0033137090504169464,0.33137090504169464
8,1849,231,1.7681503295898438,0.003140463260933757,0.0017761291237547994,0.17761291237547994
8,1850,231,2.0709314346313477,0.0010585662676021457,0.000511154648847878,0.0511154648847878
8,1851,231,1.5564271211624146,0.0029909403529018164,0.0019216706277802587,0.19216706277802587
8,1852,231,1.4655128717422485,0.003869264619424939,0.0026402119547128677,0.2640211954712868
8,1853,231,1.0784153938293457,0.001323050120845437,0.0012268464779481292,0.12268464779481292
8,1854,231,2.0240530967712402,0.0023977456148713827,0.001184625900350511,0.11846259003505111
8,1855,231,1.8324089050292969,0.0057760076597332954,0.0031521390192210674,0.31521390192210674
8,1856,232,1.4462897777557373,0.0020305521320551634,0.0014039732050150633,0.14039732050150633
8,1857,232,1.2747869491577148,0.0020280887838453054,0.0015909237554296851,0.1590923755429685
8,1858,232,1.1461231708526611,0.0015102240722626448,0.0013176804641261697,0.13176804641261697
8,1859,232,1.4444931745529175,0.002759544877335429,0.001910389750264585,0.1910389750264585
8,1860,232,1.0865386724472046,0.0025092544965445995,0.002309401985257864,0.2309401985257864
8,1861,232,1.261664628982544,0.002813208382576704,0.0022297592367976904,0.22297592367976904
8,1862,232,1.6245197057724,0.00416124751791358,0.0025615247432142496,0.25615247432142496
8,1863,232,1.6765226125717163,0.0028964278753846884,0.00172764016315341,0.172764016315341
8,1864,233,1.2888052463531494,0.0014384910464286804,0.001116143073886633,0.11161430738866329
8,1865,233,1.4166998863220215,0.0033985981717705727,0.00239895423874259,0.239895423874259
8,1866,233,1.456034779548645,0.001708388328552246,0.0011733155697584152,0.11733155697584152
8,1867,233,2.2703137397766113,0.00698631489649415,0.00307724648155272,0.307724648155272
8,1868,233,1.5471749305725098,0.001718514016829431,0.0011107431491836905,0.11107431491836905
8,1869,233,1.202521562576294,0.001140689942985773,0.0009485816699452698,0.09485816699452698
8,1870,233,1.5971323251724243,0.0035058765206485987,0.002195107052102685,0.2195107052102685
8,1871,233,1.2880406379699707,0.007552944123744965,0.005863902159035206,0.5863902159035206
8,1872,234,1.3855092525482178,0.008467396721243858,0.0061113969422876835,0.6111396942287683
8,1873,234,1.2423694133758545,0.003135317238047719,0.002523659495636821,0.2523659495636821
8,1874,234,1.8529611825942993,0.0056432094424963,0.00304550863802433,0.304550863802433
8,1875,234,1.6399327516555786,0.0033945913892239332,0.002069957787171006,0.20699577871710062
8,1876,234,1.6246224641799927,0.0035833159927278757,0.0022056300658732653,0.22056300658732653
8,1877,234,1.2832661867141724,0.004084186162799597,0.0031826491467654705,0.31826491467654705
8,1878,234,1.3650035858154297,0.0005966954049654305,0.0004371383402030915,0.04371383402030915
8,1879,234,1.1867974996566772,0.0029729085508733988,0.0025049839168787003,0.25049839168787
8,1880,235,1.3947722911834717,0.009944833815097809,0.007130077108740807,0.7130077108740807
8,1881,235,1.990187644958496,0.004417669493705034,0.0022197251673787832,0.22197251673787832
8,1882,235,2.0626697540283203,0.0037154618185013533,0.00180128775537014,0.180128775537014
8,1883,235,1.045029640197754,0.004528014454990625,0.0043329051695764065,0.43329051695764065
8,1884,235,1.3371436595916748,0.0044820369221270084,0.0033519486896693707,0.33519486896693707
8,1885,235,1.1886688470840454,0.004690643399953842,0.003946131560951471,0.39461315609514713
8,1886,235,2.0842480659484863,0.009088847786188126,0.004360732156783342,0.43607321567833424
8,1887,235,1.2616329193115234,0.0014716873411089182,0.0011664940975606441,0.11664940975606441
8,1888,236,1.150537133216858,0.0014089131727814674,0.0012245699763298035,0.12245699763298035
8,1889,236,1.5553289651870728,0.0011552067007869482,0.0007427410455420613,0.07427410455420613
8,1890,236,1.4222583770751953,0.004128003027290106,0.002902428386732936,0.2902428386732936
8,1891,236,1.4998953342437744,0.0031981454230844975,0.0021322458051145077,0.21322458051145077
8,1892,236,1.0317140817642212,0.002929793205112219,0.002839733613654971,0.2839733613654971
8,1893,236,1.536426067352295,0.0012553785927593708,0.0008170771179720759,0.0817077117972076
8,1894,236,1.6887515783309937,0.0019952827133238316,0.0011815134203061461,0.11815134203061461
8,1895,236,1.9033900499343872,0.004206884186714888,0.0022102061193436384,0.22102061193436384
8,1896,237,1.7533555030822754,0.0040179830975830555,0.0022915962617844343,0.22915962617844343
8,1897,237,1.2122498750686646,0.00473371148109436,0.0039048974867910147,0.39048974867910147
8,1898,237,1.4937795400619507,0.004101437050849199,0.0027456777170300484,0.27456777170300484
8,1899,237,1.2386044263839722,0.0065851774998009205,0.00531661044806242,0.531661044806242
8,1900,237,1.2179017066955566,0.007100296672433615,0.005829942412674427,0.5829942412674427
8,1901,237,2.56349778175354,0.002673157025128603,0.001042777206748724,0.1042777206748724
8,1902,237,1.4734739065170288,0.0020680553279817104,0.0014035234926268458,0.14035234926268458
8,1903,237,0.8944157361984253,0.005651721730828285,0.006318897940218449,0.6318897940218449
8,1904,238,1.337385654449463,0.007023670244961977,0.005251791328191757,0.5251791328191757
8,1905,238,1.5640549659729004,0.006604228634387255,0.004222504328936338,0.42225043289363384
8,1906,238,1.960037350654602,0.010862566530704498,0.005542020313441753,0.5542020313441753
8,1907,238,1.3629646301269531,0.005245583597570658,0.0038486572448164225,0.38486572448164225
8,1908,238,1.6041492223739624,0.003194044344127178,0.0019911143463104963,0.19911143463104963
8,1909,238,1.1829766035079956,0.002919349819421768,0.0024678001645952463,0.24678001645952463
8,1910,238,1.246699333190918,0.0022994386963546276,0.001844421261921525,0.1844421261921525
8,1911,238,1.7884855270385742,0.005538490600883961,0.0030967488419264555,0.30967488419264555
8,1912,239,1.8113439083099365,0.004041076172143221,0.002230982296168804,0.22309822961688042
8,1913,239,1.4785699844360352,0.0020403610542416573,0.0013799556763842702,0.13799556763842702
8,1914,239,1.3905141353607178,0.0019358270801603794,0.0013921663630753756,0.13921663630753756
8,1915,239,1.2514615058898926,0.0038162332493811846,0.0030494211241602898,0.304942112416029
8,1916,239,1.7199050188064575,0.0036490298807621002,0.0021216461900621653,0.21216461900621653
8,1917,239,1.4097055196762085,0.00020020334341097623,0.00014201784506440163,0.014201784506440163
8,1918,239,1.3999764919281006,0.001751332893036306,0.0012509730877354741,0.1250973087735474
8,1919,239,1.8455671072006226,0.002975484821945429,0.0016122333472594619,0.1612233347259462
8,1920,240,1.3180534839630127,0.0024684022646397352,0.001872763386927545,0.1872763386927545
8,1921,240,1.23599374294281,0.000706878025084734,0.0005719106993637979,0.05719106993637979
8,1922,240,1.2110750675201416,0.003771100891754031,0.003113845596089959,0.3113845596089959
8,1923,240,1.4308388233184814,0.0030406268779188395,0.0021250660065561533,0.21250660065561533
8,1924,240,1.3877665996551514,0.0027812952175736427,0.0020041519310325384,0.20041519310325384
8,1925,240,1.6152822971343994,0.0026622081641107798,0.0016481380444020033,0.16481380444020033
8,1926,240,1.525072693824768,0.0047760470770299435,0.003131684847176075,0.3131684847176075
8,1927,240,1.4271349906921387,0.002350056543946266,0.001646695309318602,0.1646695309318602
8,1928,241,2.2872684001922607,0.0044786520302295685,0.0019580789376050234,0.19580789376050234
8,1929,241,1.9030028581619263,0.0011029373854398727,0.0005795773467980325,0.05795773467980325
8,1930,241,1.4653829336166382,0.004499239381402731,0.0030703505035489798,0.307035050354898
8,1931,241,1.7209755182266235,0.003326175967231393,0.00193272705655545,0.193272705655545
8,1932,241,1.3777042627334595,0.0021731338929384947,0.001577358809299767,0.1577358809299767
8,1933,241,1.9293712377548218,0.008512357249855995,0.004411985166370869,0.44119851663708687
8,1934,241,1.5643579959869385,0.0023419333156198263,0.001497057150118053,0.1497057150118053
8,1935,241,1.2581418752670288,0.0031641896348446608,0.002514970488846302,0.2514970488846302
8,1936,242,1.54135000705719,0.004134583752602339,0.002682443242520094,0.2682443242520094
8,1937,242,1.901245355606079,0.0015687192790210247,0.0008251009276136756,0.08251009276136756
8,1938,242,2.291207790374756,0.002817008877173066,0.0012294864282011986,0.12294864282011986
8,1939,242,1.4874250888824463,0.003890372347086668,0.002615508157759905,0.2615508157759905
8,1940,242,1.36106276512146,0.0017649756046012044,0.0012967628426849842,0.12967628426849842
8,1941,242,1.6765406131744385,0.0029789144173264503,0.0017768221441656351,0.1776822144165635
8,1942,242,2.3303422927856445,0.0022597219794988632,0.0009696952765807509,0.0969695276580751
8,1943,242,1.2772237062454224,0.0017217681743204594,0.0013480553170666099,0.13480553170666099
8,1944,243,2.2578020095825195,0.011213729158043861,0.004966657608747482,0.49666576087474823
8,1945,243,1.530612826347351,0.0032829048577696085,0.0021448303014039993,0.21448303014039993
8,1946,243,1.4104692935943604,0.0036015636287629604,0.0025534506421536207,0.25534506421536207
8,1947,243,2.0156452655792236,0.004473008681088686,0.002219144720584154,0.2219144720584154
8,1948,243,1.690873146057129,0.009027213789522648,0.005338788498193026,0.5338788498193026
8,1949,243,1.1809098720550537,0.0038687249179929495,0.0032760542817413807,0.32760542817413807
8,1950,243,1.3822963237762451,0.007207124959677458,0.005213878583163023,0.5213878583163023
8,1951,243,1.7490156888961792,0.0020444670226424932,0.0011689243838191032,0.11689243838191032
8,1952,244,1.3075135946273804,0.002248455537483096,0.0017196421977132559,0.1719642197713256
8,1953,244,1.3114030361175537,0.002587877679616213,0.001973365666344762,0.19733656663447618
8,1954,244,1.2887938022613525,0.0024312089662998915,0.001886421930976212,0.1886421930976212
8,1955,244,1.7550519704818726,0.002824864350259304,0.0016095616156235337,0.16095616156235337
8,1956,244,1.1648707389831543,0.0025555172469466925,0.0021938204299658537,0.21938204299658537
8,1957,244,2.109828233718872,0.0025769544299691916,0.0012214048765599728,0.12214048765599728
8,1958,244,1.6419767141342163,0.0021116137504577637,0.0012860193382948637,0.12860193382948637
8,1959,244,1.5754390954971313,0.005336389876902103,0.0033872397616505623,0.33872397616505623
8,1960,245,1.313481330871582,0.0017065873835235834,0.0012992855627089739,0.1299285562708974
8,1961,245,1.6812790632247925,0.0015738910296931863,0.0009361272095702589,0.09361272095702589
8,1962,245,1.5727064609527588,0.001574358786456287,0.0010010505793616176,0.10010505793616176
8,1963,245,1.656941533088684,0.005616116803139448,0.003389447694644332,0.3389447694644332
8,1964,245,1.44928777217865,0.006222710479050875,0.004293633624911308,0.42936336249113083
8,1965,245,1.8725106716156006,0.0031816684640944004,0.0016991456504911184,0.16991456504911184
8,1966,245,2.2342305183410645,0.006644413806498051,0.002973916009068489,0.2973916009068489
8,1967,245,1.8802220821380615,0.0030385840218514204,0.0016160771483555436,0.16160771483555436
8,1968,246,1.5061911344528198,0.003884660778567195,0.0025791286025196314,0.25791286025196314
8,1969,246,1.8400194644927979,0.006932890508323908,0.0037678354419767857,0.37678354419767857
8,1970,246,1.5640778541564941,0.006800211034715176,0.004347744397819042,0.4347744397819042
8,1971,246,1.774685025215149,0.004410065710544586,0.002484984928742051,0.2484984928742051
8,1972,246,1.4108166694641113,0.0018139489693567157,0.0012857438996434212,0.12857438996434212
8,1973,246,1.4479806423187256,0.006368973292410374,0.004398521035909653,0.43985210359096527
8,1974,246,1.2888141870498657,0.006375639699399471,0.004946903791278601,0.49469037912786007
8,1975,246,1.4396798610687256,0.004875620827078819,0.0033866006415337324,0.33866006415337324
8,1976,247,1.1398591995239258,0.0011643465841189027,0.0010214828653261065,0.10214828653261065
8,1977,247,1.6234185695648193,0.002262193476781249,0.0013934752205386758,0.13934752205386758
8,1978,247,1.338576316833496,0.0028630264569073915,0.002138859359547496,0.21388593595474958
8,1979,247,1.0679874420166016,0.0027521492447704077,0.0025769490748643875,0.25769490748643875
8,1980,247,1.6018829345703125,0.0072621232829988,0.004533492028713226,0.45334920287132263
8,1981,247,1.3473025560379028,0.007002752274274826,0.005197609309107065,0.5197609309107065
8,1982,247,1.6942989826202393,0.010139837861061096,0.005984680261462927,0.5984680261462927
8,1983,247,1.941739559173584,0.004881235305219889,0.002513846615329385,0.2513846615329385
8,1984,248,1.2651318311691284,0.0009241597726941109,0.0007304849568754435,0.07304849568754435
8,1985,248,1.1849703788757324,0.0012562400661408901,0.001060144742950797,0.10601447429507971
8,1986,248,1.1318082809448242,0.001704754657112062,0.0015062220627442002,0.15062220627442002
8,1987,248,1.567388653755188,0.0011956975795328617,0.0007628596504218876,0.07628596504218876
8,1988,248,1.9109970331192017,0.0012878759298473597,0.0006739288219250739,0.06739288219250739
8,1989,248,1.1552729606628418,0.0015375432558357716,0.0013308917405083776,0.13308917405083776
8,1990,248,1.6330996751785278,0.0007267625769600272,0.00044502035598270595,0.044502035598270595
8,1991,248,1.2389010190963745,0.0014922975096851587,0.0012045332696288824,0.12045332696288824
8,1992,249,1.5073193311691284,0.0011057034134864807,0.0007335561676882207,0.07335561676882207
8,1993,249,1.2618041038513184,0.003136145183816552,0.0024854454677551985,0.24854454677551985
8,1994,249,1.4071059226989746,0.0028272662311792374,0.0020092774648219347,0.20092774648219347
8,1995,249,1.2337822914123535,0.0012420732527971268,0.0010067200055345893,0.10067200055345893
8,1996,249,1.4506785869598389,0.0020769694820046425,0.0014317226596176624,0.14317226596176624
8,1997,249,1.64806067943573,0.0027562815230339766,0.0016724393935874104,0.16724393935874104
8,1998,249,1.5444769859313965,0.0022713709622621536,0.0014706408837810159,0.1470640883781016
8,1999,249,1.7480472326278687,0.0026370850391685963,0.0015085891354829073,0.15085891354829073
8,2000,250,1.1375008821487427,0.0019514025188982487,0.001715517370030284,0.1715517370030284
8,2001,250,2.129821300506592,0.006275316700339317,0.002946405205875635,0.2946405205875635
8,2002,250,2.008010149002075,0.004363843239843845,0.00217321771197021,0.217321771197021
8,2003,250,1.2825289964675903,0.004925377666950226,0.003840363584458828,0.3840363584458828
8,2004,250,1.9812304973602295,0.0018781386315822601,0.0009479657164774835,0.09479657164774835
8,2005,250,1.1941795349121094,0.003606730606406927,0.003020258154720068,0.3020258154720068
8,2006,250,2.409003496170044,0.007701871916651726,0.003197119338437915,0.3197119338437915
8,2007,250,1.1331900358200073,0.0016681794077157974,0.0014721091138198972,0.14721091138198972
8,2008,251,1.307175874710083,0.0050295935943722725,0.003847679356113076,0.3847679356113076
8,2009,251,1.0800344944000244,0.004161462187767029,0.0038530826568603516,0.38530826568603516
8,2010,251,1.4581072330474854,0.004182598553597927,0.002868512412533164,0.2868512412533164
8,2011,251,1.6124346256256104,0.0007307253545150161,0.0004531813901849091,0.04531813901849091
8,2012,251,1.1766811609268188,0.002088931854814291,0.0017752742860466242,0.17752742860466242
8,2013,251,1.9943557977676392,0.003278834978118539,0.001644057221710682,0.1644057221710682
8,2014,251,1.6558092832565308,0.0013811320532113314,0.0008341129869222641,0.08341129869222641
8,2015,251,1.430787205696106,0.003170018084347248,0.0022155761253088713,0.22155761253088713
8,2016,252,1.2218745946884155,0.0028552603907883167,0.002336786827072501,0.23367868270725012
8,2017,252,1.8235688209533691,0.007129952311515808,0.00390988914296031,0.390988914296031
8,2018,252,1.5222071409225464,0.002579681808128953,0.001694698235951364,0.1694698235951364
8,2019,252,1.334899663925171,0.0011209765216335654,0.0008397459168918431,0.08397459168918431
8,2020,252,1.787285566329956,0.007084064185619354,0.003963588271290064,0.3963588271290064
8,2021,252,1.5935667753219604,0.005014329217374325,0.003146607428789139,0.3146607428789139
8,2022,252,1.8299062252044678,0.0019531035795807838,0.0010673244250938296,0.10673244250938296
8,2023,252,1.8844337463378906,0.006050404626876116,0.0032107282895594835,0.32107282895594835
8,2024,253,1.5550580024719238,0.006753414403647184,0.004342869855463505,0.4342869855463505
8,2025,253,1.6771056652069092,0.005829292349517345,0.0034758050460368395,0.34758050460368395
8,2026,253,1.9203205108642578,0.007295707706362009,0.0037992135621607304,0.37992135621607304
8,2027,253,1.4937894344329834,0.0017838915809988976,0.0011942054843530059,0.11942054843530059
8,2028,253,1.6731500625610352,0.0046180058270692825,0.0027600666508078575,0.27600666508078575
8,2029,253,1.2736916542053223,0.007317166309803724,0.005744848866015673,0.5744848866015673
8,2030,253,1.238814353942871,0.0032071711029857397,0.0025889037642627954,0.25889037642627954
8,2031,253,1.4069916009902954,0.004833721090108156,0.00343550113029778,0.343550113029778
8,2032,254,1.2579457759857178,0.003726020222529769,0.0029619878623634577,0.29619878623634577
8,2033,254,1.4959754943847656,0.0074699074029922485,0.004993335343897343,0.49933353438973427
8,2034,254,1.7563005685806274,0.006980813108384609,0.00397472595795989,0.39747259579598904
8,2035,254,1.694478988647461,0.006735268980264664,0.003974831663072109,0.3974831663072109
8,2036,254,1.7941062450408936,0.0016597313806414604,0.0009251020383089781,0.09251020383089781
8,2037,254,1.509068489074707,0.006622113287448883,0.004388212691992521,0.43882126919925213
8,2038,254,1.3840998411178589,0.004858661908656359,0.0035103405825793743,0.35103405825793743
8,2039,254,1.5808639526367188,0.006161559838801622,0.003897590097039938,0.3897590097039938
8,2040,255,1.2687913179397583,0.004368821624666452,0.003443293971940875,0.3443293971940875
8,2041,255,1.510749101638794,0.001588103361427784,0.0010512025328353047,0.10512025328353047
8,2042,255,1.3543832302093506,0.0031799874268472195,0.002347922883927822,0.2347922883927822
8,2043,255,1.0741541385650635,0.0038267462514340878,0.0035625670570880175,0.35625670570880175
8,2044,255,1.3883897066116333,0.004919470753520727,0.0035432924050837755,0.35432924050837755
8,2045,255,2.0100536346435547,0.0023904878180474043,0.0011892656330019236,0.11892656330019236
8,2046,255,1.388555645942688,0.0023027679417282343,0.0016583908582106233,0.16583908582106233
8,2047,255,1.2379070520401,0.0024082057643681765,0.0019453850109130144,0.19453850109130144
8,2048,256,1.5393486022949219,0.002243822207674384,0.0014576439280062914,0.14576439280062914
8,2049,256,1.9092750549316406,0.0041992818005383015,0.0021994116250425577,0.21994116250425577
8,2050,256,1.4086183309555054,0.004243423696607351,0.0030124722979962826,0.30124722979962826
8,2051,256,1.7091598510742188,0.007404872681945562,0.004332463722676039,0.4332463722676039
8,2052,256,1.2685959339141846,0.0014458423247560859,0.0011397185735404491,0.11397185735404491
8,2053,256,1.4078867435455322,0.002667994936928153,0.0018950351513922215,0.18950351513922215
8,2054,256,1.0268380641937256,0.0012733853654935956,0.0012401033891364932,0.12401033891364932
8,2055,256,1.108498215675354,0.0031909614335745573,0.002878634724766016,0.2878634724766016
8,2056,257,1.5872434377670288,0.0047708358615636826,0.0030057367403060198,0.300573674030602
8,2057,257,1.3107434511184692,0.0028463914059102535,0.002171585336327553,0.21715853363275528
8,2058,257,1.2880380153656006,0.002386638894677162,0.00185292586684227,0.185292586684227
8,2059,257,1.563568353652954,0.006282476242631674,0.0040180375799536705,0.40180375799536705
8,2060,257,1.6626986265182495,0.007523051463067532,0.004524603020399809,0.4524603020399809
8,2061,257,1.3996063470840454,0.0026563098654150963,0.0018978978041559458,0.18978978041559458
8,2062,257,1.5351390838623047,0.002280652755871415,0.0014856326160952449,0.1485632616095245
8,2063,257,1.3245238065719604,0.00789735745638609,0.005962412804365158,0.5962412804365158
8,2064,258,1.3255449533462524,0.005740468855947256,0.004330648109316826,0.4330648109316826
8,2065,258,1.7782199382781982,0.001997091108933091,0.0011230844538658857,0.11230844538658857
8,2066,258,1.441753625869751,0.0021902364678680897,0.001519147539511323,0.1519147539511323
8,2067,258,1.3897967338562012,0.001657214481383562,0.0011924150167033076,0.11924150167033076
8,2068,258,1.3636701107025146,0.004690549802035093,0.0034396513365209103,0.343965133652091
8,2069,258,1.377930760383606,0.004647207446396351,0.003372598672285676,0.3372598672285676
8,2070,258,1.6976215839385986,0.0037609203718602657,0.0022154056932777166,0.22154056932777166
8,2071,258,1.5853631496429443,0.0024858321994543076,0.0015679891221225262,0.15679891221225262
8,2072,259,2.164271354675293,0.005390990525484085,0.002490903250873089,0.24909032508730888
8,2073,259,1.6251527070999146,0.005025933030992746,0.0030925911851227283,0.30925911851227283
8,2074,259,1.8205246925354004,0.008153192698955536,0.004478485323488712,0.44784853234887123
8,2075,259,1.5918235778808594,0.0020905910059809685,0.00131333083845675,0.131333083845675
8,2076,259,1.4518251419067383,0.004831982776522636,0.0033282125368714333,0.3328212536871433
8,2077,259,1.594765305519104,0.004220813978463411,0.0026466678828001022,0.2646667882800102
8,2078,259,1.9065663814544678,0.0030776208732277155,0.001614221720956266,0.1614221720956266
8,2079,259,1.3615350723266602,0.004833125043660402,0.0035497616045176983,0.35497616045176983
8,2080,260,1.2596276998519897,0.004668641835451126,0.0037063665222376585,0.37063665222376585
8,2081,260,1.686493992805481,0.011366274207830429,0.006739587523043156,0.6739587523043156
8,2082,260,1.2856957912445068,0.0023828851990401745,0.001853381865657866,0.1853381865657866
8,2083,260,1.833789587020874,0.0031001565512269735,0.0016905737575143576,0.16905737575143576
8,2084,260,1.0464965105056763,0.004014984704554081,0.0038365963846445084,0.38365963846445084
8,2085,260,1.8035963773727417,0.012100203894078732,0.006708931177854538,0.6708931177854538
8,2086,260,2.058788776397705,0.0029648090712726116,0.0014400744112208486,0.14400744112208486
8,2087,260,1.24668550491333,0.0025445595383644104,0.0020410597790032625,0.20410597790032625
8,2088,261,1.7957156896591187,0.002907624701038003,0.0016192010371014476,0.16192010371014476
8,2089,261,2.037663221359253,0.0018962208414450288,0.0009305860148742795,0.09305860148742795
8,2090,261,1.0990089178085327,0.005132805556058884,0.00467039505019784,0.467039505019784
8,2091,261,1.0390455722808838,0.0036924846936017275,0.0035537274088710546,0.35537274088710546
8,2092,261,1.3936443328857422,0.0064110830426216125,0.00460022920742631,0.46002292074263096
8,2093,261,1.522150993347168,0.007461889181286097,0.004902200307697058,0.4902200307697058
8,2094,261,1.132598876953125,0.0029145407024770975,0.002573321107774973,0.2573321107774973
8,2095,261,1.3124812841415405,0.0003959357272833586,0.00030166961369104683,0.030166961369104683
8,2096,262,1.8243598937988281,0.009218689985573292,0.005053109489381313,0.5053109489381313
8,2097,262,1.518550992012024,0.004648848436772823,0.0030613713897764683,0.3061371389776468
8,2098,262,1.764978051185608,0.0049908580258488655,0.0028277167584747076,0.28277167584747076
8,2099,262,1.48780357837677,0.0062560453079640865,0.004204886499792337,0.42048864997923374
8,2100,262,1.7145044803619385,0.006529792677611113,0.0038085596170276403,0.38085596170276403
8,2101,262,2.2520060539245605,0.007042305544018745,0.003127125557512045,0.3127125557512045
8,2102,262,1.4373788833618164,0.004203742370009422,0.0029245889745652676,0.29245889745652676
8,2103,262,1.1549718379974365,0.0028576881159096956,0.002474249107763171,0.24742491077631712
8,2104,263,1.4163386821746826,0.003053876105695963,0.002156176371499896,0.2156176371499896
8,2105,263,1.1561447381973267,0.0022038333117961884,0.001906191580928862,0.1906191580928862
8,2106,263,1.6996426582336426,0.0015384429134428501,0.0009051566594280303,0.09051566594280303
8,2107,263,1.3889154195785522,0.002947988221421838,0.0021225109230726957,0.21225109230726957
8,2108,263,1.1584680080413818,0.0027753696776926517,0.002395723946392536,0.23957239463925362
8,2109,263,2.4092726707458496,0.00388760631904006,0.0016136015765368938,0.16136015765368938
8,2110,263,1.6626065969467163,0.005901632830500603,0.0035496267955750227,0.35496267955750227
8,2111,263,1.075703740119934,0.002882804721593857,0.0026799244806170464,0.26799244806170464
8,2112,264,1.4917861223220825,0.006062996573746204,0.004064253065735102,0.40642530657351017
8,2113,264,1.711145281791687,0.005467903800308704,0.003195464378222823,0.3195464378222823
8,2114,264,1.6655080318450928,0.0022781549487262964,0.001367843826301396,0.1367843826301396
8,2115,264,1.7632733583450317,0.0028012702241539955,0.0015886761248111725,0.15886761248111725
8,2116,264,1.5356833934783936,0.0030559636652469635,0.001989969750866294,0.1989969750866294
8,2117,264,1.183681607246399,0.002314863493666053,0.0019556470215320587,0.19556470215320587
8,2118,264,1.71038818359375,0.007812045514583588,0.004567410796880722,0.4567410796880722
8,2119,264,1.5184738636016846,0.004017105791717768,0.002645488828420639,0.2645488828420639
8,2120,265,1.5490130186080933,0.007296556606888771,0.004710455425083637,0.4710455425083637
8,2121,265,1.0688921213150024,0.00040294084465131164,0.0003769705363083631,0.03769705363083631
8,2122,265,1.416266918182373,0.004251522943377495,0.0030019220430403948,0.3001922043040395
8,2123,265,1.6853067874908447,0.005494678858667612,0.003260343335568905,0.3260343335568905
8,2124,265,1.510981559753418,0.0036040954291820526,0.0023852677550166845,0.23852677550166845
8,2125,265,0.9393619298934937,0.004536701366305351,0.004829556215554476,0.4829556215554476
8,2126,265,1.367292046546936,0.0013653581263497472,0.000998585601337254,0.0998585601337254
8,2127,265,1.4301847219467163,0.002650915179401636,0.001853547408245504,0.1853547408245504
8,2128,266,1.456723928451538,0.0015090465312823653,0.001035918015986681,0.1035918015986681
8,2129,266,1.4036730527877808,0.001010312233120203,0.0007197632221505046,0.07197632221505046
8,2130,266,1.3630869388580322,0.002415229333564639,0.0017718820599839091,0.1771882059983909
8,2131,266,1.4649481773376465,0.002164609031751752,0.0014776011230424047,0.14776011230424047
8,2132,266,1.3281012773513794,0.002627810463309288,0.0019786220509558916,0.19786220509558916
8,2133,266,1.4883452653884888,0.0010058677289634943,0.0006758295348845422,0.06758295348845422
8,2134,266,1.6297235488891602,0.003130558878183365,0.0019209140446037054,0.19209140446037054
8,2135,266,1.6775035858154297,0.003505921922624111,0.0020899639930576086,0.20899639930576086
8,2136,267,1.3960378170013428,0.000564693589694798,0.0004044973466079682,0.04044973466079682
8,2137,267,1.4128880500793457,0.002923973836004734,0.0020695014391094446,0.20695014391094446
8,2138,267,1.4146864414215088,0.0017396530602127314,0.0012297092471271753,0.12297092471271753
8,2139,267,1.4614776372909546,0.0037122624926269054,0.0025400747545063496,0.25400747545063496
8,2140,267,1.3379396200180054,0.002213600790128112,0.0016544847749173641,0.1654484774917364
8,2141,267,1.3375152349472046,0.0020763403736054897,0.0015523863257840276,0.15523863257840276
8,2142,267,1.4317322969436646,0.002613116754218936,0.001825143350288272,0.1825143350288272
8,2143,267,1.131481409072876,0.002711006673052907,0.0023959798272699118,0.23959798272699118
8,2144,268,1.467029094696045,0.0051040914840996265,0.0034792027436196804,0.34792027436196804
8,2145,268,2.6038694381713867,0.005373638588935137,0.002063712803646922,0.2063712803646922
8,2146,268,1.4859474897384644,0.009695088490843773,0.006524516269564629,0.6524516269564629
8,2147,268,1.1177642345428467,0.0033344021067023277,0.0029830995481461287,0.29830995481461287
8,2148,268,1.5740412473678589,0.004586289171129465,0.0029137032106518745,0.29137032106518745
8,2149,268,1.1731220483779907,0.0027554775588214397,0.0023488414008170366,0.23488414008170366
8,2150,268,1.2209603786468506,0.001110997167415917,0.0009099371382035315,0.09099371382035315
8,2151,268,1.911773443222046,0.005514267832040787,0.0028843730688095093,0.2884373068809509
8,2152,269,1.1005460023880005,0.0011221342720091343,0.001019615912809968,0.1019615912809968
8,2153,269,1.4590212106704712,0.002061938401311636,0.001413234043866396,0.1413234043866396
8,2154,269,1.9093010425567627,0.0022922800853848457,0.0012005859753116965,0.12005859753116965
8,2155,269,1.9525649547576904,0.0045233312994241714,0.0023166099563241005,0.23166099563241005
8,2156,269,1.1178101301193237,0.0022897336166352034,0.002048410242423415,0.20484102424234152
8,2157,269,1.594220757484436,0.004248456098139286,0.002664910862222314,0.2664910862222314
8,2158,269,1.9414912462234497,0.003475867910310626,0.0017903082771226764,0.17903082771226764
8,2159,269,1.9001978635787964,0.0009755740757100284,0.0005134065868332982,0.05134065868332982
8,2160,270,2.466834783554077,0.013286009430885315,0.005385852884501219,0.5385852884501219
8,2161,270,1.545867919921875,0.0026575534138828516,0.001719133579172194,0.1719133579172194
8,2162,270,1.3653734922409058,0.002823419403284788,0.002067873254418373,0.2067873254418373
8,2163,270,2.2114882469177246,0.00940709002315998,0.004253737162798643,0.4253737162798643
8,2164,270,1.5606846809387207,0.010254284366965294,0.006570375524461269,0.6570375524461269
8,2165,270,1.5476287603378296,0.002114002127200365,0.0013659620890393853,0.13659620890393853
8,2166,270,1.2093759775161743,0.0062371110543608665,0.005157297011464834,0.5157297011464834
8,2167,270,1.8859167098999023,0.007463675923645496,0.0039575849659740925,0.39575849659740925
8,2168,271,1.1210424900054932,0.001359576010145247,0.0012127782683819532,0.12127782683819532
8,2169,271,1.4003053903579712,0.005055012181401253,0.0036099355202168226,0.36099355202168226
8,2170,271,1.5741844177246094,0.0039519816637039185,0.0025104947853833437,0.25104947853833437
8,2171,271,1.514574408531189,0.003533415263518691,0.002332942560315132,0.23329425603151321
8,2172,271,1.4545491933822632,0.0034945672377943993,0.0024025088641792536,0.24025088641792536
8,2173,271,1.4043151140213013,0.0012011638609692454,0.0008553378283977509,0.08553378283977509
8,2174,271,1.003584861755371,0.0016129304422065616,0.0016071689315140247,0.16071689315140247
8,2175,271,1.7626925706863403,0.005279433913528919,0.0029950961470603943,0.29950961470603943
8,2176,272,1.5044257640838623,0.0007594486232846975,0.0005048096645623446,0.050480966456234455
8,2177,272,1.5306087732315063,0.0015953362453728914,0.0010422887280583382,0.10422887280583382
8,2178,272,1.3688815832138062,0.0008719511679373682,0.0006369806942529976,0.06369806942529976
8,2179,272,1.3653596639633179,0.0032383936922997236,0.0023718245793133974,0.23718245793133974
8,2180,272,1.2668695449829102,0.0037420690059661865,0.002953791990876198,0.2953791990876198
8,2181,272,1.5594656467437744,0.005235356278717518,0.003357147565111518,0.3357147565111518
8,2182,272,1.7773977518081665,0.0036326355766505003,0.0020437943749129772,0.20437943749129772
8,2183,272,1.1307681798934937,0.002605066169053316,0.0023038021754473448,0.23038021754473448
8,2184,273,1.8730440139770508,0.005081080831587315,0.0027127396315336227,0.2712739631533623
8,2185,273,1.678871989250183,0.0016319163842126727,0.000972031441051513,0.0972031441051513
8,2186,273,1.6419416666030884,0.0008261461043730378,0.000503151910379529,0.0503151910379529
8,2187,273,1.4503575563430786,0.002922617131844163,0.0020151010248810053,0.20151010248810053
8,2188,273,1.4056532382965088,0.002741983626037836,0.0019506828393787146,0.19506828393787146
8,2189,273,1.5962375402450562,0.003266104031354189,0.002046126639470458,0.2046126639470458
8,2190,273,1.2785420417785645,0.002015560632571578,0.0015764523996040225,0.15764523996040225
8,2191,273,1.7752060890197754,0.006162664387375116,0.003471520496532321,0.3471520496532321
8,2192,274,1.247323751449585,0.0028558261692523956,0.002289562951773405,0.2289562951773405
8,2193,274,1.3343929052352905,0.006592458579689264,0.0049404180608689785,0.49404180608689785
8,2194,274,1.272943377494812,0.005894078873097897,0.004630275536328554,0.4630275536328554
8,2195,274,1.723312258720398,0.004143518395721912,0.002404391998425126,0.2404391998425126
8,2196,274,1.8554317951202393,0.003236931748688221,0.001744570559822023,0.1744570559822023
8,2197,274,1.5618150234222412,0.009228609502315521,0.005908900406211615,0.5908900406211615
8,2198,274,1.434945821762085,0.007704370189458132,0.0053691016510128975,0.5369101651012897
8,2199,274,1.6074070930480957,0.005478978622704744,0.0034085819497704506,0.34085819497704506
8,2200,275,1.3533340692520142,0.002811158075928688,0.002077209297567606,0.2077209297567606
8,2201,275,1.9081707000732422,0.003265481675043702,0.0017113152425736189,0.1711315242573619
8,2202,275,1.8948163986206055,0.009512574411928654,0.005020314361900091,0.5020314361900091
8,2203,275,1.1349269151687622,0.0026148215401917696,0.0023039558436721563,0.23039558436721563
8,2204,275,1.3936865329742432,0.008960516192018986,0.006429362576454878,0.6429362576454878
8,2205,275,1.2691587209701538,0.009697150439023972,0.007640612777322531,0.7640612777322531
8,2206,275,1.7792962789535522,0.0038180756382644176,0.002145834732800722,0.2145834732800722
8,2207,275,1.5219831466674805,0.003723757341504097,0.0024466481991112232,0.24466481991112232
8,2208,276,1.4303067922592163,0.002363532781600952,0.001652465551160276,0.1652465551160276
8,2209,276,1.111630916595459,0.0006472310633398592,0.0005822355742566288,0.058223557425662875
8,2210,276,1.2982099056243896,0.001771770534105599,0.0013647796586155891,0.13647796586155891
8,2211,276,2.14443302154541,0.0018356972141191363,0.0008560291607864201,0.08560291607864201
8,2212,276,1.3784595727920532,0.002328203059732914,0.0016889889957383275,0.16889889957383275
8,2213,276,1.0234442949295044,0.003868721192702651,0.003780099330469966,0.3780099330469966
8,2214,276,1.9823153018951416,0.002621806226670742,0.0013225979637354612,0.13225979637354612
8,2215,276,1.2492719888687134,0.001140922075137496,0.0009132695849984884,0.09132695849984884
8,2216,277,1.3999038934707642,0.0022457970771938562,0.0016042508650571108,0.16042508650571108
8,2217,277,1.4269353151321411,0.002330432878807187,0.00163317343685776,0.163317343685776
8,2218,277,1.9316980838775635,0.00334978848695755,0.0017341159982606769,0.17341159982606769
8,2219,277,1.1577779054641724,0.004267600364983082,0.0036860266700387,0.36860266700387
8,2220,277,1.7892742156982422,0.0024580995086580515,0.0013737969566136599,0.13737969566136599
8,2221,277,1.301995038986206,0.004634542856365442,0.0035595702938735485,0.35595702938735485
8,2222,277,1.3784210681915283,0.0015923083992674947,0.0011551684001460671,0.11551684001460671
8,2223,277,2.7083725929260254,0.002697409363463521,0.0009959520539268851,0.09959520539268851
8,2224,278,1.3739862442016602,0.003560030600056052,0.0025910234544426203,0.259102345444262
8,2225,278,1.1298770904541016,0.0026050936430692673,0.0023056434001773596,0.23056434001773596
8,2226,278,1.6454558372497559,0.005037023685872555,0.0030611723195761442,0.3061172319576144
8,2227,278,1.934699296951294,0.0035220435820519924,0.0018204604275524616,0.18204604275524616
8,2228,278,2.532400131225586,0.0035608080215752125,0.0014061001129448414,0.14061001129448414
8,2229,278,1.5016883611679077,0.00438151927664876,0.0029177286196500063,0.29177286196500063
8,2230,278,1.7505323886871338,0.002992314752191305,0.0017093741334974766,0.17093741334974766
8,2231,278,1.4792029857635498,0.00474721472710371,0.0032093056943267584,0.32093056943267584
8,2232,279,1.4180043935775757,0.0019976873882114887,0.0014088019961491227,0.14088019961491227
8,2233,279,1.350907802581787,0.0013561458326876163,0.0010038773762062192,0.10038773762062192
8,2234,279,1.2957837581634521,0.0013580910163000226,0.001048084581270814,0.1048084581270814
8,2235,279,1.3041164875030518,0.0022688729222863913,0.0017397778574377298,0.17397778574377298
8,2236,279,1.6289838552474976,0.001681528752669692,0.0010322562884539366,0.10322562884539366
8,2237,279,1.2243365049362183,0.0016539208590984344,0.0013508711708709598,0.13508711708709598
8,2238,279,1.303830623626709,0.0027131906244903803,0.002080937847495079,0.2080937847495079
8,2239,279,1.2917041778564453,0.0028781327418982983,0.0022281671408563852,0.22281671408563852
8,2240,280,2.773946523666382,0.003906655125319958,0.001408338313922286,0.1408338313922286
8,2241,280,1.6439931392669678,0.006540040485560894,0.003978143446147442,0.3978143446147442
8,2242,280,1.4866774082183838,0.007462169975042343,0.005019360687583685,0.5019360687583685
8,2243,280,1.230507493019104,0.005810968112200499,0.0047224159352481365,0.47224159352481365
8,2244,280,1.8777122497558594,0.004455951042473316,0.0023730744142085314,0.23730744142085314
8,2245,280,1.3578150272369385,0.004384717438369989,0.003229245077818632,0.3229245077818632
8,2246,280,1.3046213388442993,0.003138639498502016,0.002405785722658038,0.24057857226580381
8,2247,280,1.5222095251083374,0.004049481824040413,0.0026602656580507755,0.26602656580507755
8,2248,281,1.6033079624176025,0.006712393835186958,0.004186590667814016,0.41865906678140163
8,2249,281,1.7958338260650635,0.0032958309166133404,0.001835264964029193,0.1835264964029193
8,2250,281,1.494942307472229,0.003386544296517968,0.0022653343621641397,0.22653343621641397
8,2251,281,1.8105789422988892,0.0032443786039948463,0.0017919011879712343,0.17919011879712343
8,2252,281,1.359906554222107,0.003166289534419775,0.002328314119949937,0.2328314119949937
8,2253,281,1.4204747676849365,0.0020057884976267815,0.0014120549894869328,0.14120549894869328
8,2254,281,1.678380012512207,0.001749472925439477,0.001042358111590147,0.1042358111590147
8,2255,281,1.366397500038147,0.0030487622134387493,0.0022312409710139036,0.22312409710139036
8,2256,282,1.3010845184326172,0.00022017363517079502,0.00016922315990086645,0.016922315990086645
8,2257,282,1.5583314895629883,0.0022700477857142687,0.0014567169127985835,0.14567169127985835
8,2258,282,2.1563549041748047,0.003343916730955243,0.0015507264761254191,0.15507264761254191
8,2259,282,1.290731430053711,0.0028173653408885,0.0021827665623277426,0.21827665623277426
8,2260,282,1.0339999198913574,0.002645971719175577,0.002558967098593712,0.2558967098593712
8,2261,282,1.4850554466247559,0.005298718810081482,0.0035680276341736317,0.35680276341736317
8,2262,282,1.6519160270690918,0.004990866407752037,0.003021259093657136,0.3021259093657136
8,2263,282,1.3189891576766968,0.0011810939759016037,0.0008954539080150425,0.08954539080150425
8,2264,283,1.2111334800720215,0.003463189350441098,0.0028594613540917635,0.28594613540917635
8,2265,283,1.7573339939117432,0.0046860212460160255,0.002666551386937499,0.2666551386937499
8,2266,283,1.970423698425293,0.003746242728084326,0.0019012371776625514,0.19012371776625514
8,2267,283,2.0122032165527344,0.0028529157862067223,0.0014178069541230798,0.14178069541230798
8,2268,283,1.2785779237747192,0.003769646631553769,0.0029483120888471603,0.29483120888471603
8,2269,283,1.410696029663086,0.0020715477876365185,0.001468457980081439,0.1468457980081439
8,2270,283,1.4576921463012695,0.003743166336789727,0.002567871706560254,0.2567871706560254
8,2271,283,1.6748154163360596,0.002232098486274481,0.0013327429769560695,0.13327429769560695
8,2272,284,1.3138248920440674,0.00419247429817915,0.003191045019775629,0.3191045019775629
8,2273,284,1.2770648002624512,0.0022336049005389214,0.0017490144819021225,0.17490144819021225
8,2274,284,1.4527199268341064,0.0018951041856780648,0.0013045213418081403,0.13045213418081403
8,2275,284,1.2964627742767334,0.00478986743837595,0.003694566199555993,0.3694566199555993
8,2276,284,2.25223970413208,0.006269899196922779,0.0027838507667183876,0.27838507667183876
8,2277,284,2.015826463699341,0.0022822364699095488,0.0011321591446176171,0.11321591446176171
8,2278,284,1.2810943126678467,0.001040969043970108,0.0008125623571686447,0.08125623571686447
8,2279,284,2.017176389694214,0.004271197132766247,0.0021174137946218252,0.21174137946218252
8,2280,285,1.413372278213501,0.0033384268172085285,0.002362029394134879,0.2362029394134879
8,2281,285,1.1879984140396118,0.003261012025177479,0.0027449633926153183,0.27449633926153183
8,2282,285,2.869802713394165,0.006158372852951288,0.0021459220442920923,0.21459220442920923
8,2283,285,1.3066120147705078,0.0011569545604288578,0.0008854614570736885,0.08854614570736885
8,2284,285,1.485948085784912,0.0028453865088522434,0.0019148626597598195,0.19148626597598195
8,2285,285,1.7690186500549316,0.005933742504566908,0.003354256507009268,0.3354256507009268
8,2286,285,1.3229432106018066,0.001963200978934765,0.0014839646173641086,0.14839646173641086
8,2287,285,1.2479861974716187,0.0023020345252007246,0.0018445993773639202,0.18445993773639202
8,2288,286,1.5899169445037842,0.0038406532257795334,0.0024156314320862293,0.24156314320862293
8,2289,286,1.0892857313156128,0.0027359495870769024,0.002511691302061081,0.2511691302061081
8,2290,286,1.6728715896606445,0.00966637209057808,0.0057783108204603195,0.577831082046032
8,2291,286,1.1802564859390259,0.004015631508082151,0.003402337897568941,0.3402337897568941
8,2292,286,1.331752061843872,0.0012126497458666563,0.0009105671779252589,0.09105671779252589
8,2293,286,0.9974507689476013,0.0025642358232289553,0.0025707893073558807,0.2570789307355881
8,2294,286,1.262891173362732,0.0037736971862614155,0.0029881412629038095,0.29881412629038095
8,2295,286,1.5215657949447632,0.006863909773528576,0.004511083010584116,0.4511083010584116
8,2296,287,1.2822099924087524,0.0021585836075246334,0.001683486858382821,0.1683486858382821
8,2297,287,2.3424882888793945,0.00754966028034687,0.003222923493012786,0.3222923493012786
8,2298,287,1.5650770664215088,0.003339288989081979,0.002133626025170088,0.21336260251700878
8,2299,287,1.336402177810669,0.004030077252537012,0.0030156171415001154,0.30156171415001154
8,2300,287,1.7288204431533813,0.007334945257753134,0.004242745693773031,0.4242745693773031
8,2301,287,1.5045585632324219,0.003826550440862775,0.0025433043483644724,0.25433043483644724
8,2302,287,1.219001054763794,0.005700478795915842,0.004676352720707655,0.4676352720707655
8,2303,287,1.3278522491455078,0.0026903613470494747,0.002026099944487214,0.2026099944487214
8,2304,288,1.1391642093658447,0.003973489627242088,0.0034880745224654675,0.34880745224654675
8,2305,288,1.3665181398391724,0.0026976470835506916,0.0019741025753319263,0.19741025753319263
8,2306,288,1.4709876775741577,0.002833227626979351,0.001926071592606604,0.1926071592606604
8,2307,288,1.2556473016738892,0.0019597222562879324,0.0015607266686856747,0.15607266686856747
8,2308,288,1.2504938840866089,0.0016834536800161004,0.0013462310889735818,0.13462310889735818
8,2309,288,1.9071717262268066,0.002248530276119709,0.0011789867421612144,0.11789867421612144
8,2310,288,1.8497669696807861,0.003449076320976019,0.0018646004609763622,0.18646004609763622
8,2311,288,1.246124029159546,0.0022917292080819607,0.0018390859477221966,0.18390859477221966
8,2312,289,1.4525398015975952,0.006235597655177116,0.004292892757803202,0.42928927578032017
8,2313,289,1.3662407398223877,0.001951873768121004,0.0014286455698311329,0.1428645569831133
8,2314,289,1.3145897388458252,0.004807430785149336,0.003656981745734811,0.3656981745734811
8,2315,289,1.5338107347488403,0.0030856712255626917,0.0020117678213864565,0.20117678213864565
8,2316,289,1.4637701511383057,0.004605434834957123,0.0031462828628718853,0.31462828628718853
8,2317,289,1.6021554470062256,0.002593436511233449,0.0016187172150239348,0.16187172150239348
8,2318,289,1.7486109733581543,0.002298123901709914,0.0013142568059265614,0.13142568059265614
8,2319,289,1.37613844871521,0.0035403023939579725,0.0025726354215294123,0.2572635421529412
8,2320,290,1.5164790153503418,0.002609776798635721,0.0017209448851644993,0.17209448851644993
8,2321,290,1.6415133476257324,0.0031805390026420355,0.0019375651609152555,0.19375651609152555
8,2322,290,1.5028069019317627,0.0030919010750949383,0.002057417295873165,0.2057417295873165
8,2323,290,1.9420223236083984,0.002196375746279955,0.0011309734545648098,0.11309734545648098
8,2324,290,1.3205794095993042,0.0022521531209349632,0.001705428003333509,0.1705428003333509
8,2325,290,1.5098156929016113,0.0018423901638016105,0.0012202748330309987,0.12202748330309987
8,2326,290,1.4024196863174438,0.0008781474898569286,0.00062616600189358,0.062616600189358
8,2327,290,1.2191884517669678,0.0024056939873844385,0.0019731929060071707,0.19731929060071707
8,2328,291,1.2649261951446533,0.0022676964290440083,0.0017927499720826745,0.17927499720826745
8,2329,291,1.7326428890228271,0.002609542105346918,0.0015061049489304423,0.15061049489304423
8,2330,291,1.3399096727371216,0.0029895196203142405,0.0022311352659016848,0.22311352659016848
8,2331,291,1.6210325956344604,0.004998195916414261,0.00308334082365036,0.308334082365036
8,2332,291,1.018598198890686,0.002047827932983637,0.0020104374270886183,0.20104374270886183
8,2333,291,1.5832219123840332,0.0027102800086140633,0.0017118762480095029,0.1711876248009503
8,2334,291,1.3046684265136719,0.002135948045179248,0.0016371577512472868,0.16371577512472868
8,2335,291,1.4015733003616333,0.001212810049764812,0.0008653204422444105,0.08653204422444105
8,2336,292,1.8476063013076782,0.0017201884184032679,0.0009310362511314452,0.09310362511314452
8,2337,292,1.1237860918045044,0.002112547168508172,0.0018798480741679668,0.18798480741679668
8,2338,292,1.146877408027649,0.002499449998140335,0.0021793523337692022,0.21793523337692022
8,2339,292,1.638575553894043,0.00029588627512566745,0.0001805752981454134,0.01805752981454134
8,2340,292,1.4456086158752441,0.0014778911136090755,0.001022331416606903,0.10223314166069031
8,2341,292,1.24931001663208,0.001978135434910655,0.0015833823708817363,0.15833823708817363
8,2342,292,1.2661733627319336,0.0006548507953993976,0.0005171888624317944,0.05171888624317944
8,2343,292,1.4088847637176514,0.0016248832689598203,0.0011533116921782494,0.11533116921782494
8,2344,293,1.2516179084777832,0.004790430422872305,0.003827390493825078,0.3827390493825078
8,2345,293,1.495851755142212,0.0032479618676006794,0.002171312691643834,0.2171312691643834
8,2346,293,1.1937633752822876,0.001597875845618546,0.0013385197380557656,0.13385197380557656
8,2347,293,1.258476972579956,0.004277712665498257,0.0033991187810897827,0.33991187810897827
8,2348,293,2.0408222675323486,0.0021047776099294424,0.0010313380043953657,0.10313380043953657
8,2349,293,1.9066591262817383,0.0027192661073058844,0.0014261942123994231,0.1426194212399423
8,2350,293,1.348117709159851,0.0016399748856201768,0.0012164923828095198,0.12164923828095198
8,2351,293,1.6575167179107666,0.0038594736251980066,0.002328467322513461,0.2328467322513461
8,2352,294,1.767022728919983,0.0029026619158685207,0.0016426851507276297,0.16426851507276297
8,2353,294,1.1900575160980225,0.002372191986069083,0.00199334230273962,0.19933423027396202
8,2354,294,1.9421944618225098,0.003087968099862337,0.0015899376012384892,0.15899376012384892
8,2355,294,1.2169263362884521,0.004102836363017559,0.0033714747987687588,0.3371474798768759
8,2356,294,1.2343876361846924,0.004856840241700411,0.003934615291655064,0.39346152916550636
8,2357,294,1.2830321788787842,0.0044470313005149364,0.0034660324454307556,0.34660324454307556
8,2358,294,1.6208614110946655,0.0016372955869883299,0.0010101391235366464,0.10101391235366464
8,2359,294,1.6903456449508667,0.004341830499470234,0.002568605123087764,0.2568605123087764
8,2360,295,1.8104078769683838,0.0034827084746211767,0.0019237148808315396,0.19237148808315396
8,2361,295,1.1539251804351807,0.0013893931172788143,0.0012040581787005067,0.12040581787005067
8,2362,295,1.0852575302124023,0.003630994586274028,0.0033457446843385696,0.33457446843385696
8,2363,295,1.293816328048706,0.0021138074807822704,0.0016337770503014326,0.16337770503014326
8,2364,295,1.3509602546691895,0.002559925429522991,0.0018948932411149144,0.18948932411149144
8,2365,295,1.2715137004852295,0.0060101826675236225,0.004726793617010117,0.47267936170101166
8,2366,295,1.263635277748108,0.0033944251481443644,0.0026862381491810083,0.26862381491810083
8,2367,295,1.6393154859542847,0.005847728345543146,0.0035671768710017204,0.35671768710017204
8,2368,296,1.3671207427978516,0.003661852329969406,0.002678514225408435,0.2678514225408435
8,2369,296,1.6466419696807861,0.004675192758440971,0.0028392283711582422,0.2839228371158242
8,2370,296,1.6202759742736816,0.0009137862361967564,0.0005639694863930345,0.056396948639303446
8,2371,296,1.1277540922164917,0.0016116872429847717,0.001429112278856337,0.1429112278856337
8,2372,296,1.3959071636199951,0.0024100877344608307,0.0017265386413782835,0.17265386413782835
8,2373,296,1.2188177108764648,0.005122109316289425,0.004202522803097963,0.42025228030979633
8,2374,296,1.470274567604065,0.004731289576739073,0.003217963268980384,0.3217963268980384
8,2375,296,1.4861199855804443,0.006227527279406786,0.004190460778772831,0.4190460778772831
8,2376,297,1.4297983646392822,0.004621811676770449,0.0032324919011443853,0.32324919011443853
8,2377,297,1.643073558807373,0.004613122902810574,0.002807617885991931,0.2807617885991931
8,2378,297,1.496917486190796,0.007865640334784985,0.00525455828756094,0.525455828756094
8,2379,297,1.642402172088623,0.002909504808485508,0.0017714934656396508,0.17714934656396508
8,2380,297,1.6037311553955078,0.0028962597716599703,0.0018059508875012398,0.18059508875012398
8,2381,297,1.1333338022232056,0.008452283218502998,0.007457893807440996,0.7457893807440996
8,2382,297,1.8484549522399902,0.006197378970682621,0.003352734725922346,0.3352734725922346
8,2383,297,1.3546134233474731,0.005713042337447405,0.004217470530420542,0.4217470530420542
8,2384,298,1.9610466957092285,0.003382053691893816,0.0017246166244149208,0.17246166244149208
8,2385,298,1.6291033029556274,0.00473553454503417,0.002906834939494729,0.2906834939494729
8,2386,298,1.6116302013397217,0.0019775477703660727,0.0012270481092855334,0.12270481092855334
8,2387,298,1.2373124361038208,0.008015559054911137,0.0064782011322677135,0.6478201132267714
8,2388,298,1.5226917266845703,0.006421689409762621,0.004217327106744051,0.4217327106744051
8,2389,298,1.6680700778961182,0.002901282161474228,0.0017393047455698252,0.17393047455698252
8,2390,298,1.3783308267593384,0.00788662675768137,0.0057218680158257484,0.5721868015825748
8,2391,298,1.7971465587615967,0.0097416453063488,0.00542061822488904,0.542061822488904
8,2392,299,1.1102313995361328,0.003353940090164542,0.0030209377873688936,0.30209377873688936
8,2393,299,1.817746639251709,0.002677505137398839,0.00147298036608845,0.147298036608845
8,2394,299,1.6256370544433594,0.006750932894647121,0.004152792040258646,0.4152792040258646
8,2395,299,1.4913071393966675,0.003535534255206585,0.002370761940255761,0.23707619402557611
8,2396,299,1.4662830829620361,0.0006608511321246624,0.00045069819316267967,0.04506981931626797
8,2397,299,1.0594019889831543,0.004277199041098356,0.0040373713709414005,0.40373713709414005
8,2398,299,1.463284969329834,0.004679516423493624,0.0031979528721421957,0.31979528721421957
8,2399,299,2.000213146209717,0.0031423948239535093,0.0015710300067439675,0.15710300067439675
8,2400,300,1.790609359741211,0.0017133313231170177,0.0009568426175974309,0.0956842617597431
8,2401,300,1.9089486598968506,0.004157688468694687,0.002177999122068286,0.2177999122068286
8,2402,300,1.5634331703186035,0.005309031344950199,0.0033957520499825478,0.3395752049982548
8,2403,300,1.467223882675171,0.0026892838068306446,0.0018329062731936574,0.18329062731936574
8,2404,300,1.1533124446868896,0.0035294804256409407,0.0030602985061705112,0.3060298506170511
8,2405,300,1.875939130783081,0.009684283286333084,0.005162365268915892,0.5162365268915892
8,2406,300,1.9035519361495972,0.005058197770267725,0.0026572418864816427,0.2657241886481643
8,2407,300,1.1621781587600708,0.0011102261487394571,0.0009552977280691266,0.09552977280691266
8,2408,301,1.2886559963226318,0.0035531134344637394,0.002757224254310131,0.2757224254310131
8,2409,301,1.2247190475463867,0.00575427757576108,0.004698446951806545,0.4698446951806545
8,2410,301,1.7511987686157227,0.0058155786246061325,0.003320912830531597,0.3320912830531597
8,2411,301,1.845550537109375,0.0021174417342990637,0.0011473225895315409,0.11473225895315409
8,2412,301,1.3768178224563599,0.008146065287292004,0.005916588939726353,0.5916588939726353
8,2413,301,1.290679931640625,0.0037572633009403944,0.0029110729228705168,0.2911072922870517
8,2414,301,1.0945897102355957,0.0031194365583360195,0.0028498682659119368,0.2849868265911937
8,2415,301,1.5659922361373901,0.0014394534518942237,0.0009191957651637495,0.09191957651637495
8,2416,302,1.3160744905471802,0.006336938589811325,0.004815030377358198,0.4815030377358198
8,2417,302,1.54556143283844,0.004006237722933292,0.0025920921470969915,0.25920921470969915
8,2418,302,1.7244945764541626,0.0011357421753928065,0.0006585942464880645,0.06585942464880645
8,2419,302,1.3954509496688843,0.0035337181761860847,0.002532312646508217,0.2532312646508217
8,2420,302,1.9715129137039185,0.00969634298235178,0.004918224643915892,0.49182246439158916
8,2421,302,1.6095174551010132,0.005561582278460264,0.0034554346930235624,0.34554346930235624
8,2422,302,2.0221495628356934,0.006169303320348263,0.003050863975659013,0.3050863975659013
8,2423,302,1.2212061882019043,0.002881541382521391,0.002359586302191019,0.2359586302191019
8,2424,303,1.3605618476867676,0.0030130804516375065,0.002214585430920124,0.2214585430920124
8,2425,303,1.5984032154083252,0.001714997342787683,0.0010729441419243813,0.10729441419243813
8,2426,303,1.2984708547592163,0.004878086969256401,0.0037567936815321445,0.37567936815321445
8,2427,303,2.1311089992523193,0.012205478735268116,0.0057272897101938725,0.5727289710193872
8,2428,303,1.9249334335327148,0.012551067396998405,0.006520260591059923,0.6520260591059923
8,2429,303,1.3504793643951416,0.002345349872484803,0.0017366795800626278,0.17366795800626278
8,2430,303,1.5513418912887573,0.0058076269924640656,0.003743615234270692,0.3743615234270692
8,2431,303,1.8224836587905884,0.008775129914283752,0.004814929328858852,0.48149293288588524
8,2432,304,1.3506959676742554,0.004718691576272249,0.003493526019155979,0.3493526019155979
8,2433,304,1.0436161756515503,0.0030880083795636892,0.0029589503537863493,0.29589503537863493
8,2434,304,1.370983600616455,0.002980821765959263,0.0021742212120443583,0.21742212120443583
8,2435,304,1.8525149822235107,0.00483510410413146,0.0026100215036422014,0.26100215036422014
8,2436,304,1.5638641119003296,0.0047469488345086575,0.00303539726883173,0.303539726883173
8,2437,304,1.3101749420166016,0.003608210477977991,0.002753991400822997,0.2753991400822997
8,2438,304,1.5263780355453491,0.004461644217371941,0.0029230269137769938,0.2923026913776994
8,2439,304,1.129180669784546,0.0010296797845512629,0.0009118822054006159,0.09118822054006159
8,2440,305,1.6882472038269043,0.0026624579913914204,0.0015770546160638332,0.15770546160638332
8,2441,305,1.6360536813735962,0.000503443880006671,0.00030771843739785254,0.030771843739785254
8,2442,305,1.4283843040466309,0.004380376078188419,0.0030666650272905827,0.30666650272905827
8,2443,305,2.284515380859375,0.004171175882220268,0.0018258471973240376,0.18258471973240376
8,2444,305,1.4169307947158813,0.0021868546027690172,0.001543374266475439,0.1543374266475439
8,2445,305,1.5983073711395264,0.0036441609263420105,0.0022800127044320107,0.22800127044320107
8,2446,305,1.3338390588760376,0.0033050603233277798,0.002477855421602726,0.2477855421602726
8,2447,305,1.4188802242279053,0.001255641458556056,0.0008849523728713393,0.08849523728713393
8,2448,306,1.414162516593933,0.0031237825751304626,0.002208927646279335,0.2208927646279335
8,2449,306,1.4802887439727783,0.0029554457869380713,0.0019965332467108965,0.19965332467108965
8,2450,306,1.6309494972229004,0.0011816234327852726,0.0007245003362186253,0.07245003362186253
8,2451,306,1.3193072080612183,0.004075771197676659,0.003089326899498701,0.3089326899498701
8,2452,306,1.1588020324707031,0.0022690051700919867,0.001958061009645462,0.1958061009645462
8,2453,306,1.4929906129837036,0.002887686947360635,0.0019341628067195415,0.19341628067195415
8,2454,306,1.3009535074234009,0.0017209576908499002,0.0013228433672338724,0.13228433672338724
8,2455,306,1.3706724643707275,0.0014225512277334929,0.0010378491133451462,0.10378491133451462
8,2456,307,1.3683114051818848,0.0031966296955943108,0.0023361858911812305,0.23361858911812305
8,2457,307,1.39493989944458,0.005115008447319269,0.003666830714792013,0.3666830714792013
8,2458,307,1.0761960744857788,0.0003854251408483833,0.00035813654540106654,0.035813654540106654
8,2459,307,1.409164547920227,0.0005611407104879618,0.00039820806705392897,0.0398208067053929
8,2460,307,1.9690436124801636,0.005450346972793341,0.00276801735162735,0.276801735162735
8,2461,307,1.773956298828125,0.002851329278200865,0.0016073278384283185,0.16073278384283185
8,2462,307,1.8128594160079956,0.0014374279417097569,0.0007929064449854195,0.07929064449854195
8,2463,307,1.201391339302063,0.0026558691170066595,0.002210661070421338,0.2210661070421338
8,2464,308,1.1750061511993408,0.002256757579743862,0.0019206346478313208,0.19206346478313208
8,2465,308,1.1461609601974487,0.006304420530796051,0.005500467028468847,0.5500467028468847
8,2466,308,1.4766277074813843,0.008824138902127743,0.005975872278213501,0.5975872278213501
8,2467,308,1.4788388013839722,0.0036934250965714455,0.0024975170381367207,0.24975170381367207
8,2468,308,1.5388875007629395,0.002372880931943655,0.0015419457340613008,0.15419457340613008
8,2469,308,1.4286078214645386,0.0077432687394320965,0.005420150235295296,0.5420150235295296
8,2470,308,1.7056989669799805,0.001825931598432362,0.0010704888263717294,0.10704888263717294
8,2471,308,1.2487279176712036,0.0045342817902565,0.0036311207804828882,0.3631120780482888
8,2472,309,1.673449993133545,0.004622697364538908,0.002762375632300973,0.2762375632300973
8,2473,309,1.4641376733779907,0.002313022967427969,0.001579785137437284,0.1579785137437284
8,2474,309,1.2655246257781982,0.0022503454238176346,0.001778191770426929,0.1778191770426929
8,2475,309,1.3495166301727295,0.00169775087852031,0.0012580436887219548,0.12580436887219548
8,2476,309,2.2512383460998535,0.0042852857150137424,0.001903523807413876,0.1903523807413876
8,2477,309,2.093557357788086,0.0026664254255592823,0.0012736337957903743,0.12736337957903743
8,2478,309,1.3128798007965088,0.002247751457616687,0.0017120770644396544,0.17120770644396544
8,2479,309,1.2320023775100708,0.0008225946221500635,0.0006676891352981329,0.06676891352981329
8,2480,310,1.2253239154815674,0.004872859921306372,0.003976793494075537,0.3976793494075537
8,2481,310,1.8346588611602783,0.01033871527761221,0.005635224748402834,0.5635224748402834
8,2482,310,1.7470662593841553,0.00627442542463541,0.003591406624764204,0.3591406624764204
8,2483,310,1.287247657775879,0.004267883021384478,0.0033155104611068964,0.33155104611068964
8,2484,310,1.2677807807922363,0.00047018748591654,0.00037087444798089564,0.037087444798089564
8,2485,310,1.717602014541626,0.003361085895448923,0.0019568479619920254,0.19568479619920254
8,2486,310,1.3142218589782715,0.0032044488471001387,0.0024382860865443945,0.24382860865443945
8,2487,310,1.585450530052185,0.007477832492440939,0.00471653463318944,0.471653463318944
8,2488,311,1.4453181028366089,0.0023580940905958414,0.0016315398970618844,0.16315398970618844
8,2489,311,1.125583529472351,0.0031682769767940044,0.0028147862758487463,0.28147862758487463
8,2490,311,1.3326770067214966,0.004455541260540485,0.0033433015923947096,0.33433015923947096
8,2491,311,1.4130456447601318,0.006239971611648798,0.004415973089635372,0.4415973089635372
8,2492,311,1.310017704963684,0.004098024684935808,0.0031282207928597927,0.31282207928597927
8,2493,311,1.2129974365234375,0.0024268259294331074,0.0020006850827485323,0.20006850827485323
8,2494,311,1.2042557001113892,0.00468001002445817,0.00388622609898448,0.388622609898448
8,2495,311,1.5636292695999146,0.004041129257529974,0.0025844548363238573,0.25844548363238573
8,2496,312,1.105642557144165,0.0021116971038281918,0.0019099274650216103,0.19099274650216103
8,2497,312,1.5093955993652344,0.002525175688788295,0.0016729714116081595,0.16729714116081595
8,2498,312,1.7607717514038086,0.004333176650106907,0.0024609530810266733,0.24609530810266733
8,2499,312,1.1739438772201538,0.002655304968357086,0.0022618670482188463,0.22618670482188463
8,2500,312,1.9555679559707642,0.011591853573918343,0.005927614867687225,0.5927614867687225
8,2501,312,1.2957080602645874,0.004931227304041386,0.003805816639214754,0.3805816639214754
8,2502,312,1.7499492168426514,0.011812398210167885,0.0067501375451684,0.67501375451684
8,2503,312,1.3818501234054565,0.0030860102269798517,0.002233245177194476,0.2233245177194476
8,2504,313,1.0681251287460327,0.001689418568275869,0.00158166722394526,0.158166722394526
8,2505,313,1.3481106758117676,0.003497934201732278,0.0025946935638785362,0.2594693563878536
8,2506,313,1.703646183013916,0.004027283284813166,0.0023639199789613485,0.23639199789613485
8,2507,313,1.460455060005188,0.004641176201403141,0.0031778973061591387,0.31778973061591387
8,2508,313,1.3479280471801758,0.001989393960684538,0.001475890283472836,0.1475890283472836
8,2509,313,1.1811044216156006,0.0022152899764478207,0.0018756089266389608,0.18756089266389608
8,2510,313,1.2571097612380981,0.002240552334114909,0.001782304490916431,0.1782304490916431
8,2511,313,1.4740945100784302,0.003906851168721914,0.0026503396220505238,0.2650339622050524
8,2512,314,1.9259474277496338,0.0029522543773055077,0.0015328841982409358,0.15328841982409358
8,2513,314,1.074570894241333,0.00271683931350708,0.0025283016730099916,0.25283016730099916
8,2514,314,1.1322413682937622,0.0017649292713031173,0.0015587924281135201,0.15587924281135201
8,2515,314,1.6390817165374756,0.0035612189676612616,0.0021726915147155523,0.21726915147155523
8,2516,314,1.3133465051651,0.000973150716163218,0.0007409702520817518,0.07409702520817518
8,2517,314,1.3413105010986328,0.0029385520610958338,0.002190806670114398,0.2190806670114398
8,2518,314,1.196698784828186,0.003893348155543208,0.003253406845033169,0.3253406845033169
8,2519,314,1.1312229633331299,0.004702174570411444,0.00415671756491065,0.415671756491065
8,2520,315,1.3000627756118774,0.0028339766431599855,0.0021798766683787107,0.21798766683787107
8,2521,315,1.3543050289154053,0.003409852273762226,0.00251778750680387,0.251778750680387
8,2522,315,1.4515901803970337,0.0036941443104296923,0.002544894814491272,0.2544894814491272
8,2523,315,0.9627099633216858,0.0030862416606396437,0.0032057855278253555,0.32057855278253555
8,2524,315,2.3773269653320312,0.004758128896355629,0.0020014618057757616,0.20014618057757616
8,2525,315,1.2874209880828857,0.0036979871802031994,0.0028723992872983217,0.2872399287298322
8,2526,315,1.2996373176574707,0.00218206993304193,0.0016789837973192334,0.16789837973192334
8,2527,315,1.1926621198654175,0.003554317634552717,0.0029801547061651945,0.29801547061651945
8,2528,316,1.2974770069122314,0.002032405696809292,0.0015664290403947234,0.15664290403947234
8,2529,316,1.8122624158859253,0.0042987787164747715,0.002372050890699029,0.2372050890699029
8,2530,316,2.019411325454712,0.007881215773522854,0.00390272936783731,0.390272936783731
8,2531,316,1.5694003105163574,0.0012713538017123938,0.0008100889390334487,0.08100889390334487
8,2532,316,1.806807279586792,0.0018876378890126944,0.001044736709445715,0.1044736709445715
8,2533,316,1.2499605417251587,0.0036495178937911987,0.002919706515967846,0.2919706515967846
8,2534,316,1.3508435487747192,0.0018346895230934024,0.0013581806560978293,0.13581806560978293
8,2535,316,1.471466064453125,0.005892476998269558,0.004004493821412325,0.4004493821412325
8,2536,317,1.1710610389709473,0.0016598497750237584,0.0014173896051943302,0.14173896051943302
8,2537,317,1.0816547870635986,0.0028946648817509413,0.002676144940778613,0.2676144940778613
8,2538,317,1.38036048412323,0.0009490405209362507,0.0006875309045426548,0.06875309045426548
8,2539,317,1.5553162097930908,0.004795703571289778,0.0030834267381578684,0.30834267381578684
8,2540,317,1.6656028032302856,0.002894957084208727,0.0017380836652591825,0.17380836652591825
8,2541,317,1.298064112663269,0.0006340390536934137,0.0004884497029706836,0.04884497029706836
8,2542,317,1.9813721179962158,0.003585115075111389,0.001809410285204649,0.1809410285204649
8,2543,317,1.3863422870635986,0.0014954167418181896,0.0010786778293550014,0.10786778293550014
8,2544,318,1.5603618621826172,0.0008649447117932141,0.0005543231382034719,0.05543231382034719
8,2545,318,1.988912582397461,0.0031833103857934475,0.0016005280194804072,0.16005280194804072
8,2546,318,1.220261573791504,0.0008671108516864479,0.0007105942349880934,0.07105942349880934
8,2547,318,1.6050903797149658,0.004653958138078451,0.0028994991444051266,0.28994991444051266
8,2548,318,1.4263330698013306,0.011901709251105785,0.008344270288944244,0.8344270288944244
8,2549,318,1.1906633377075195,0.005806754343211651,0.004876906983554363,0.4876906983554363
8,2550,318,1.0488133430480957,0.004220979288220406,0.004024528432637453,0.4024528432637453
8,2551,318,1.243241310119629,0.003532368689775467,0.0028412574902176857,0.28412574902176857
8,2552,319,1.415067195892334,0.006655714474618435,0.004703461658209562,0.47034616582095623
8,2553,319,1.8928076028823853,0.004086181055754423,0.002158793620765209,0.21587936207652092
8,2554,319,1.3076043128967285,0.00448169931769371,0.003427412360906601,0.3427412360906601
8,2555,319,1.31791353225708,0.0022775421384721994,0.0017281422624364495,0.17281422624364495
8,2556,319,1.531303882598877,0.0029548711609095335,0.0019296439131721854,0.19296439131721854
8,2557,319,2.110116481781006,0.007741920650005341,0.0036689541302621365,0.36689541302621365
8,2558,319,1.5485690832138062,0.004174675792455673,0.002695827977731824,0.2695827977731824
8,2559,319,1.2021733522415161,0.0032808342948555946,0.00272908597253263,0.272908597253263
16,0,0,9.338029861450195,0.9211435914039612,0.09864431619644165,9.864431619644165
16,1,0,13.998346328735352,1.0326193571090698,0.07376723736524582,7.376723736524582
16,2,0,9.611316680908203,0.5938634872436523,0.06178794428706169,6.178794428706169
16,3,0,16.038616180419922,0.5882771611213684,0.036678798496723175,3.6678798496723175
16,4,0,6.960422992706299,0.8196743726730347,0.11776214838027954,11.776214838027954
16,5,0,11.137849807739258,0.27595123648643494,0.02477598749101162,2.477598749101162
16,6,0,4.598063945770264,0.277179479598999,0.06028177961707115,6.028177961707115
16,7,0,12.331256866455078,0.4016777575016022,0.03257394954562187,3.257394954562187
16,8,0,6.921293258666992,0.4254271686077118,0.06146642565727234,6.146642565727234
16,9,0,5.318904399871826,0.1646973192691803,0.030964519828557968,3.096451982855797
16,10,0,5.331353664398193,0.3109953701496124,0.05833328515291214,5.833328515291214
16,11,0,4.964375972747803,0.15845590829849243,0.03191859647631645,3.191859647631645
16,12,0,5.837262153625488,0.13310277462005615,0.022802261635661125,2.2802261635661125
16,13,0,4.8869194984436035,0.09851814806461334,0.020159559324383736,2.0159559324383736
16,14,0,2.226189374923706,0.061909377574920654,0.027809573337435722,2.7809573337435722
16,15,0,6.089439868927002,0.18733806908130646,0.030764417722821236,3.0764417722821236
16,16,1,5.157301902770996,0.14045508205890656,0.027234217151999474,2.7234217151999474
16,17,1,8.527933120727539,0.2895523011684418,0.03395339846611023,3.395339846611023
16,18,1,5.382154941558838,0.15588781237602234,0.028963828459382057,2.8963828459382057
16,19,1,8.268102645874023,0.22842930257320404,0.02762777730822563,2.762777730822563
16,20,1,6.1502509117126465,0.19905498623847961,0.0323653444647789,3.23653444647789
16,21,1,6.271258354187012,0.15237197279930115,0.024296874180436134,2.4296874180436134
16,22,1,7.604460716247559,0.468511700630188,0.06161011382937431,6.161011382937431
16,23,1,8.594562530517578,0.25368183851242065,0.02951654978096485,2.951654978096485
16,24,1,7.256658554077148,0.3585274815559387,0.049406688660383224,4.9406688660383224
16,25,1,9.086653709411621,0.37114596366882324,0.040845174342393875,4.0845174342393875
16,26,1,7.705672740936279,0.20478470623493195,0.026575837284326553,2.6575837284326553
16,27,1,5.357860088348389,0.22660048305988312,0.04229309409856796,4.229309409856796
16,28,1,5.598142623901367,0.17902196943759918,0.03197881579399109,3.197881579399109
16,29,1,5.978901386260986,0.09389662742614746,0.01570466160774231,1.570466160774231
16,30,1,7.665682792663574,0.24271778762340546,0.03166290372610092,3.166290372610092
16,31,1,6.127286911010742,0.13924482464790344,0.022725364193320274,2.2725364193320274
16,32,2,6.009580612182617,0.2045634537935257,0.03403955698013306,3.4039556980133057
16,33,2,3.6250596046447754,0.13587695360183716,0.03748268261551857,3.748268261551857
16,34,2,6.9828619956970215,0.171468123793602,0.024555565789341927,2.4555565789341927
16,35,2,6.332250595092773,0.11530914902687073,0.018209820613265038,1.8209820613265038
16,36,2,5.609406471252441,0.10474409908056259,0.018672937527298927,1.8672937527298927
16,37,2,7.047003269195557,0.19100792706012726,0.027104845270514488,2.710484527051449
16,38,2,1.1993974447250366,0.009366500191390514,0.0078093381598591805,0.780933815985918
16,39,2,5.32238245010376,0.10902649164199829,0.020484527572989464,2.0484527572989464
16,40,2,3.650266408920288,0.0727330893278122,0.019925419241189957,1.9925419241189957
16,41,2,3.0808796882629395,0.03482136130332947,0.011302408762276173,1.1302408762276173
16,42,2,5.642531871795654,0.128322571516037,0.022742019966244698,2.2742019966244698
16,43,2,4.737961292266846,0.0749356597661972,0.015816014260053635,1.5816014260053635
16,44,2,1.6822372674942017,0.021858133375644684,0.01299349032342434,1.299349032342434
16,45,2,6.434284687042236,0.09411010891199112,0.014626351185142994,1.4626351185142994
16,46,2,7.459833145141602,0.17958956956863403,0.024074207991361618,2.407420799136162
16,47,2,7.310298442840576,0.220479816198349,0.030160166323184967,3.0160166323184967
16,48,3,3.30549955368042,0.11486801505088806,0.03475057706236839,3.4750577062368393
16,49,3,5.439220428466797,0.08943948149681091,0.016443436965346336,1.6443436965346336
16,50,3,4.1739702224731445,0.1426326036453247,0.034171927720308304,3.4171927720308304
16,51,3,5.385646820068359,0.12904495000839233,0.02396090142428875,2.396090142428875
16,52,3,7.933894157409668,0.2567277252674103,0.03235834836959839,3.235834836959839
16,53,3,5.595919609069824,0.15895673632621765,0.028405828401446342,2.8405828401446342
16,54,3,6.16359806060791,0.16786208748817444,0.027234431356191635,2.7234431356191635
16,55,3,9.166342735290527,0.16383323073387146,0.01787334680557251,1.787334680557251
16,56,3,12.113619804382324,0.16651147603988647,0.013745807111263275,1.3745807111263275
16,57,3,5.186613082885742,0.2414943128824234,0.04656108096241951,4.656108096241951
16,58,3,4.918944358825684,0.190211683511734,0.03866920992732048,3.866920992732048
16,59,3,1.9519882202148438,0.028963971883058548,0.01483818981796503,1.483818981796503
16,60,3,4.527887344360352,0.2092265635728836,0.04620843008160591,4.620843008160591
16,61,3,3.8353748321533203,0.08330219984054565,0.021719440817832947,2.1719440817832947
16,62,3,4.221983909606934,0.07285495102405548,0.01725609414279461,1.725609414279461
16,63,3,6.075291156768799,0.17846444249153137,0.029375454410910606,2.9375454410910606
16,64,4,4.1779279708862305,0.08518040180206299,0.020388193428516388,2.038819342851639
16,65,4,3.526822090148926,0.03346274793148041,0.009488074108958244,0.9488074108958244
16,66,4,9.357808113098145,0.1620018482208252,0.01731194369494915,1.731194369494915
16,67,4,1.8131283521652222,0.03564423322677612,0.019658967852592468,1.9658967852592468
16,68,4,5.394227504730225,0.10944420099258423,0.020289134234189987,2.0289134234189987
16,69,4,2.2619545459747314,0.018801230937242508,0.008311940357089043,0.8311940357089043
16,70,4,3.7589447498321533,0.051936134696006775,0.013816679827868938,1.3816679827868938
16,71,4,3.3612570762634277,0.036723408848047256,0.01092549879103899,1.092549879103899
16,72,4,2.1878082752227783,0.04210624098777771,0.019245855510234833,1.9245855510234833
16,73,4,1.7738772630691528,0.01818906143307686,0.010253844782710075,1.0253844782710075
16,74,4,6.348365783691406,0.16325800120830536,0.025716539472341537,2.5716539472341537
16,75,4,3.8997578620910645,0.08458670973777771,0.0216902457177639,2.16902457177639
16,76,4,4.5098395347595215,0.08874855935573578,0.01967887207865715,1.967887207865715
16,77,4,3.2069897651672363,0.06132713705301285,0.019122960045933723,1.9122960045933723
16,78,4,6.081233978271484,0.05732818320393562,0.009427064098417759,0.9427064098417759
16,79,4,2.6767187118530273,0.027719086036086082,0.010355621576309204,1.0355621576309204
16,80,5,2.9458048343658447,0.03690311685204506,0.01252734661102295,1.252734661102295
16,81,5,2.2366929054260254,0.0372433140873909,0.016651062294840813,1.6651062294840813
16,82,5,3.3982903957366943,0.07831244170665741,0.023044658824801445,2.3044658824801445
16,83,5,4.927090167999268,0.07728040218353271,0.01568479649722576,1.5684796497225761
16,84,5,3.1728618144989014,0.040972817689180374,0.012913521379232407,1.2913521379232407
16,85,5,1.5851774215698242,0.03046398051083088,0.019218025729060173,1.9218025729060173
16,86,5,1.9261727333068848,0.022221339866518974,0.011536524631083012,1.1536524631083012
16,87,5,4.648372650146484,0.07201018929481506,0.015491483733057976,1.5491483733057976
16,88,5,2.9250855445861816,0.08026386797428131,0.027439836412668228,2.743983641266823
16,89,5,2.23274827003479,0.021190643310546875,0.00949083361774683,0.949083361774683
16,90,5,3.904513359069824,0.0723876804113388,0.018539488315582275,1.8539488315582275
16,91,5,6.983283042907715,0.13846568763256073,0.01982816495001316,1.982816495001316
16,92,5,2.3980021476745605,0.042665958404541016,0.017792293801903725,1.7792293801903725
16,93,5,9.246622085571289,0.1452505886554718,0.015708502382040024,1.5708502382040024
16,94,5,3.835843801498413,0.04080401360988617,0.010637558996677399,1.0637558996677399
16,95,5,3.3429062366485596,0.0428847074508667,0.012828569859266281,1.2828569859266281
16,96,6,8.601628303527832,0.25328266620635986,0.029445897787809372,2.944589778780937
16,97,6,4.2923994064331055,0.05511527135968208,0.012840201146900654,1.2840201146900654
16,98,6,2.5521585941314697,0.05257381498813629,0.020599745213985443,2.0599745213985443
16,99,6,4.4549689292907715,0.023935796692967415,0.005372831132262945,0.5372831132262945
16,100,6,1.4421327114105225,0.012039229273796082,0.008348211646080017,0.8348211646080017
16,101,6,2.204267978668213,0.012131424620747566,0.005503606982529163,0.5503606982529163
16,102,6,6.53467321395874,0.1154317557811737,0.017664503306150436,1.7664503306150436
16,103,6,2.2066972255706787,0.0361652635037899,0.016388865187764168,1.6388865187764168
16,104,6,8.550309181213379,0.15633894503116608,0.018284594640135765,1.8284594640135765
16,105,6,1.5476608276367188,0.013250713236629963,0.00856176856905222,0.8561768569052219
16,106,6,3.335693597793579,0.09351599961519241,0.02803494967520237,2.803494967520237
16,107,6,3.4473204612731934,0.04908355697989464,0.014238176867365837,1.4238176867365837
16,108,6,1.6562048196792603,0.056684672832489014,0.034225642681121826,3.4225642681121826
16,109,6,1.6504110097885132,0.04107235372066498,0.02488613687455654,2.488613687455654
16,110,6,1.9756569862365723,0.030473284423351288,0.015424380078911781,1.5424380078911781
16,111,6,2.9075286388397217,0.05430092662572861,0.018675973638892174,1.8675973638892174
16,112,7,4.337009429931641,0.05259057506918907,0.012125999666750431,1.212599966675043
16,113,7,7.678938865661621,0.10140044242143631,0.013205006718635559,1.320500671863556
16,114,7,2.6910476684570312,0.03784086927771568,0.0140617610886693,1.40617610886693
16,115,7,2.840686082839966,0.04935969412326813,0.017375975847244263,1.7375975847244263
16,116,7,4.632258415222168,0.09163445234298706,0.01978180930018425,1.978180930018425
16,117,7,8.07716178894043,0.13465704023838043,0.016671331599354744,1.6671331599354744
16,118,7,2.2431275844573975,0.0516279935836792,0.023016074672341347,2.3016074672341347
16,119,7,1.2575851678848267,0.014281629584729671,0.011356391943991184,1.1356391943991184
16,120,7,4.981096267700195,0.06198181211948395,0.01244340743869543,1.244340743869543
16,121,7,2.7943825721740723,0.09341444075107574,0.03342936560511589,3.342936560511589
16,122,7,2.5650582313537598,0.04066944122314453,0.015855172649025917,1.5855172649025917
16,123,7,2.211517333984375,0.029895687475800514,0.013518178835511208,1.3518178835511208
16,124,7,2.2297558784484863,0.046161897480487823,0.020702669396996498,2.07026693969965
16,125,7,6.982727527618408,0.08105304092168808,0.011607647873461246,1.1607647873461246
16,126,7,1.6897659301757812,0.05045966058969498,0.029861923307180405,2.9861923307180405
16,127,7,2.344836473464966,0.07120942324399948,0.030368609353899956,3.0368609353899956
16,128,8,5.335702896118164,0.08830615133047104,0.016550051048398018,1.6550051048398018
16,129,8,2.518742799758911,0.03017982840538025,0.011982100084424019,1.1982100084424019
16,130,8,4.593006610870361,0.047983985394239426,0.01044718362390995,1.044718362390995
16,131,8,1.5884597301483154,0.012009266763925552,0.007560321595519781,0.7560321595519781
16,132,8,4.663761615753174,0.08454439789056778,0.018127942457795143,1.8127942457795143
16,133,8,1.370030164718628,0.016389211639761925,0.011962665244936943,1.1962665244936943
16,134,8,4.846296787261963,0.033743564039468765,0.0069627524353563786,0.6962752435356379
16,135,8,2.7783331871032715,0.012516043148934841,0.004504874814301729,0.4504874814301729
16,136,8,3.530771493911743,0.028499674052000046,0.008071797899901867,0.8071797899901867
16,137,8,2.462526559829712,0.03811763972043991,0.015479077585041523,1.5479077585041523
16,138,8,2.200263261795044,0.04018004983663559,0.01826147362589836,1.8261473625898361
16,139,8,2.181952953338623,0.036161813884973526,0.016573140397667885,1.6573140397667885
16,140,8,3.3129284381866455,0.04855939373373985,0.01465754397213459,1.465754397213459
16,141,8,3.5627822875976562,0.04431278258562088,0.012437690049409866,1.2437690049409866
16,142,8,1.3115692138671875,0.014763356186449528,0.011256254278123379,1.1256254278123379
16,143,8,4.768374443054199,0.0476311556994915,0.009988971054553986,0.9988971054553986
16,144,9,2.2387051582336426,0.036030225455760956,0.016094224527478218,1.6094224527478218
16,145,9,3.7253265380859375,0.027070796117186546,0.007266690954566002,0.7266690954566002
16,146,9,2.0254130363464355,0.06909070909023285,0.034111909568309784,3.4111909568309784
16,147,9,4.352136135101318,0.026636047288775444,0.006120224017649889,0.6120224017649889
16,148,9,1.5264463424682617,0.03630971536040306,0.023787088692188263,2.3787088692188263
16,149,9,2.312788963317871,0.02206936851143837,0.009542318060994148,0.9542318060994148
16,150,9,2.229998826980591,0.03463604673743248,0.015531867742538452,1.5531867742538452
16,151,9,2.938809871673584,0.027081213891506195,0.009215027093887329,0.9215027093887329
16,152,9,2.5247902870178223,0.05050710216164589,0.020004473626613617,2.0004473626613617
16,153,9,2.28955340385437,0.03477858006954193,0.015190115198493004,1.5190115198493004
16,154,9,2.851402521133423,0.05962277948856354,0.020909983664751053,2.0909983664751053
16,155,9,2.567732810974121,0.01832328550517559,0.0071359784342348576,0.7135978434234858
16,156,9,1.5017385482788086,0.02017493173480034,0.013434384018182755,1.3434384018182755
16,157,9,3.14007568359375,0.01725439913570881,0.005494899116456509,0.5494899116456509
16,158,9,1.7959100008010864,0.038367170840501785,0.02136363834142685,2.136363834142685
16,159,9,2.09256911277771,0.035274211317300797,0.01685689203441143,1.685689203441143
16,160,10,2.425384044647217,0.020689958706498146,0.008530590683221817,0.8530590683221817
16,161,10,1.5557138919830322,0.05665742978453636,0.03641892597079277,3.641892597079277
16,162,10,4.545371055603027,0.09263268858194351,0.02037956565618515,2.037956565618515
16,163,10,1.4859191179275513,0.0059343441389501095,0.0039937193505465984,0.39937193505465984
16,164,10,1.1607160568237305,0.036325618624687195,0.03129586949944496,3.129586949944496
16,165,10,2.1194634437561035,0.030799321830272675,0.01453165989369154,1.453165989369154
16,166,10,1.4674937725067139,0.011320346035063267,0.0077140675857663155,0.7714067585766315
16,167,10,2.504163980484009,0.036402445286512375,0.014536765404045582,1.4536765404045582
16,168,10,1.919708013534546,0.039555538445711136,0.020604977384209633,2.0604977384209633
16,169,10,5.633120536804199,0.056022390723228455,0.009945178404450417,0.9945178404450417
16,170,10,1.939028024673462,0.03616084158420563,0.01864895224571228,1.864895224571228
16,171,10,3.116023302078247,0.02336101233959198,0.0074970596469938755,0.7497059646993876
16,172,10,3.095327615737915,0.011100711300969124,0.0035862799268215895,0.35862799268215895
16,173,10,1.349510669708252,0.043654538691043854,0.03234842047095299,3.2348420470952988
16,174,10,1.608818769454956,0.044381916522979736,0.027586648240685463,2.7586648240685463
16,175,10,1.5102829933166504,0.016400111839175224,0.010858966037631035,1.0858966037631035
16,176,11,2.664214849472046,0.06344423443078995,0.023813482373952866,2.3813482373952866
16,177,11,4.476478099822998,0.07340092957019806,0.016397027298808098,1.6397027298808098
16,178,11,2.265101432800293,0.04453697055578232,0.019662240520119667,1.9662240520119667
16,179,11,4.3471221923828125,0.05655853822827339,0.013010569848120213,1.3010569848120213
16,180,11,2.657768964767456,0.023401373997330666,0.008804894052445889,0.8804894052445889
16,181,11,5.419502258300781,0.02870098687708378,0.005295871291309595,0.5295871291309595
16,182,11,2.5814602375030518,0.016782071441411972,0.006500999443233013,0.6500999443233013
16,183,11,1.8186603784561157,0.038292571902275085,0.021055372431874275,2.1055372431874275
16,184,11,2.835520029067993,0.06667757779359818,0.023515114560723305,2.3515114560723305
16,185,11,1.6530463695526123,0.044667840003967285,0.027021529152989388,2.7021529152989388
16,186,11,1.2654871940612793,0.05446802079677582,0.04304114729166031,4.304114729166031
16,187,11,2.4417030811309814,0.037114184349775314,0.015200122259557247,1.5200122259557247
16,188,11,1.7390106916427612,0.03728919476270676,0.02144276350736618,2.144276350736618
16,189,11,1.1704387664794922,0.032624755054712296,0.02787395380437374,2.787395380437374
16,190,11,5.904475212097168,0.07165002822875977,0.01213486772030592,1.213486772030592
16,191,11,4.041926860809326,0.025304941460490227,0.0062606134451925755,0.6260613445192575
16,192,12,2.2914879322052,0.014801573939621449,0.006459372583776712,0.6459372583776712
16,193,12,1.4129654169082642,0.019414741545915604,0.013740422204136848,1.3740422204136848
16,194,12,2.799497365951538,0.0229700468480587,0.008205060847103596,0.8205060847103596
16,195,12,1.7616443634033203,0.03641590103507042,0.0206715390086174,2.06715390086174
16,196,12,2.2539970874786377,0.016761796548962593,0.007436476647853851,0.7436476647853851
16,197,12,3.7353193759918213,0.04062752053141594,0.010876585729420185,1.0876585729420185
16,198,12,4.904851913452148,0.04437115788459778,0.009046380408108234,0.9046380408108234
16,199,12,1.933781623840332,0.03371509164571762,0.017434798181056976,1.7434798181056976
16,200,12,3.204287052154541,0.06901296973228455,0.021537698805332184,2.1537698805332184
16,201,12,1.719590663909912,0.010923517867922783,0.006352394353598356,0.6352394353598356
16,202,12,4.146006107330322,0.028854116797447205,0.00695949699729681,0.695949699729681
16,203,12,2.5553717613220215,0.06179426610469818,0.02418210357427597,2.418210357427597
16,204,12,1.8355916738510132,0.0355662927031517,0.01937592774629593,1.937592774629593
16,205,12,2.001004695892334,0.019289962947368622,0.00964013859629631,0.964013859629631
16,206,12,1.3640475273132324,0.024752503260970116,0.018146364018321037,1.8146364018321037
16,207,12,1.160101056098938,0.015479935333132744,0.013343608938157558,1.3343608938157558
16,208,13,1.5820883512496948,0.02302727848291397,0.014554988592863083,1.4554988592863083
16,209,13,1.5044095516204834,0.030588969588279724,0.020332874730229378,2.0332874730229378
16,210,13,2.0650885105133057,0.020050596445798874,0.009709315374493599,0.9709315374493599
16,211,13,8.319393157958984,0.06203119456768036,0.007456216495484114,0.7456216495484114
16,212,13,2.047565460205078,0.021099435165524483,0.010304644703865051,1.0304644703865051
16,213,13,1.5879244804382324,0.013532417826354504,0.008522079326212406,0.8522079326212406
16,214,13,1.268226146697998,0.019469616934657097,0.015351849608123302,1.5351849608123302
16,215,13,3.096269130706787,0.0435023158788681,0.014049914665520191,1.4049914665520191
16,216,13,0.9826974868774414,0.023396920412778854,0.023808874189853668,2.380887418985367
16,217,13,3.1176722049713135,0.03350469470024109,0.010746702551841736,1.0746702551841736
16,218,13,1.1341642141342163,0.024461649358272552,0.021567996591329575,2.1567996591329575
16,219,13,6.026210784912109,0.030489597469568253,0.005059497430920601,0.5059497430920601
16,220,13,3.4081850051879883,0.028108322992920876,0.008247300051152706,0.8247300051152706
16,221,13,3.115673542022705,0.02380436845123768,0.007640199735760689,0.7640199735760689
16,222,13,2.0888752937316895,0.02999248541891575,0.014358198270201683,1.4358198270201683
16,223,13,2.1303555965423584,0.048006169497966766,0.02253434620797634,2.253434620797634
16,224,14,2.377234935760498,0.009185406379401684,0.003863903461024165,0.3863903461024165
16,225,14,2.6082677841186523,0.08155683428049088,0.03126858174800873,3.126858174800873
16,226,14,2.6444482803344727,0.0224625151604414,0.00849421601742506,0.849421601742506
16,227,14,2.7010645866394043,0.05968999117612839,0.022098690271377563,2.2098690271377563
16,228,14,2.866764545440674,0.04171665385365486,0.01455182395875454,1.455182395875454
16,229,14,2.682802677154541,0.07938559353351593,0.0295905452221632,2.95905452221632
16,230,14,1.7411773204803467,0.03452874720096588,0.01983068883419037,1.9830688834190369
16,231,14,2.0487165451049805,0.034117620438337326,0.016653167083859444,1.6653167083859444
16,232,14,1.9425232410430908,0.03507161885499954,0.018054671585559845,1.8054671585559845
16,233,14,2.534883499145508,0.039778031408786774,0.015692252665758133,1.5692252665758133
16,234,14,2.7212421894073486,0.04899567365646362,0.018004892393946648,1.8004892393946648
16,235,14,2.2600181102752686,0.028708674013614655,0.012702851556241512,1.2702851556241512
16,236,14,4.282410621643066,0.023088626563549042,0.005391502287238836,0.5391502287238836
16,237,14,1.5218636989593506,0.030604802072048187,0.020110080018639565,2.0110080018639565
16,238,14,2.896611452102661,0.014898937195539474,0.0051435744389891624,0.5143574438989162
16,239,14,1.8606277704238892,0.012168154120445251,0.006539810914546251,0.6539810914546251
16,240,15,4.299286842346191,0.038071781396865845,0.008855371735990047,0.8855371735990047
16,241,15,2.072403907775879,0.01848216913640499,0.00891822762787342,0.8918227627873421
16,242,15,3.5279088020324707,0.10433994978666306,0.02957558073103428,2.957558073103428
16,243,15,1.750733494758606,0.03615107387304306,0.020649101585149765,2.0649101585149765
16,244,15,2.6840951442718506,0.02354099415242672,0.008770551532506943,0.8770551532506943
16,245,15,1.5548789501190186,0.030801991000771523,0.019809896126389503,1.9809896126389503
16,246,15,1.6427278518676758,0.015471224673092365,0.009418007917702198,0.9418007917702198
16,247,15,1.6434496641159058,0.021598337218165398,0.013142074458301067,1.3142074458301067
16,248,15,2.449125289916992,0.017235204577445984,0.007037289906293154,0.7037289906293154
16,249,15,2.160248041152954,0.0664663091301918,0.030767906457185745,3.0767906457185745
16,250,15,3.4368093013763428,0.024161534383893013,0.007030222564935684,0.7030222564935684
16,251,15,1.6444939374923706,0.03153090178966522,0.019173620268702507,1.9173620268702507
16,252,15,2.947047233581543,0.049240805208683014,0.01670852303504944,1.6708523035049438
16,253,15,2.0882649421691895,0.056858766824007034,0.02722775563597679,2.722775563597679
16,254,15,3.4652371406555176,0.02629604935646057,0.007588528096675873,0.7588528096675873
16,255,15,2.0563344955444336,0.02085900865495205,0.010143782012164593,1.0143782012164593
16,256,16,1.1224467754364014,0.026773979887366295,0.023853229358792305,2.3853229358792305
16,257,16,3.4275946617126465,0.03395497053861618,0.009906355291604996,0.9906355291604996
16,258,16,1.904024600982666,0.008496379479765892,0.0044623264111578465,0.44623264111578465
16,259,16,5.019245624542236,0.027240784838795662,0.00542726693674922,0.542726693674922
16,260,16,1.6878929138183594,0.027507001534104347,0.01629665121436119,1.629665121436119
16,261,16,4.219830513000488,0.040481455624103546,0.009593146853148937,0.9593146853148937
16,262,16,1.0737245082855225,0.013101043179631233,0.012201493605971336,1.2201493605971336
16,263,16,1.0893782377243042,0.011902298778295517,0.010925772599875927,1.0925772599875927
16,264,16,2.7975950241088867,0.04154758155345917,0.014851178042590618,1.4851178042590618
16,265,16,3.2261335849761963,0.0328863188624382,0.010193725116550922,1.0193725116550922
16,266,16,4.023613452911377,0.032385703176259995,0.008048909716308117,0.8048909716308117
16,267,16,3.5786049365997314,0.01772555150091648,0.0049532013945281506,0.49532013945281506
16,268,16,2.4192590713500977,0.035387344658374786,0.014627347700297832,1.4627347700297832
16,269,16,1.8267909288406372,0.027783425524830818,0.01520887017250061,1.520887017250061
16,270,16,6.013251304626465,0.05150286853313446,0.008564895018935204,0.8564895018935204
16,271,16,1.692253828048706,0.03321065753698349,0.01962510496377945,1.962510496377945
16,272,17,1.6941230297088623,0.021694732829928398,0.012805878184735775,1.2805878184735775
16,273,17,3.551312208175659,0.015626730397343636,0.004400269594043493,0.4400269594043493
16,274,17,1.410938024520874,0.01108220312744379,0.007854493334889412,0.7854493334889412
16,275,17,2.0535292625427246,0.01931922696530819,0.00940781645476818,0.9407816454768181
16,276,17,1.7775217294692993,0.017312798649072647,0.009739851579070091,0.9739851579070091
16,277,17,3.2036287784576416,0.018525518476963043,0.005782667081803083,0.5782667081803083
16,278,17,2.956944704055786,0.020533861592411995,0.006944283377379179,0.6944283377379179
16,279,17,1.8969099521636963,0.020769963040947914,0.010949366725981236,1.0949366725981236
16,280,17,2.0825071334838867,0.02112206630408764,0.010142614133656025,1.0142614133656025
16,281,17,2.64369797706604,0.029020698741078377,0.010977312922477722,1.0977312922477722
16,282,17,3.7389965057373047,0.02673228830099106,0.007149588782340288,0.7149588782340288
16,283,17,1.9127929210662842,0.023158608004450798,0.01210722140967846,1.210722140967846
16,284,17,3.783165216445923,0.032779090106487274,0.00866446178406477,0.866446178406477
16,285,17,3.194901466369629,0.023972053080797195,0.0075032212771475315,0.7503221277147532
16,286,17,6.110691070556641,0.04835623502731323,0.007913382723927498,0.7913382723927498
16,287,17,1.745774507522583,0.02853589504957199,0.016345692798495293,1.6345692798495293
16,288,18,2.7140300273895264,0.034162845462560654,0.012587497010827065,1.2587497010827065
16,289,18,1.8699079751968384,0.022127244621515274,0.011833333410322666,1.1833333410322666
16,290,18,3.5679335594177246,0.025417570024728775,0.007123891264200211,0.7123891264200211
16,291,18,4.997854709625244,0.046789053827524185,0.009361827746033669,0.9361827746033669
16,292,18,2.3647232055664062,0.023426171392202377,0.009906517341732979,0.9906517341732979
16,293,18,1.2051725387573242,0.00803161971271038,0.0066642905585467815,0.6664290558546782
16,294,18,4.9925312995910645,0.02253786101937294,0.004514315631240606,0.45143156312406063
16,295,18,4.2529096603393555,0.03441875800490379,0.008092991076409817,0.8092991076409817
16,296,18,2.4530858993530273,0.04575183242559433,0.018650725483894348,1.8650725483894348
16,297,18,2.3161330223083496,0.022615546360611916,0.009764355607330799,0.9764355607330799
16,298,18,1.9619240760803223,0.012335813604295254,0.006287610158324242,0.6287610158324242
16,299,18,1.9455485343933105,0.011479847133159637,0.005900571122765541,0.5900571122765541
16,300,18,2.5309019088745117,0.019840508699417114,0.007839303463697433,0.7839303463697433
16,301,18,1.7341582775115967,0.014107493683695793,0.00813506729900837,0.813506729900837
16,302,18,1.536329984664917,0.027851171791553497,0.018128378316760063,1.8128378316760063
16,303,18,4.432171821594238,0.032614726573228836,0.007358632981777191,0.7358632981777191
16,304,19,1.2922170162200928,0.009746107272803783,0.007542159873992205,0.7542159873992205
16,305,19,4.139852523803711,0.0280678179115057,0.006779907736927271,0.6779907736927271
16,306,19,3.1414365768432617,0.019990894943475723,0.006363615859299898,0.6363615859299898
16,307,19,1.9413350820541382,0.02239282801747322,0.011534756980836391,1.1534756980836391
16,308,19,4.378948211669922,0.029135946184396744,0.006653640419244766,0.6653640419244766
16,309,19,3.8536365032196045,0.021865762770175934,0.0056740595027804375,0.5674059502780437
16,310,19,2.099639415740967,0.022019118070602417,0.010487095452845097,1.0487095452845097
16,311,19,1.3653591871261597,0.01611841842532158,0.011805258691310883,1.1805258691310883
16,312,19,1.9233119487762451,0.03124079294502735,0.01624322682619095,1.6243226826190948
16,313,19,2.381983995437622,0.019927244633436203,0.008365818299353123,0.8365818299353123
16,314,19,2.842787981033325,0.021610304713249207,0.007601799443364143,0.7601799443364143
16,315,19,1.6156753301620483,0.010991303250193596,0.006802915595471859,0.6802915595471859
16,316,19,2.621473789215088,0.02217591181397438,0.008459329605102539,0.8459329605102539
16,317,19,2.5043771266937256,0.02044420689344406,0.008163389749825,0.8163389749825001
16,318,19,2.254889726638794,0.008277511224150658,0.0036709161940962076,0.36709161940962076
16,319,19,4.09388542175293,0.043508484959602356,0.010627674870193005,1.0627674870193005
16,320,20,2.375072956085205,0.028641032055020332,0.012059011496603489,1.205901149660349
16,321,20,3.9510605335235596,0.06079666689038277,0.015387429855763912,1.5387429855763912
16,322,20,3.7587828636169434,0.06998804956674576,0.018619870766997337,1.8619870766997337
16,323,20,1.8860602378845215,0.01902315579354763,0.010086187161505222,1.0086187161505222
16,324,20,4.712267875671387,0.07493744790554047,0.015902629122138023,1.5902629122138023
16,325,20,2.6469130516052246,0.03389257192611694,0.012804565951228142,1.2804565951228142
16,326,20,2.5837671756744385,0.03446093201637268,0.013337476179003716,1.3337476179003716
16,327,20,2.340371608734131,0.02766288071870804,0.011819866485893726,1.1819866485893726
16,328,20,3.4180502891540527,0.03483760356903076,0.010192244313657284,1.0192244313657284
16,329,20,2.205815315246582,0.02535819076001644,0.011496062390506268,1.1496062390506268
16,330,20,3.29052734375,0.0364207923412323,0.011068375781178474,1.1068375781178474
16,331,20,2.665982961654663,0.025069059804081917,0.009403307922184467,0.9403307922184467
16,332,20,3.4629709720611572,0.015003794804215431,0.00433263648301363,0.433263648301363
16,333,20,2.3452162742614746,0.028940999880433083,0.012340439483523369,1.2340439483523369
16,334,20,1.7396831512451172,0.0061238291673362255,0.003520083148032427,0.3520083148032427
16,335,20,2.148761034011841,0.02670534886419773,0.012428254820406437,1.2428254820406437
16,336,21,2.732137680053711,0.033130329102277756,0.012126156128942966,1.2126156128942966
16,337,21,1.86652410030365,0.03615107759833336,0.0193681288510561,1.93681288510561
16,338,21,3.3115251064300537,0.0353282131254673,0.010668260976672173,1.0668260976672173
16,339,21,1.993192195892334,0.014425819739699364,0.007237545680254698,0.7237545680254698
16,340,21,2.3791236877441406,0.01677716337144375,0.00705182459205389,0.705182459205389
16,341,21,2.382741928100586,0.010435234755277634,0.004379506688565016,0.4379506688565016
16,342,21,1.9531561136245728,0.0181608684360981,0.009298216551542282,0.9298216551542282
16,343,21,2.917471408843994,0.015015748329460621,0.005146836396306753,0.5146836396306753
16,344,21,2.6620447635650635,0.02684657834470272,0.010084946639835835,1.0084946639835835
16,345,21,2.6573755741119385,0.04437606781721115,0.016699207946658134,1.6699207946658134
16,346,21,3.5811285972595215,0.02581363171339035,0.007208239287137985,0.7208239287137985
16,347,21,1.9555710554122925,0.026329346001148224,0.013463763520121574,1.3463763520121574
16,348,21,1.2180402278900146,0.012232364155352116,0.010042659938335419,1.0042659938335419
16,349,21,2.3935461044311523,0.022296512499451637,0.009315263479948044,0.9315263479948044
16,350,21,4.796228408813477,0.054023995995521545,0.011263850145041943,1.1263850145041943
16,351,21,2.865662097930908,0.019441435113549232,0.006784273311495781,0.6784273311495781
16,352,22,2.771547794342041,0.025538600981235504,0.009214562363922596,0.9214562363922596
16,353,22,1.8395671844482422,0.02088996022939682,0.011355910450220108,1.1355910450220108
16,354,22,5.381685733795166,0.06358297169208527,0.011814693920314312,1.1814693920314312
16,355,22,3.1226978302001953,0.030278069898486137,0.00969612505286932,0.969612505286932
16,356,22,2.754335641860962,0.025039002299308777,0.009090758860111237,0.9090758860111237
16,357,22,2.385974645614624,0.01382540911436081,0.005794449243694544,0.5794449243694544
16,358,22,1.8766589164733887,0.009129907004535198,0.004864979535341263,0.4864979535341263
16,359,22,3.330359935760498,0.03752192109823227,0.011266626417636871,1.1266626417636871
16,360,22,2.6803793907165527,0.03515785187482834,0.013116744346916676,1.3116744346916676
16,361,22,2.7342662811279297,0.016690636053681374,0.006104246713221073,0.6104246713221073
16,362,22,1.7667609453201294,0.007471293676644564,0.004228808451443911,0.42288084514439106
16,363,22,3.173116445541382,0.03872083127498627,0.012202776968479156,1.2202776968479156
16,364,22,1.621268630027771,0.016683656722307205,0.010290495119988918,1.0290495119988918
16,365,22,1.7955108880996704,0.012223489582538605,0.006807805970311165,0.6807805970311165
16,366,22,3.6876440048217773,0.05102147161960602,0.013835790567100048,1.3835790567100048
16,367,22,3.09989857673645,0.04698173329234123,0.015155893750488758,1.5155893750488758
16,368,23,2.196399450302124,0.013647968880832195,0.00621379166841507,0.621379166841507
16,369,23,2.6764183044433594,0.013523818925023079,0.0050529539585113525,0.5052953958511353
16,370,23,2.7517013549804688,0.020595429465174675,0.007484616711735725,0.7484616711735725
16,371,23,3.25433611869812,0.01994450017809868,0.006128592416644096,0.6128592416644096
16,372,23,2.9873194694519043,0.024959951639175415,0.00835530087351799,0.835530087351799
16,373,23,1.305593729019165,0.01250135526061058,0.009575226344168186,0.9575226344168186
16,374,23,3.157089948654175,0.013389038853347301,0.004240943118929863,0.4240943118929863
16,375,23,2.159881114959717,0.018006162717938423,0.008336645551025867,0.8336645551025867
16,376,23,1.2419923543930054,0.008435613475739956,0.006792000960558653,0.6792000960558653
16,377,23,1.8622064590454102,0.006434016861021519,0.00345505028963089,0.345505028963089
16,378,23,1.7579345703125,0.016138549894094467,0.009180404245853424,0.9180404245853424
16,379,23,1.8288109302520752,0.018612317740917206,0.010177277959883213,1.0177277959883213
16,380,23,1.8507447242736816,0.013166515156626701,0.007114171516150236,0.7114171516150236
16,381,23,1.9398940801620483,0.015593823045492172,0.008038491941988468,0.8038491941988468
16,382,23,2.794222354888916,0.018078917637467384,0.00647010700777173,0.647010700777173
16,383,23,2.544161319732666,0.03285099193453789,0.012912306934595108,1.2912306934595108
16,384,24,2.9811930656433105,0.019002456218004227,0.006374111399054527,0.6374111399054527
16,385,24,1.7391891479492188,0.01935621351003647,0.011129447259008884,1.1129447259008884
16,386,24,1.9700515270233154,0.013172662816941738,0.00668645603582263,0.668645603582263
16,387,24,3.3880372047424316,0.04554351419210434,0.01344244834035635,1.344244834035635
16,388,24,3.5269806385040283,0.024846961721777916,0.007044825237244368,0.7044825237244368
16,389,24,2.173839569091797,0.012769680470228195,0.00587425148114562,0.587425148114562
16,390,24,1.9927551746368408,0.022242242470383644,0.011161552742123604,1.1161552742123604
16,391,24,2.9300336837768555,0.03839278966188431,0.013103190809488297,1.3103190809488297
16,392,24,1.6159194707870483,0.009070810861885548,0.005613405257463455,0.5613405257463455
16,393,24,2.3738033771514893,0.009927577339112759,0.004182139877229929,0.4182139877229929
16,394,24,4.336993217468262,0.026436327025294304,0.006095542572438717,0.6095542572438717
16,395,24,3.017493963241577,0.026160135865211487,0.008669490925967693,0.8669490925967693
16,396,24,2.0920825004577637,0.022517666220664978,0.010763278231024742,1.0763278231024742
16,397,24,2.86745023727417,0.014868046157062054,0.005185110494494438,0.5185110494494438
16,398,24,2.667861223220825,0.030740579590201378,0.011522555723786354,1.1522555723786354
16,399,24,1.7056502103805542,0.01083096582442522,0.006350051146000624,0.6350051146000624
16,400,25,4.238731384277344,0.02774694375693798,0.006546048913151026,0.6546048913151026
16,401,25,2.04789400100708,0.02977822534739971,0.01454090140759945,1.454090140759945
16,402,25,1.864006519317627,0.01783030666410923,0.009565581567585468,0.9565581567585468
16,403,25,3.1422653198242188,0.02800661139190197,0.008912872523069382,0.8912872523069382
16,404,25,1.8337653875350952,0.016115738078951836,0.008788331411778927,0.8788331411778927
16,405,25,2.807631015777588,0.024233626201748848,0.008631343021988869,0.8631343021988869
16,406,25,1.5061004161834717,0.015963831916451454,0.010599447414278984,1.0599447414278984
16,407,25,1.978230357170105,0.024851271882653236,0.012562375515699387,1.2562375515699387
16,408,25,1.9566988945007324,0.01732933335006237,0.008856412954628468,0.8856412954628468
16,409,25,2.6765058040618896,0.0234187263995409,0.008749738335609436,0.8749738335609436
16,410,25,2.2942137718200684,0.013471448794007301,0.005871924106031656,0.5871924106031656
16,411,25,3.9003915786743164,0.03483282029628754,0.008930595591664314,0.8930595591664314
16,412,25,2.048060655593872,0.015023848041892052,0.007335646077990532,0.7335646077990532
16,413,25,2.656687021255493,0.03715778514742851,0.013986512087285519,1.3986512087285519
16,414,25,2.49326229095459,0.03673599660396576,0.014734108000993729,1.4734108000993729
16,415,25,2.242124080657959,0.011823391541838646,0.005273299291729927,0.5273299291729927
16,416,26,2.319550037384033,0.017149537801742554,0.007393476087599993,0.7393476087599993
16,417,26,1.2254326343536377,0.0077048190869390965,0.006287427619099617,0.6287427619099617
16,418,26,2.8747076988220215,0.023756230250000954,0.008263876661658287,0.8263876661658287
16,419,26,2.7329812049865723,0.023418940603733063,0.00856900867074728,0.856900867074728
16,420,26,1.5304455757141113,0.013977715745568275,0.009133102372288704,0.9133102372288704
16,421,26,2.0035688877105713,0.01939081773161888,0.009678138419985771,0.9678138419985771
16,422,26,2.1073734760284424,0.018676824867725372,0.00886260811239481,0.886260811239481
16,423,26,2.271336793899536,0.01847720704972744,0.008134948089718819,0.8134948089718819
16,424,26,1.814933180809021,0.024305982515215874,0.013392219319939613,1.3392219319939613
16,425,26,1.848228931427002,0.012336893007159233,0.006674981210380793,0.6674981210380793
16,426,26,2.3703904151916504,0.02637391909956932,0.011126402765512466,1.1126402765512466
16,427,26,2.1009926795959473,0.021850192919373512,0.010399937629699707,1.0399937629699707
16,428,26,3.4598870277404785,0.03552824631333351,0.010268614627420902,1.0268614627420902
16,429,26,2.3458311557769775,0.01245038490742445,0.005307451356202364,0.5307451356202364
16,430,26,2.1798386573791504,0.01596366986632347,0.007323326542973518,0.7323326542973518
16,431,26,1.6983267068862915,0.022324111312627792,0.01314476877450943,1.314476877450943
16,432,27,2.5537338256835938,0.021942928433418274,0.008592488244175911,0.8592488244175911
16,433,27,1.296972393989563,0.011800907552242279,0.009098812006413937,0.9098812006413937
16,434,27,2.7039265632629395,0.01851840317249298,0.0068487077951431274,0.6848707795143127
16,435,27,2.361440658569336,0.028066886588931084,0.01188549306243658,1.188549306243658
16,436,27,1.2879292964935303,0.009013134986162186,0.006998159922659397,0.6998159922659397
16,437,27,2.982985496520996,0.012072593905031681,0.004047151189297438,0.40471511892974377
16,438,27,1.9045330286026,0.011465288698673248,0.006019999738782644,0.6019999738782644
16,439,27,1.8138976097106934,0.013069912791252136,0.007205430418252945,0.7205430418252945
16,440,27,1.9825794696807861,0.007798333186656237,0.003933427855372429,0.3933427855372429
16,441,27,1.5625944137573242,0.015439175069332123,0.009880474768579006,0.9880474768579006
16,442,27,2.560495138168335,0.01066264696419239,0.004164291080087423,0.41642910800874233
16,443,27,2.4372458457946777,0.01730896346271038,0.007101853843778372,0.7101853843778372
16,444,27,2.5095126628875732,0.01801903545856476,0.007180292624980211,0.7180292624980211
16,445,27,1.6011943817138672,0.007672283332794905,0.004791600164026022,0.4791600164026022
16,446,27,2.1122891902923584,0.02090155892074108,0.009895216673612595,0.9895216673612595
16,447,27,2.2215874195098877,0.025731327012181282,0.011582406237721443,1.1582406237721443
16,448,28,2.1629905700683594,0.00905429758131504,0.004186008591204882,0.41860085912048817
16,449,28,1.588495135307312,0.00772228604182601,0.004861384630203247,0.4861384630203247
16,450,28,1.653627634048462,0.005529672838747501,0.0033439649268984795,0.33439649268984795
16,451,28,1.921856164932251,0.008931507356464863,0.0046473341062664986,0.46473341062664986
16,452,28,1.6709094047546387,0.006308373529464006,0.0037754131481051445,0.37754131481051445
16,453,28,2.0972166061401367,0.013864848762750626,0.006611071527004242,0.6611071527004242
16,454,28,2.320765972137451,0.013075940310955048,0.00563432089984417,0.563432089984417
16,455,28,2.0045430660247803,0.004213376902043819,0.0021019137930125,0.21019137930124998
16,456,28,1.8531603813171387,0.008860714733600616,0.004781407304108143,0.4781407304108143
16,457,28,1.6856876611709595,0.009825874119997025,0.0058290003798902035,0.5829000379890203
16,458,28,2.5482125282287598,0.015386916697025299,0.006038317456841469,0.6038317456841469
16,459,28,2.2422733306884766,0.0035679780412465334,0.0015912323724478483,0.15912323724478483
16,460,28,1.6894038915634155,0.008514558896422386,0.005039978306740522,0.5039978306740522
16,461,28,1.6500773429870605,0.013190830126404762,0.00799406785517931,0.799406785517931
16,462,28,1.677306056022644,0.00539332116022706,0.0032154663931578398,0.321546639315784
16,463,28,1.8614437580108643,0.014524857513606548,0.007803006563335657,0.7803006563335657
16,464,29,1.9335094690322876,0.007812746800482273,0.0040407078340649605,0.40407078340649605
16,465,29,2.2476022243499756,0.010014322586357594,0.0044555580243468285,0.44555580243468285
16,466,29,1.9916363954544067,0.009971880353987217,0.005006878171116114,0.5006878171116114
16,467,29,1.6139090061187744,0.011594850569963455,0.0071843271143734455,0.7184327114373446
16,468,29,2.2876923084259033,0.018821677193045616,0.008227364160120487,0.8227364160120487
16,469,29,1.2786353826522827,0.007931030355393887,0.0062027303501963615,0.6202730350196362
16,470,29,2.7004599571228027,0.012758848257362843,0.004724694415926933,0.47246944159269333
16,471,29,1.7263203859329224,0.009082234464585781,0.005261036567389965,0.5261036567389965
16,472,29,1.7935513257980347,0.017730223014950752,0.00988554023206234,0.988554023206234
16,473,29,1.5222563743591309,0.01228231843560934,0.00806849543005228,0.806849543005228
16,474,29,2.4805822372436523,0.020283043384552002,0.008176727220416069,0.8176727220416069
16,475,29,1.9585171937942505,0.0188576802611351,0.00962855014950037,0.962855014950037
16,476,29,1.6661620140075684,0.016559233888983727,0.009938549250364304,0.9938549250364304
16,477,29,1.8164254426956177,0.02294275350868702,0.01263071596622467,1.263071596622467
16,478,29,1.8399465084075928,0.019404875114560127,0.010546434670686722,1.0546434670686722
16,479,29,2.2997312545776367,0.010747231543064117,0.004673255607485771,0.4673255607485771
16,480,30,2.51031494140625,0.02161720022559166,0.008611350320279598,0.8611350320279598
16,481,30,1.8057578802108765,0.01064346358180046,0.005894180852919817,0.5894180852919817
16,482,30,2.965712308883667,0.02141191065311432,0.007219820749014616,0.7219820749014616
16,483,30,3.5921921730041504,0.0308445543050766,0.008586554788053036,0.8586554788053036
16,484,30,2.125169277191162,0.018608998507261276,0.008756478317081928,0.8756478317081928
16,485,30,1.9207675457000732,0.010372851975262165,0.005400368012487888,0.5400368012487888
16,486,30,1.9025886058807373,0.025493700057268143,0.01339948084205389,1.339948084205389
16,487,30,1.8216005563735962,0.008789232932031155,0.0048250057734549046,0.48250057734549046
16,488,30,2.4406795501708984,0.014924818649888039,0.006115025840699673,0.6115025840699673
16,489,30,1.936070203781128,0.021684186533093452,0.011200102977454662,1.1200102977454662
16,490,30,2.001983880996704,0.014494898729026318,0.0072402674704790115,0.7240267470479012
16,491,30,1.7669401168823242,0.010429734364151955,0.005902709439396858,0.5902709439396858
16,492,30,1.675173044204712,0.030070200562477112,0.017950503155589104,1.7950503155589104
16,493,30,1.5722708702087402,0.004537554923444986,0.0028859879821538925,0.28859879821538925
16,494,30,2.055906295776367,0.020392902195453644,0.009919178672134876,0.9919178672134876
16,495,30,2.393462657928467,0.031593989580869675,0.013200118206441402,1.3200118206441402
16,496,31,1.7956401109695435,0.012267121113836765,0.006831614766269922,0.6831614766269922
16,497,31,1.3149104118347168,0.007767240051180124,0.005907048936933279,0.5907048936933279
16,498,31,2.1296825408935547,0.012978333979845047,0.006094022653996944,0.6094022653996944
16,499,31,2.712977409362793,0.016318053007125854,0.006014813669025898,0.6014813669025898
16,500,31,1.7260642051696777,0.013116433285176754,0.00759904133155942,0.759904133155942
16,501,31,1.376589298248291,0.00295692658983171,0.0021480093710124493,0.21480093710124493
16,502,31,2.6536333560943604,0.01886601746082306,0.007109504193067551,0.7109504193067551
16,503,31,1.7086158990859985,0.010164248757064342,0.005948820151388645,0.5948820151388645
16,504,31,1.3026694059371948,0.012404635548591614,0.009522474370896816,0.9522474370896816
16,505,31,2.5307812690734863,0.014557844959199429,0.005752312485128641,0.5752312485128641
16,506,31,2.7882726192474365,0.014783677645027637,0.005302092060446739,0.5302092060446739
16,507,31,2.6830391883850098,0.009792438708245754,0.0036497560795396566,0.36497560795396566
16,508,31,2.3454668521881104,0.0175765547901392,0.007493840530514717,0.7493840530514717
16,509,31,1.8758840560913086,0.010314041748642921,0.005498229991644621,0.5498229991644621
16,510,31,2.4466845989227295,0.02540125697851181,0.0103819090873003,1.03819090873003
16,511,31,1.93254816532135,0.006552945822477341,0.003390831872820854,0.3390831872820854
16,512,32,1.7856963872909546,0.004255671054124832,0.002383199753239751,0.2383199753239751
16,513,32,1.1699106693267822,0.008481685072183609,0.00724985683336854,0.724985683336854
16,514,32,1.7995344400405884,0.006905684247612953,0.0038374837022274733,0.3837483702227473
16,515,32,1.3149796724319458,0.006335673853754997,0.004818077199161053,0.48180771991610527
16,516,32,1.9192787408828735,0.011374909430742264,0.005926658399403095,0.5926658399403095
16,517,32,2.3446736335754395,0.013541264459490776,0.005775330122560263,0.5775330122560263
16,518,32,2.582009792327881,0.016030458733439445,0.006208519916981459,0.6208519916981459
16,519,32,2.2001633644104004,0.019595999270677567,0.008906611241400242,0.8906611241400242
16,520,32,1.9372721910476685,0.010650343261659145,0.005497597623616457,0.5497597623616457
16,521,32,1.459761142730713,0.0039709326811134815,0.002720261923968792,0.2720261923968792
16,522,32,3.1657931804656982,0.0250310730189085,0.00790673028677702,0.790673028677702
16,523,32,1.6003254652023315,0.011461502872407436,0.007161982357501984,0.7161982357501984
16,524,32,2.837235927581787,0.025628669187426567,0.00903297122567892,0.9032971225678921
16,525,32,2.538118362426758,0.00972678791731596,0.0038322829641401768,0.3832282964140177
16,526,32,1.7775866985321045,0.007865031249821186,0.004424555692821741,0.4424555692821741
16,527,32,1.7752313613891602,0.01082760188728571,0.006099262274801731,0.6099262274801731
16,528,33,2.676988363265991,0.015939030796289444,0.005954090505838394,0.5954090505838394
16,529,33,1.8783632516860962,0.017136726528406143,0.009123222902417183,0.9123222902417183
16,530,33,1.4700899124145508,0.011509294621646404,0.007828973233699799,0.7828973233699799
16,531,33,1.5873937606811523,0.009513230994343758,0.005992987658828497,0.5992987658828497
16,532,33,2.4755475521087646,0.006721219047904015,0.0027150434907525778,0.2715043490752578
16,533,33,1.9512375593185425,0.006301590241491795,0.003229535184800625,0.3229535184800625
16,534,33,2.308825969696045,0.02348564751446247,0.010172116570174694,1.0172116570174694
16,535,33,2.3081576824188232,0.021334892138838768,0.009243255481123924,0.9243255481123924
16,536,33,1.6042240858078003,0.00906731840223074,0.005652152001857758,0.5652152001857758
16,537,33,1.7526453733444214,0.008216149173676968,0.004687855951488018,0.4687855951488018
16,538,33,1.9677578210830688,0.015052780508995056,0.007649711798876524,0.7649711798876524
16,539,33,1.7708017826080322,0.01583518460392952,0.008942381478846073,0.8942381478846073
16,540,33,1.4303398132324219,0.011297057382762432,0.007898163050413132,0.7898163050413132
16,541,33,3.37530517578125,0.04147777333855629,0.012288599275052547,1.2288599275052547
16,542,33,1.7940353155136108,0.012028751894831657,0.006704858038574457,0.6704858038574457
16,543,33,1.9727070331573486,0.01183828804641962,0.0060010370798408985,0.6001037079840899
16,544,34,1.417142391204834,0.010980085469782352,0.007748046889901161,0.7748046889901161
16,545,34,2.3072688579559326,0.008955840952694416,0.0038815767038613558,0.3881576703861356
16,546,34,1.4976893663406372,0.012891602702438831,0.008607661351561546,0.8607661351561546
16,547,34,1.9608654975891113,0.011919258162379265,0.006078570149838924,0.6078570149838924
16,548,34,1.5594342947006226,0.01756293885409832,0.01126237865537405,1.126237865537405
16,549,34,1.7256438732147217,0.009825101122260094,0.005693585611879826,0.5693585611879826
16,550,34,3.730842351913452,0.0271039716899395,0.007264839485287666,0.7264839485287666
16,551,34,2.6783177852630615,0.012453664094209671,0.004649808164685965,0.46498081646859646
16,552,34,2.087556838989258,0.010648678988218307,0.005101024638861418,0.5101024638861418
16,553,34,2.358055353164673,0.010717985220253468,0.004545264411717653,0.4545264411717653
16,554,34,1.59811270236969,0.014019301161170006,0.008772410452365875,0.8772410452365875
16,555,34,1.689480185508728,0.012033166363835335,0.007122407667338848,0.7122407667338848
16,556,34,4.58933162689209,0.034842636436223984,0.007592093665152788,0.7592093665152788
16,557,34,1.475193738937378,0.007937870919704437,0.005380900576710701,0.5380900576710701
16,558,34,2.4341628551483154,0.040766313672065735,0.016747569665312767,1.6747569665312767
16,559,34,2.007005214691162,0.01462554931640625,0.007287250366061926,0.7287250366061926
16,560,35,1.721041202545166,0.011462138965725899,0.006660002749413252,0.6660002749413252
16,561,35,2.0135624408721924,0.021538646891713142,0.01069678645581007,1.069678645581007
16,562,35,2.043203592300415,0.011883492581546307,0.005816108081489801,0.5816108081489801
16,563,35,1.694828987121582,0.00881909765303135,0.00520353252068162,0.520353252068162
16,564,35,1.8090170621871948,0.010045494884252548,0.00555301271378994,0.555301271378994
16,565,35,1.820256233215332,0.010035260580480099,0.00551310321316123,0.551310321316123
16,566,35,1.701857089996338,0.013396605849266052,0.007871757261455059,0.7871757261455059
16,567,35,1.778841257095337,0.010535813868045807,0.005922852084040642,0.5922852084040642
16,568,35,1.75397789478302,0.006737576797604561,0.0038413123693317175,0.38413123693317175
16,569,35,1.336578130722046,0.00881330855190754,0.0065939342603087425,0.6593934260308743
16,570,35,1.4847674369812012,0.009379187598824501,0.006316940300166607,0.6316940300166607
16,571,35,2.490325450897217,0.01840008795261383,0.007388627622276545,0.7388627622276545
16,572,35,2.1954023838043213,0.008388698101043701,0.003821029793471098,0.3821029793471098
16,573,35,2.9245777130126953,0.005748889409005642,0.001965716015547514,0.1965716015547514
16,574,35,1.4263681173324585,0.0129109937697649,0.009051656350493431,0.9051656350493431
16,575,35,2.609471082687378,0.009931035339832306,0.003805765649303794,0.3805765649303794
16,576,36,1.4792855978012085,0.008278289809823036,0.0055961403995752335,0.5596140399575233
16,577,36,1.353906512260437,0.011397216469049454,0.008418023586273193,0.8418023586273193
16,578,36,2.3045308589935303,0.006897301413118839,0.0029929308220744133,0.29929308220744133
16,579,36,2.5893542766571045,0.014760407619178295,0.005700420122593641,0.5700420122593641
16,580,36,1.8002278804779053,0.008821407333016396,0.0049001616425812244,0.49001616425812244
16,581,36,2.045865535736084,0.004740105010569096,0.002316919155418873,0.23169191554188728
16,582,36,1.5761561393737793,0.018172813579440117,0.01152983121573925,1.152983121573925
16,583,36,1.9780710935592651,0.011826605536043644,0.005978857632726431,0.5978857632726431
16,584,36,1.5116679668426514,0.012374436482787132,0.008185949176549911,0.8185949176549911
16,585,36,2.0003340244293213,0.00939741637557745,0.004697923548519611,0.46979235485196114
16,586,36,2.1752254962921143,0.016321156173944473,0.007503201719373465,0.7503201719373465
16,587,36,2.242292642593384,0.018847838044166565,0.008405609987676144,0.8405609987676144
16,588,36,1.6591776609420776,0.01059440616518259,0.006385335698723793,0.6385335698723793
16,589,36,1.3680047988891602,0.006537467706948519,0.00477883405983448,0.47788340598344803
16,590,36,1.9736037254333496,0.009317606687545776,0.0047211130149662495,0.47211130149662495
16,591,36,2.0326738357543945,0.010808366350829601,0.005317314527928829,0.5317314527928829
16,592,37,2.0343358516693115,0.008578814566135406,0.004217009991407394,0.42170099914073944
16,593,37,1.9638712406158447,0.006986800581216812,0.0035576673690229654,0.35576673690229654
16,594,37,1.6216540336608887,0.005792500916868448,0.0035719708539545536,0.35719708539545536
16,595,37,1.4953725337982178,0.007484663277864456,0.005005216691643,0.5005216691643
16,596,37,1.7081438302993774,0.009551694616675377,0.005591856315732002,0.5591856315732002
16,597,37,1.7136154174804688,0.01089397817850113,0.006357306148856878,0.6357306148856878
16,598,37,1.6884493827819824,0.014138033613562584,0.008373383432626724,0.8373383432626724
16,599,37,2.249329090118408,0.02363342046737671,0.010506875813007355,1.0506875813007355
16,600,37,2.2682723999023438,0.016264166682958603,0.007170288357883692,0.7170288357883692
16,601,37,1.745796799659729,0.011724659241735935,0.006715935654938221,0.6715935654938221
16,602,37,2.2827277183532715,0.02014864794909954,0.008826566860079765,0.8826566860079765
16,603,37,1.2854082584381104,0.009458992630243301,0.00735874567180872,0.735874567180872
16,604,37,3.632711410522461,0.02882232517004013,0.00793410837650299,0.7934108376502991
16,605,37,1.7666500806808472,0.014773188158869743,0.008362260647118092,0.8362260647118092
16,606,37,2.507598400115967,0.008215203881263733,0.003276124130934477,0.3276124130934477
16,607,37,1.192044734954834,0.005342741031199694,0.0044819968752563,0.44819968752563
16,608,38,4.282418727874756,0.01882573962211609,0.004396053031086922,0.43960530310869217
16,609,38,1.2535831928253174,0.010706246830523014,0.008540515787899494,0.8540515787899494
16,610,38,1.7711613178253174,0.01027134619653225,0.0057992152869701385,0.5799215286970139
16,611,38,1.9607300758361816,0.0041152434423565865,0.002098832279443741,0.20988322794437408
16,612,38,1.7400286197662354,0.013965412974357605,0.00802596751600504,0.8025967516005039
16,613,38,2.0785140991210938,0.013718023896217346,0.006599918473511934,0.6599918473511934
16,614,38,2.6198863983154297,0.02114851400256157,0.008072301745414734,0.8072301745414734
16,615,38,1.588532567024231,0.01965678483247757,0.012374178506433964,1.2374178506433964
16,616,38,1.683989405632019,0.009626688435673714,0.005716596730053425,0.5716596730053425
16,617,38,2.221909761428833,0.01679364964365959,0.0075582051649689674,0.7558205164968967
16,618,38,2.136859178543091,0.01325126551091671,0.006201281677931547,0.6201281677931547
16,619,38,1.8122045993804932,0.006844612304121256,0.003776953322812915,0.3776953322812915
16,620,38,2.115993022918701,0.00906495749950409,0.004284020513296127,0.42840205132961273
16,621,38,1.7132258415222168,0.008374958299100399,0.004888414870947599,0.48884148709475994
16,622,38,1.5181334018707275,0.007730669341981411,0.005092219915241003,0.5092219915241003
16,623,38,1.7279021739959717,0.009585747495293617,0.005547621753066778,0.5547621753066778
16,624,39,1.3839279413223267,0.0054899901151657104,0.003966962452977896,0.3966962452977896
16,625,39,1.8942592144012451,0.005249306559562683,0.002771165920421481,0.2771165920421481
16,626,39,1.4273300170898438,0.003791586495935917,0.0026564188301563263,0.26564188301563263
16,627,39,1.952184796333313,0.004511047154664993,0.0023107684683054686,0.23107684683054686
16,628,39,1.662744164466858,0.00572603615000844,0.003443726571276784,0.3443726571276784
16,629,39,1.5053645372390747,0.011333266273140907,0.007528585847467184,0.7528585847467184
16,630,39,1.2915865182876587,0.010446706786751747,0.008088274858891964,0.8088274858891964
16,631,39,1.7360750436782837,0.0073006246238946915,0.004205246921628714,0.42052469216287136
16,632,39,1.7782106399536133,0.006876863073557615,0.003867293940857053,0.3867293940857053
16,633,39,1.245773434638977,0.006411032751202583,0.005146226845681667,0.5146226845681667
16,634,39,1.7247225046157837,0.013602307997643948,0.007886664941906929,0.7886664941906929
16,635,39,1.4376599788665771,0.008812615647912025,0.006129832938313484,0.6129832938313484
16,636,39,1.9057142734527588,0.011952617205679417,0.006271988153457642,0.6271988153457642
16,637,39,1.5267918109893799,0.012841340154409409,0.008410668931901455,0.8410668931901455
16,638,39,1.4402613639831543,0.009201718494296074,0.0063889226876199245,0.6388922687619925
16,639,39,1.8278628587722778,0.006055440753698349,0.003312852932140231,0.3312852932140231
16,640,40,1.5917370319366455,0.009061450138688087,0.0056928060948848724,0.5692806094884872
16,641,40,1.5756222009658813,0.007782437838613987,0.004939279053360224,0.4939279053360224
16,642,40,1.9693526029586792,0.0061701443046331406,0.003133082529529929,0.3133082529529929
16,643,40,2.554915428161621,0.01899568922817707,0.007434958126395941,0.7434958126395941
16,644,40,1.864578366279602,0.01341167464852333,0.00719287246465683,0.719287246465683
16,645,40,1.262515664100647,0.00512705510482192,0.004060983192175627,0.4060983192175627
16,646,40,2.629624366760254,0.022190289571881294,0.008438577875494957,0.8438577875494957
16,647,40,2.4050469398498535,0.010357041843235493,0.004306378308683634,0.4306378308683634
16,648,40,2.3915066719055176,0.011443215422332287,0.004784939810633659,0.47849398106336594
16,649,40,1.3936982154846191,0.00748844351619482,0.0053730737417936325,0.5373073741793633
16,650,40,1.2903081178665161,0.009147986769676208,0.007089769002050161,0.7089769002050161
16,651,40,1.6697204113006592,0.009588535875082016,0.005742599721997976,0.5742599721997976
16,652,40,2.0610132217407227,0.01090101059526205,0.005289151333272457,0.5289151333272457
16,653,40,1.4000099897384644,0.011174164712429047,0.007981489412486553,0.7981489412486553
16,654,40,2.2221803665161133,0.009200837463140488,0.004140454810112715,0.4140454810112715
16,655,40,1.8130364418029785,0.010535094887018204,0.00581074645742774,0.581074645742774
16,656,41,1.9843037128448486,0.019838528707623482,0.009997728280723095,0.9997728280723095
16,657,41,1.6586155891418457,0.006331694312393665,0.0038174574729055166,0.38174574729055166
16,658,41,1.6720781326293945,0.010016543790698051,0.005990475881844759,0.5990475881844759
16,659,41,1.7627372741699219,0.016287919133901596,0.00924012903124094,0.924012903124094
16,660,41,1.4393699169158936,0.006613517180085182,0.00459473067894578,0.459473067894578
16,661,41,1.520401954650879,0.00541050685569644,0.0035586028825491667,0.35586028825491667
16,662,41,1.7865610122680664,0.01196957379579544,0.006699784658849239,0.6699784658849239
16,663,41,1.607364296913147,0.011765490286052227,0.007319740951061249,0.7319740951061249
16,664,41,2.088883876800537,0.016459792852401733,0.007879707030951977,0.7879707030951977
16,665,41,2.1113805770874023,0.009835179895162582,0.004658174701035023,0.4658174701035023
16,666,41,2.591722011566162,0.022903595119714737,0.008837210945785046,0.8837210945785046
16,667,41,2.1823067665100098,0.013244693167507648,0.0060691251419484615,0.6069125141948462
16,668,41,1.8446651697158813,0.009409017860889435,0.005100664217025042,0.5100664217025042
16,669,41,1.7380154132843018,0.011365899816155434,0.006539585068821907,0.6539585068821907
16,670,41,2.088489055633545,0.017646435648202896,0.008449379354715347,0.8449379354715347
16,671,41,2.406576156616211,0.01904909498989582,0.007915434427559376,0.7915434427559376
16,672,42,1.8087397813796997,0.013568609952926636,0.0075016925111413,0.75016925111413
16,673,42,1.4092930555343628,0.007575491443276405,0.005375383887439966,0.5375383887439966
16,674,42,1.950390338897705,0.02290109358727932,0.011741800233721733,1.1741800233721733
16,675,42,1.726527214050293,0.01064599771052599,0.006166133563965559,0.6166133563965559
16,676,42,1.55973219871521,0.005684983916580677,0.003644846146926284,0.3644846146926284
16,677,42,1.5990724563598633,0.018396686762571335,0.011504598893225193,1.1504598893225193
16,678,42,1.0665514469146729,0.00513798464089632,0.004817381035536528,0.48173810355365276
16,679,42,1.7181141376495361,0.02067217044532299,0.01203189603984356,1.203189603984356
16,680,42,1.7188031673431396,0.01230008527636528,0.007156191859394312,0.7156191859394312
16,681,42,2.1502127647399902,0.008321340195834637,0.0038700078148394823,0.38700078148394823
16,682,42,1.6976277828216553,0.014813157729804516,0.008725798688828945,0.8725798688828945
16,683,42,1.6820696592330933,0.010702390223741531,0.006362631916999817,0.6362631916999817
16,684,42,1.757027268409729,0.008281372487545013,0.004713286180049181,0.4713286180049181
16,685,42,1.8583225011825562,0.011908858083188534,0.006408391520380974,0.6408391520380974
16,686,42,1.5093845129013062,0.008870151825249195,0.0058766682632267475,0.5876668263226748
16,687,42,1.9760606288909912,0.019365420565009117,0.009800013154745102,0.9800013154745102
16,688,43,1.4696718454360962,0.0052895015105605125,0.0035991037730127573,0.35991037730127573
16,689,43,2.0347132682800293,0.01719437539577484,0.008450515568256378,0.8450515568256378
16,690,43,1.7711633443832397,0.01408548653125763,0.007952675223350525,0.7952675223350525
16,691,43,1.8187520503997803,0.011440305970609188,0.006290195509791374,0.6290195509791374
16,692,43,2.053762674331665,0.017222333699464798,0.008385746739804745,0.8385746739804745
16,693,43,1.5052456855773926,0.008307958021759987,0.005519337020814419,0.5519337020814419
16,694,43,1.7627440690994263,0.015114224515855312,0.008574259467422962,0.8574259467422962
16,695,43,1.9560080766677856,0.010615904815495014,0.005427331663668156,0.5427331663668156
16,696,43,1.6817501783370972,0.009646409191191196,0.005735934711992741,0.5735934711992741
16,697,43,1.9673675298690796,0.010561823844909668,0.005368505604565144,0.5368505604565144
16,698,43,3.0953726768493652,0.01813354715704918,0.005858276039361954,0.5858276039361954
16,699,43,1.2476751804351807,0.008431266993284225,0.006757581606507301,0.6757581606507301
16,700,43,1.7926673889160156,0.006987256929278374,0.0038976874202489853,0.38976874202489853
16,701,43,1.9356220960617065,0.015076059848070145,0.007788741495460272,0.7788741495460272
16,702,43,1.7162989377975464,0.008900204673409462,0.005185696296393871,0.5185696296393871
16,703,43,1.4950470924377441,0.010436194948852062,0.006980512291193008,0.6980512291193008
16,704,44,1.531626582145691,0.01300368458032608,0.008490114472806454,0.8490114472806454
16,705,44,1.5527523756027222,0.00464965496212244,0.002994460053741932,0.2994460053741932
16,706,44,1.8066250085830688,0.00750146247446537,0.004152196925133467,0.41521969251334667
16,707,44,1.9833792448043823,0.013786018826067448,0.0069507728330791,0.69507728330791
16,708,44,1.2256247997283936,0.00823144894093275,0.006716124713420868,0.6716124713420868
16,709,44,1.9268789291381836,0.009272711351513863,0.004812296014279127,0.4812296014279127
16,710,44,1.62239670753479,0.006067874375730753,0.003740068292245269,0.3740068292245269
16,711,44,2.1191790103912354,0.010628240182995796,0.005015262868255377,0.5015262868255377
16,712,44,2.2113089561462402,0.01331342477351427,0.0060206083580851555,0.6020608358085155
16,713,44,1.366640567779541,0.004885139409452677,0.0035745606292039156,0.35745606292039156
16,714,44,1.5633728504180908,0.01312107965350151,0.008392802439630032,0.8392802439630032
16,715,44,1.3907564878463745,0.007536717690527439,0.005419149994850159,0.5419149994850159
16,716,44,1.861756443977356,0.005162175744771957,0.0027727449778467417,0.27727449778467417
16,717,44,1.5097062587738037,0.009339703246951103,0.006186437327414751,0.6186437327414751
16,718,44,2.1473770141601562,0.00698814308270812,0.0032542692497372627,0.3254269249737263
16,719,44,1.9059937000274658,0.008939552120864391,0.004690231755375862,0.4690231755375862
16,720,45,2.0479679107666016,0.017067518085241318,0.00833387952297926,0.833387952297926
16,721,45,1.6063369512557983,0.007582313846796751,0.004720251075923443,0.4720251075923443
16,722,45,1.5780119895935059,0.011175787076354027,0.007082194089889526,0.7082194089889526
16,723,45,1.9010505676269531,0.012622958980500698,0.006639990955591202,0.6639990955591202
16,724,45,1.4813556671142578,0.010485248640179634,0.007078143768012524,0.7078143768012524
16,725,45,2.0281665325164795,0.017195142805576324,0.008478171192109585,0.8478171192109585
16,726,45,2.814645290374756,0.019090184941887856,0.006782447919249535,0.6782447919249535
16,727,45,1.7711800336837769,0.009107554331421852,0.005142082925885916,0.5142082925885916
16,728,45,1.8945693969726562,0.009671932086348534,0.00510508194565773,0.510508194565773
16,729,45,2.2252585887908936,0.008463174104690552,0.003803231753408909,0.3803231753408909
16,730,45,1.6196461915969849,0.0069564152508974075,0.004295021295547485,0.42950212955474854
16,731,45,1.3697744607925415,0.006828534882515669,0.004985152743756771,0.4985152743756771
16,732,45,2.484644889831543,0.028281645849347115,0.01138257049024105,1.138257049024105
16,733,45,1.7979316711425781,0.014645587652921677,0.008145797997713089,0.8145797997713089
16,734,45,1.369551420211792,0.005922370590269566,0.004324314184486866,0.4324314184486866
16,735,45,1.4660940170288086,0.011515899561345577,0.007854816503822803,0.7854816503822803
16,736,46,1.5238434076309204,0.01766641065478325,0.01159332413226366,1.159332413226366
16,737,46,1.5067168474197388,0.0062368083745241165,0.004139336757361889,0.4139336757361889
16,738,46,1.6077691316604614,0.012224944308400154,0.007603669073432684,0.7603669073432684
16,739,46,1.8925859928131104,0.00821172259747982,0.004338890314102173,0.4338890314102173
16,740,46,1.2489389181137085,0.008952649310231209,0.007168204057961702,0.7168204057961702
16,741,46,1.515822410583496,0.014851376414299011,0.009797570295631886,0.9797570295631886
16,742,46,1.4272536039352417,0.00953148864209652,0.0066782026551663876,0.6678202655166388
16,743,46,1.580649733543396,0.009362228214740753,0.00592302531003952,0.592302531003952
16,744,46,1.6182942390441895,0.006847918964922428,0.004231566097587347,0.4231566097587347
16,745,46,1.4869091510772705,0.012227533385157585,0.008223457261919975,0.8223457261919975
16,746,46,1.969179391860962,0.006730359513312578,0.003417849773541093,0.3417849773541093
16,747,46,1.9437426328659058,0.011359243653714657,0.005844005849212408,0.5844005849212408
16,748,46,1.4901275634765625,0.01268190611153841,0.008510617539286613,0.8510617539286613
16,749,46,1.3870033025741577,0.010408233851194382,0.007504116278141737,0.7504116278141737
16,750,46,1.8629834651947021,0.019082967191934586,0.010243229568004608,1.0243229568004608
16,751,46,1.7908272743225098,0.00867427047342062,0.004843722563236952,0.4843722563236952
16,752,47,1.881537914276123,0.011128079146146774,0.005914352834224701,0.5914352834224701
16,753,47,1.7140017747879028,0.010922177694737911,0.006372325588017702,0.6372325588017702
16,754,47,1.7672773599624634,0.005655023269355297,0.0031998504418879747,0.3199850441887975
16,755,47,2.0176165103912354,0.013188516721129417,0.006536681670695543,0.6536681670695543
16,756,47,1.8998725414276123,0.008548588491976261,0.004499558825045824,0.4499558825045824
16,757,47,1.4938215017318726,0.00920037180185318,0.0061589498072862625,0.6158949807286263
16,758,47,1.4064016342163086,0.0032172054052352905,0.0022875438444316387,0.22875438444316387
16,759,47,1.641631007194519,0.013405710458755493,0.008166092447936535,0.8166092447936535
16,760,47,1.4271514415740967,0.004343447741121054,0.0030434385407716036,0.30434385407716036
16,761,47,1.8251467943191528,0.006225393619388342,0.003410900244489312,0.3410900244489312
16,762,47,1.7388089895248413,0.007612301502376795,0.004377882461994886,0.43778824619948864
16,763,47,1.7398262023925781,0.0052629741840064526,0.0030249999836087227,0.30249999836087227
16,764,47,1.6095874309539795,0.0072866883128881454,0.004527053330093622,0.4527053330093622
16,765,47,1.589491844177246,0.013667432591319084,0.008598617278039455,0.8598617278039455
16,766,47,1.7740023136138916,0.010675186291337013,0.006017571780830622,0.6017571780830622
16,767,47,1.7725938558578491,0.010852135717868805,0.00612217839807272,0.612217839807272
16,768,48,2.2059178352355957,0.012409909628331661,0.0056257350370287895,0.562573503702879
16,769,48,1.624099612236023,0.008762228302657604,0.005395129788666964,0.5395129788666964
16,770,48,1.7983803749084473,0.01162593811750412,0.006464671343564987,0.6464671343564987
16,771,48,1.6125710010528564,0.012954829260706902,0.008033649064600468,0.8033649064600468
16,772,48,1.517305612564087,0.008402790874242783,0.005537968594580889,0.5537968594580889
16,773,48,1.781004548072815,0.010762115009129047,0.006042721681296825,0.6042721681296825
16,774,48,1.7309504747390747,0.011942291632294655,0.006899268366396427,0.6899268366396427
16,775,48,1.7555598020553589,0.01184379868209362,0.006746451370418072,0.6746451370418072
16,776,48,2.5493345260620117,0.018365737050771713,0.007204129826277494,0.7204129826277494
16,777,48,1.4404937028884888,0.007821914739906788,0.005430023651570082,0.5430023651570082
16,778,48,1.7039155960083008,0.016222812235355377,0.00952090136706829,0.9520901367068291
16,779,48,1.6335200071334839,0.0113559290766716,0.006951814983040094,0.6951814983040094
16,780,48,1.1686005592346191,0.010407963767647743,0.0089063486084342,0.89063486084342
16,781,48,1.7779757976531982,0.020585499703884125,0.011578054167330265,1.1578054167330265
16,782,48,1.4317115545272827,0.005111098289489746,0.003569921711459756,0.3569921711459756
16,783,48,1.655268907546997,0.01170236524194479,0.007069766987115145,0.7069766987115145
16,784,49,1.423488736152649,0.009716999717056751,0.006826186552643776,0.6826186552643776
16,785,49,1.6349602937698364,0.004584313370287418,0.0028039293829351664,0.28039293829351664
16,786,49,2.439720392227173,0.009121759794652462,0.003738854546099901,0.3738854546099901
16,787,49,1.487013578414917,0.009866808541119099,0.006635318510234356,0.6635318510234356
16,788,49,1.5668751001358032,0.008107161149382591,0.005174095276743174,0.5174095276743174
16,789,49,1.4052386283874512,0.006132789887487888,0.0043642339296638966,0.43642339296638966
16,790,49,2.142742872238159,0.011707162484526634,0.005463633686304092,0.5463633686304092
16,791,49,1.8842542171478271,0.007382888346910477,0.0039182016626000404,0.39182016626000404
16,792,49,1.5811834335327148,0.009848080575466156,0.006228297483175993,0.6228297483175993
16,793,49,1.6036771535873413,0.011368065141141415,0.007088749203830957,0.7088749203830957
16,794,49,2.0853939056396484,0.007928837090730667,0.003802081337198615,0.3802081337198615
16,795,49,2.2290825843811035,0.009248082526028156,0.00414882879704237,0.414882879704237
16,796,49,1.962080717086792,0.011856507509946823,0.006042823661118746,0.6042823661118746
16,797,49,1.6644036769866943,0.012612537480890751,0.0075778113678097725,0.7577811367809772
16,798,49,2.6196348667144775,0.008542918600142002,0.0032611105125397444,0.32611105125397444
16,799,49,1.633988618850708,0.009924443438649178,0.006073752883821726,0.6073752883821726
16,800,50,3.2339155673980713,0.012715880759060383,0.00393203878775239,0.393203878775239
16,801,50,1.3955250978469849,0.005564996041357517,0.003987743519246578,0.3987743519246578
16,802,50,1.4935731887817383,0.006020664237439632,0.004031047224998474,0.4031047224998474
16,803,50,1.9500616788864136,0.009998422116041183,0.005127233918756247,0.5127233918756247
16,804,50,1.2788474559783936,0.003015615278854966,0.0023580726701766253,0.23580726701766253
16,805,50,1.9422414302825928,0.010804211720824242,0.005562754347920418,0.5562754347920418
16,806,50,2.337705135345459,0.01217611227184534,0.005208574701100588,0.5208574701100588
16,807,50,1.7664873600006104,0.004930639173835516,0.0027912112418562174,0.27912112418562174
16,808,50,1.4167308807373047,0.013464848510921001,0.009504168294370174,0.9504168294370174
16,809,50,2.211845874786377,0.00871196947991848,0.0039387778379023075,0.39387778379023075
16,810,50,1.420213222503662,0.008895895443856716,0.00626377435401082,0.626377435401082
16,811,50,1.2304482460021973,0.009673425927758217,0.007861709222197533,0.7861709222197533
16,812,50,1.5518227815628052,0.006017069332301617,0.0038774204440414906,0.38774204440414906
16,813,50,1.2023334503173828,0.008649117313325405,0.007193609606474638,0.7193609606474638
16,814,50,1.9997113943099976,0.010237159207463264,0.005119318142533302,0.5119318142533302
16,815,50,2.2927045822143555,0.004533540923148394,0.0019773768726736307,0.19773768726736307
16,816,51,1.7946146726608276,0.008860626257956028,0.004937341902405024,0.49373419024050236
16,817,51,1.3371081352233887,0.010048333555459976,0.007514974568039179,0.7514974568039179
16,818,51,2.8376142978668213,0.018015889450907707,0.006348956376314163,0.6348956376314163
16,819,51,1.9240646362304688,0.010846477933228016,0.005637273192405701,0.5637273192405701
16,820,51,1.7507003545761108,0.00878229085355997,0.0050164442509412766,0.5016444250941277
16,821,51,1.5981380939483643,0.00894350465387106,0.005596202798187733,0.5596202798187733
16,822,51,1.4003194570541382,0.014089888893067837,0.01006191037595272,1.006191037595272
16,823,51,1.5171103477478027,0.0067234099842607975,0.004431721288710833,0.44317212887108326
16,824,51,1.1807149648666382,0.007476573809981346,0.006332242861390114,0.6332242861390114
16,825,51,1.5496704578399658,0.005699397064745426,0.0036778124049305916,0.36778124049305916
16,826,51,2.3206844329833984,0.009229005314409733,0.0039768461138010025,0.39768461138010025
16,827,51,2.1887285709381104,0.01056329533457756,0.004826224409043789,0.4826224409043789
16,828,51,1.5498915910720825,0.015130001120269299,0.009761974215507507,0.9761974215507507
16,829,51,1.7754106521606445,0.015016702003777027,0.008458157069981098,0.8458157069981098
16,830,51,1.6484887599945068,0.015035605058073997,0.009120841510593891,0.9120841510593891
16,831,51,1.7473419904708862,0.009186988696455956,0.005257693585008383,0.5257693585008383
16,832,52,2.8257007598876953,0.01077677309513092,0.003813840914517641,0.3813840914517641
16,833,52,1.299254059791565,0.006902938708662987,0.005313001573085785,0.5313001573085785
16,834,52,1.9158151149749756,0.011123595759272575,0.005806194618344307,0.5806194618344307
16,835,52,1.6503928899765015,0.007976935245096684,0.00483335554599762,0.48333555459976196
16,836,52,1.4427000284194946,0.016273489221930504,0.011279883794486523,1.1279883794486523
16,837,52,1.809327244758606,0.008759002201259136,0.004841027315706015,0.48410273157060146
16,838,52,2.00528621673584,0.0062981052324175835,0.0031407512724399567,0.31407512724399567
16,839,52,1.9753471612930298,0.008841630071401596,0.004475987982004881,0.4475987982004881
16,840,52,1.510655164718628,0.009452584199607372,0.006257274653762579,0.6257274653762579
16,841,52,1.3607512712478638,0.014148565009236336,0.010397613048553467,1.0397613048553467
16,842,52,1.5844123363494873,0.007525324355810881,0.0047495998442173,0.47495998442173004
16,843,52,1.3277217149734497,0.011900304816663265,0.00896295066922903,0.8962950669229031
16,844,52,1.5504260063171387,0.005107562523335218,0.0032942963298410177,0.3294296329841018
16,845,52,1.9421484470367432,0.013495856896042824,0.006948931608349085,0.6948931608349085
16,846,52,1.7785418033599854,0.011572659015655518,0.006506824400275946,0.6506824400275946
16,847,52,1.6891534328460693,0.01628769561648369,0.009642519988119602,0.9642519988119602
16,848,53,1.4431027173995972,0.012168829329311848,0.008432406932115555,0.8432406932115555
16,849,53,2.014828681945801,0.009059026837348938,0.004496177192777395,0.4496177192777395
16,850,53,2.7203726768493652,0.01595074124634266,0.005863439757376909,0.5863439757376909
16,851,53,2.0867061614990234,0.009946032427251339,0.00476637901738286,0.476637901738286
16,852,53,1.409353256225586,0.009266696870326996,0.006575141567736864,0.6575141567736864
16,853,53,1.5514061450958252,0.008955246768891811,0.005772341974079609,0.5772341974079609
16,854,53,1.6980130672454834,0.010893036611378193,0.006415166426450014,0.6415166426450014
16,855,53,1.4338958263397217,0.011443264782428741,0.007980541326105595,0.7980541326105595
16,856,53,1.8952685594558716,0.006540969479829073,0.0034512097481638193,0.34512097481638193
16,857,53,1.6852763891220093,0.005898290313780308,0.003499894868582487,0.3499894868582487
16,858,53,2.0287139415740967,0.015415403060615063,0.007598608732223511,0.7598608732223511
16,859,53,1.9906188249588013,0.009577150456607342,0.0048111421056091785,0.48111421056091785
16,860,53,3.267070770263672,0.022463880479335785,0.006875847466289997,0.6875847466289997
16,861,53,1.5267025232315063,0.007114449515938759,0.00466001033782959,0.466001033782959
16,862,53,1.6496046781539917,0.008167424239218235,0.0049511403776705265,0.49511403776705265
16,863,53,1.6162562370300293,0.006407407112419605,0.003964351024478674,0.3964351024478674
16,864,54,1.3631483316421509,0.007449786644428968,0.005465132649987936,0.5465132649987936
16,865,54,2.065516233444214,0.007987451739609241,0.0038670485373586416,0.38670485373586416
16,866,54,1.7692291736602783,0.009086595848202705,0.005135906860232353,0.5135906860232353
16,867,54,2.094566583633423,0.007784197572618723,0.0037163763772696257,0.37163763772696257
16,868,54,2.0494298934936523,0.006621892563998699,0.0032310900278389454,0.32310900278389454
16,869,54,1.8709447383880615,0.01819506287574768,0.00972506683319807,0.972506683319807
16,870,54,1.9068087339401245,0.011272612027823925,0.005911768414080143,0.5911768414080143
16,871,54,1.93728506565094,0.015781337395310402,0.008146109990775585,0.8146109990775585
16,872,54,1.2077593803405762,0.004198061302304268,0.0034759086556732655,0.34759086556732655
16,873,54,1.6919972896575928,0.0041249534115195274,0.0024379196111112833,0.24379196111112833
16,874,54,1.5030182600021362,0.012411041185259819,0.008257412351667881,0.8257412351667881
16,875,54,1.818747639656067,0.01100225280970335,0.006049356423318386,0.6049356423318386
16,876,54,1.8126451969146729,0.01170419156551361,0.006456967908889055,0.6456967908889055
16,877,54,1.4292445182800293,0.01044563576579094,0.007308501750230789,0.7308501750230789
16,878,54,1.2743556499481201,0.006705733947455883,0.0052620586939156055,0.5262058693915606
16,879,54,1.5544594526290894,0.008262991905212402,0.005315668880939484,0.5315668880939484
16,880,55,1.1895842552185059,0.006714468821883202,0.005644382908940315,0.5644382908940315
16,881,55,1.2803176641464233,0.003414561739191413,0.002666964428499341,0.2666964428499341
16,882,55,1.741697072982788,0.007934007793664932,0.004555331543087959,0.45553315430879593
16,883,55,1.7650223970413208,0.006490562576800585,0.003677325788885355,0.3677325788885355
16,884,55,1.2735226154327393,0.007920580916106701,0.006219427101314068,0.6219427101314068
16,885,55,1.6960225105285645,0.005195830948650837,0.003063538810238242,0.3063538810238242
16,886,55,1.7324459552764893,0.007684043608605862,0.004435372538864613,0.44353725388646126
16,887,55,1.7762490510940552,0.004272713325917721,0.0024054697714746,0.24054697714745998
16,888,55,1.6624977588653564,0.005893195513635874,0.003544784151017666,0.3544784151017666
16,889,55,1.2483385801315308,0.006527903489768505,0.005229273345321417,0.5229273345321417
16,890,55,1.2514760494232178,0.005467056296765804,0.004368486348539591,0.4368486348539591
16,891,55,1.524966835975647,0.009223914705216885,0.006048600189387798,0.6048600189387798
16,892,55,1.820194959640503,0.014431383460760117,0.007928482256829739,0.7928482256829739
16,893,55,1.7323009967803955,0.015406176447868347,0.008893475867807865,0.8893475867807865
16,894,55,1.7989931106567383,0.009699888527393341,0.0053918431513011456,0.5391843151301146
16,895,55,2.0542502403259277,0.008539455011487007,0.004156969022005796,0.41569690220057964
16,896,56,2.1317806243896484,0.0070214527659118176,0.0032937033101916313,0.32937033101916313
16,897,56,1.476427435874939,0.011076532304286957,0.007502253167331219,0.7502253167331219
16,898,56,1.2926418781280518,0.006377699784934521,0.004933848977088928,0.4933848977088928
16,899,56,1.6982312202453613,0.006160311866551638,0.003627487225458026,0.3627487225458026
16,900,56,1.6045327186584473,0.007103396579623222,0.004427080973982811,0.4427080973982811
16,901,56,1.4951103925704956,0.004232247360050678,0.0028307256288826466,0.28307256288826466
16,902,56,1.4183878898620605,0.005345563404262066,0.003768760012462735,0.3768760012462735
16,903,56,1.4772621393203735,0.009447739459574223,0.006395438686013222,0.6395438686013222
16,904,56,2.528583526611328,0.014781064353883266,0.005845590494573116,0.5845590494573116
16,905,56,1.3505481481552124,0.00712629547342658,0.005276594776660204,0.5276594776660204
16,906,56,1.7473068237304688,0.006665804423391819,0.0038149021565914154,0.38149021565914154
16,907,56,1.342940092086792,0.007851783186197281,0.005846711341291666,0.5846711341291666
16,908,56,2.4865686893463135,0.007411163300275803,0.0029804781079292297,0.298047810792923
16,909,56,1.4173773527145386,0.004922529216855764,0.003472984302788973,0.3472984302788973
16,910,56,1.5855567455291748,0.011622775346040726,0.007330406457185745,0.7330406457185745
16,911,56,1.4921873807907104,0.00360128004103899,0.0024134234990924597,0.24134234990924597
16,912,57,1.6944080591201782,0.011488872580230236,0.006780463736504316,0.6780463736504316
16,913,57,1.5181243419647217,0.006387770641595125,0.004207673016935587,0.4207673016935587
16,914,57,1.5186986923217773,0.004494382068514824,0.0029593638610094786,0.29593638610094786
16,915,57,1.4850544929504395,0.00856686569750309,0.005768721457570791,0.5768721457570791
16,916,57,1.3916873931884766,0.009096484631299973,0.006536298897117376,0.6536298897117376
16,917,57,1.5227627754211426,0.010525934398174286,0.0069123925641179085,0.6912392564117908
16,918,57,2.5032057762145996,0.010560576803982258,0.004218820948153734,0.4218820948153734
16,919,57,1.354733943939209,0.013154025189578533,0.009709673933684826,0.9709673933684826
16,920,57,1.8952099084854126,0.010011011734604836,0.005282270722091198,0.5282270722091198
16,921,57,1.3821251392364502,0.0031406984198838472,0.0022723691072314978,0.22723691072314978
16,922,57,1.858422875404358,0.010132757015526295,0.005452341865748167,0.5452341865748167
16,923,57,1.7050539255142212,0.009259982965886593,0.005430903285741806,0.5430903285741806
16,924,57,2.6576952934265137,0.01263069175183773,0.004752498120069504,0.4752498120069504
16,925,57,1.7983732223510742,0.007922942750155926,0.004405616316944361,0.4405616316944361
16,926,57,1.627949595451355,0.007189832627773285,0.004416496027261019,0.4416496027261019
16,927,57,1.7257425785064697,0.005678355693817139,0.003290383843705058,0.3290383843705058
16,928,58,1.9130630493164062,0.0069137862883508205,0.0036139877047389746,0.36139877047389746
16,929,58,1.8572142124176025,0.013733459636569023,0.007394655607640743,0.7394655607640743
16,930,58,1.5603077411651611,0.013212301768362522,0.008467753417789936,0.8467753417789936
16,931,58,1.4754960536956787,0.008624175563454628,0.005844932980835438,0.5844932980835438
16,932,58,1.948256015777588,0.01121716108173132,0.0057575395330786705,0.575753953307867
16,933,58,1.6977593898773193,0.012105378322303295,0.007130208425223827,0.7130208425223827
16,934,58,1.4013279676437378,0.011120649054646492,0.00793579313904047,0.793579313904047
16,935,58,2.0471482276916504,0.011763755232095718,0.00574641115963459,0.574641115963459
16,936,58,1.563920497894287,0.007036377675831318,0.004499191418290138,0.4499191418290138
16,937,58,1.496618628501892,0.010279846377670765,0.0068687149323523045,0.6868714932352304
16,938,58,1.813334345817566,0.0064012533985078335,0.0035301009193062782,0.3530100919306278
16,939,58,1.6046864986419678,0.00815447699278593,0.005081663839519024,0.5081663839519024
16,940,58,2.146874189376831,0.017880266532301903,0.008328511379659176,0.8328511379659176
16,941,58,1.7784918546676636,0.009289592504501343,0.005223297979682684,0.5223297979682684
16,942,58,1.5446653366088867,0.014573360793292522,0.009434639476239681,0.9434639476239681
16,943,58,1.6065919399261475,0.012079207226634026,0.0075185284949839115,0.7518528494983912
16,944,59,2.7752068042755127,0.029343074187636375,0.010573293082416058,1.0573293082416058
16,945,59,1.8785178661346436,0.017307497560977936,0.009213379584252834,0.9213379584252834
16,946,59,1.9447399377822876,0.014388740994036198,0.007398799527436495,0.7398799527436495
16,947,59,1.581977367401123,0.007412238512188196,0.0046854265965521336,0.46854265965521336
16,948,59,1.6517058610916138,0.010674640536308289,0.006462797522544861,0.6462797522544861
16,949,59,1.3352816104888916,0.009594615548849106,0.007185462396591902,0.7185462396591902
16,950,59,2.2206671237945557,0.010368654504418373,0.004669161979109049,0.4669161979109049
16,951,59,2.3641388416290283,0.011876173317432404,0.0050234668888151646,0.5023466888815165
16,952,59,2.340837001800537,0.010363703593611717,0.0044273496605455875,0.44273496605455875
16,953,59,1.720121145248413,0.007322908844798803,0.004257205408066511,0.4257205408066511
16,954,59,2.171722650527954,0.017598364502191544,0.008103412576019764,0.8103412576019764
16,955,59,1.778183937072754,0.00974340457469225,0.0054794130846858025,0.5479413084685802
16,956,59,1.2961968183517456,0.0037310461048036814,0.002878456376492977,0.2878456376492977
16,957,59,1.423699140548706,0.01298065111041069,0.00911755207926035,0.9117552079260349
16,958,59,1.6159244775772095,0.008678396232426167,0.005370545666664839,0.5370545666664839
16,959,59,1.7268333435058594,0.013993518427014351,0.008103571832180023,0.8103571832180023
16,960,60,1.2854923009872437,0.00733470544219017,0.005705756135284901,0.5705756135284901
16,961,60,1.3086788654327393,0.008445117622613907,0.006453162524849176,0.6453162524849176
16,962,60,1.3455140590667725,0.007767343427985907,0.005772770382463932,0.5772770382463932
16,963,60,1.6074681282043457,0.007196088787168264,0.004476660396903753,0.44766603969037533
16,964,60,1.6296961307525635,0.007977119646966457,0.00489485077559948,0.48948507755994797
16,965,60,2.574509382247925,0.014744030311703682,0.005726928357034922,0.5726928357034922
16,966,60,1.9834017753601074,0.009528346359729767,0.004804042633622885,0.4804042633622885
16,967,60,1.6763287782669067,0.012663477100431919,0.0075542922131717205,0.755429221317172
16,968,60,1.2531946897506714,0.004101025406271219,0.0032724568154662848,0.3272456815466285
16,969,60,1.9259278774261475,0.010952984914183617,0.005687120836228132,0.5687120836228132
16,970,60,1.715511441230774,0.019571879878640175,0.011408772319555283,1.1408772319555283
16,971,60,1.641035795211792,0.015589713118970394,0.009499922394752502,0.9499922394752502
16,972,60,2.4849002361297607,0.01606953702867031,0.006466873921453953,0.6466873921453953
16,973,60,2.064592123031616,0.02068832702934742,0.010020539164543152,1.0020539164543152
16,974,60,1.3649684190750122,0.0037909988313913345,0.0027773526962846518,0.2777352696284652
16,975,60,1.8455182313919067,0.006949920207262039,0.003765836590901017,0.3765836590901017
16,976,61,1.4255833625793457,0.010959573090076447,0.007687781471759081,0.7687781471759081
16,977,61,1.4183666706085205,0.007476265076547861,0.005271038506180048,0.5271038506180048
16,978,61,1.7720613479614258,0.005314415320754051,0.002999001881107688,0.2999001881107688
16,979,61,1.2189801931381226,0.0029589994810521603,0.0024274385068565607,0.24274385068565607
16,980,61,1.9545003175735474,0.008555380627512932,0.004377272445708513,0.4377272445708513
16,981,61,1.2921106815338135,0.0033000940456986427,0.00255403365008533,0.255403365008533
16,982,61,1.9427140951156616,0.009030607528984547,0.004648448899388313,0.46484488993883133
16,983,61,1.6588842868804932,0.007808090187609196,0.004706832114607096,0.47068321146070957
16,984,61,1.7625449895858765,0.0061625405214726925,0.003496387740597129,0.3496387740597129
16,985,61,1.5773625373840332,0.00435205502435565,0.00275907083414495,0.275907083414495
16,986,61,1.9723083972930908,0.012231269851326942,0.006201499607414007,0.6201499607414007
16,987,61,1.3479065895080566,0.0038160374388098717,0.002831084420904517,0.2831084420904517
16,988,61,1.1539278030395508,0.0056124720722436905,0.004863798152655363,0.4863798152655363
16,989,61,2.066749334335327,0.013489985838532448,0.006527151446789503,0.6527151446789503
16,990,61,1.5468488931655884,0.010682513006031513,0.006905983667820692,0.6905983667820692
16,991,61,1.966040849685669,0.006066673435270786,0.0030857310630381107,0.3085731063038111
16,992,62,1.7913366556167603,0.01446071732789278,0.008072584867477417,0.8072584867477417
16,993,62,1.8590983152389526,0.011691497638821602,0.006288799922913313,0.6288799922913313
16,994,62,1.2610355615615845,0.0023569997865706682,0.0018690986325964332,0.18690986325964332
16,995,62,1.665461540222168,0.009912035427987576,0.0059515247121453285,0.5951524712145329
16,996,62,1.563476324081421,0.003663010895252228,0.0023428630083799362,0.23428630083799362
16,997,62,1.3115030527114868,0.009647018276154995,0.0073556965216994286,0.7355696521699429
16,998,62,2.1803057193756104,0.006617689039558172,0.003035211469978094,0.3035211469978094
16,999,62,1.6477712392807007,0.00891468208283186,0.005410145502537489,0.5410145502537489
16,1000,62,1.5738714933395386,0.0075622606091201305,0.004804878029972315,0.4804878029972315
16,1001,62,1.4740159511566162,0.013545368798077106,0.009189431555569172,0.9189431555569172
16,1002,62,1.3408082723617554,0.009355977177619934,0.006977863609790802,0.6977863609790802
16,1003,62,1.6656955480575562,0.006132079288363457,0.003681392641738057,0.3681392641738057
16,1004,62,1.5869749784469604,0.012441901490092278,0.007840011268854141,0.7840011268854141
16,1005,62,1.604730248451233,0.006546121556311846,0.004079265985637903,0.4079265985637903
16,1006,62,1.822476863861084,0.009264686144888401,0.0050835683941841125,0.5083568394184113
16,1007,62,1.4766572713851929,0.005015356931835413,0.003396425861865282,0.3396425861865282
16,1008,63,1.3185968399047852,0.007417847402393818,0.005625561345368624,0.5625561345368624
16,1009,63,3.8310699462890625,0.021403932943940163,0.005586933344602585,0.5586933344602585
16,1010,63,1.4882622957229614,0.008169458247721195,0.005489259492605925,0.5489259492605925
16,1011,63,1.606874942779541,0.007294263690710068,0.004539409652352333,0.4539409652352333
16,1012,63,1.2377201318740845,0.007934434339404106,0.006410523783415556,0.6410523783415556
16,1013,63,1.922346830368042,0.008573513478040695,0.004459920339286327,0.44599203392863274
16,1014,63,2.1966962814331055,0.008956187404692173,0.004077116958796978,0.4077116958796978
16,1015,63,1.1345785856246948,0.008135804906487465,0.007170772645622492,0.7170772645622492
16,1016,63,1.6763594150543213,0.003418833017349243,0.002039439044892788,0.2039439044892788
16,1017,63,1.52872633934021,0.01277435664087534,0.00835620891302824,0.835620891302824
16,1018,63,1.4594066143035889,0.0066811442375183105,0.004577986896038055,0.45779868960380554
16,1019,63,1.3572921752929688,0.008010338060557842,0.005901705008000135,0.5901705008000135
16,1020,63,1.6029746532440186,0.0048132347874343395,0.0030026892200112343,0.30026892200112343
16,1021,63,1.6645481586456299,0.008371325209736824,0.00502918753772974,0.502918753772974
16,1022,63,1.737078070640564,0.007560545578598976,0.004352449905127287,0.4352449905127287
16,1023,63,1.5020880699157715,0.007906177081167698,0.005263457540422678,0.5263457540422678
16,1024,64,1.7899647951126099,0.010417766869068146,0.005820096004754305,0.5820096004754305
16,1025,64,1.2273601293563843,0.0067053004167973995,0.0054631889797747135,0.5463188979774714
16,1026,64,1.3643691539764404,0.012469153851270676,0.009139134548604488,0.9139134548604488
16,1027,64,1.316493272781372,0.007134506478905678,0.005419326014816761,0.5419326014816761
16,1028,64,1.6190916299819946,0.0063788872212171555,0.003939793910831213,0.3939793910831213
16,1029,64,1.4732588529586792,0.009804275818169117,0.006654822267591953,0.6654822267591953
16,1030,64,1.4236605167388916,0.003849556902423501,0.0027039851993322372,0.2703985199332237
16,1031,64,1.8134260177612305,0.004908307455480099,0.0027066487818956375,0.27066487818956375
16,1032,64,1.738539695739746,0.002718567382544279,0.0015637073665857315,0.15637073665857315
16,1033,64,1.3110718727111816,0.007357537746429443,0.00561184948310256,0.561184948310256
16,1034,64,1.3660953044891357,0.011509492993354797,0.008425102569162846,0.8425102569162846
16,1035,64,1.735317349433899,0.011164011433720589,0.006433411967009306,0.6433411967009306
16,1036,64,2.333524465560913,0.007492871955037117,0.0032109678722918034,0.32109678722918034
16,1037,64,1.4736559391021729,0.01100686751306057,0.007469089236110449,0.7469089236110449
16,1038,64,2.1444411277770996,0.005815442651510239,0.0027118686120957136,0.27118686120957136
16,1039,64,1.7947715520858765,0.014716893434524536,0.008199869655072689,0.8199869655072689
16,1040,65,1.879638910293579,0.004523304756730795,0.002406475367024541,0.2406475367024541
16,1041,65,2.123945713043213,0.021123601123690605,0.009945452213287354,0.9945452213287354
16,1042,65,1.0737069845199585,0.005083042662590742,0.00473410589620471,0.473410589620471
16,1043,65,1.125216007232666,0.005540625192224979,0.0049240547232329845,0.49240547232329845
16,1044,65,1.1601498126983643,0.008752004243433475,0.007543856743723154,0.7543856743723154
16,1045,65,1.4160079956054688,0.005258180201053619,0.0037133831065148115,0.37133831065148115
16,1046,65,1.6888519525527954,0.009943803772330284,0.005887907464057207,0.5887907464057207
16,1047,65,1.3012133836746216,0.006507547572255135,0.005001137964427471,0.5001137964427471
16,1048,65,2.1881237030029297,0.01590915583074093,0.007270684000104666,0.7270684000104666
16,1049,65,1.2673678398132324,0.005447001196444035,0.004297885112464428,0.4297885112464428
16,1050,65,1.290683627128601,0.0070209139958024025,0.005439686123281717,0.5439686123281717
16,1051,65,1.2706713676452637,0.003613464767113328,0.0028437445871531963,0.28437445871531963
16,1052,65,2.482865810394287,0.018433991819620132,0.007424481678754091,0.7424481678754091
16,1053,65,1.63956880569458,0.010466363281011581,0.006383607164025307,0.6383607164025307
16,1054,65,1.397507667541504,0.004946990869939327,0.003539866767823696,0.3539866767823696
16,1055,65,1.586120367050171,0.01392863504588604,0.008781574666500092,0.8781574666500092
16,1056,66,1.409290075302124,0.005930426064878702,0.004208094906061888,0.4208094906061888
16,1057,66,1.7022781372070312,0.006098656915128231,0.0035826442763209343,0.35826442763209343
16,1058,66,1.8633570671081543,0.007063683588057756,0.0037908372469246387,0.3790837246924639
16,1059,66,1.2864327430725098,0.0045638661831617355,0.003547691274434328,0.3547691274434328
16,1060,66,1.2862310409545898,0.006530374754220247,0.005077139940112829,0.5077139940112829
16,1061,66,2.290005922317505,0.01083892397582531,0.00473314244300127,0.47331424430012703
16,1062,66,1.4320943355560303,0.003999747335910797,0.002792935585603118,0.2792935585603118
16,1063,66,1.6290959119796753,0.004794229753315449,0.0029428775887936354,0.29428775887936354
16,1064,66,1.3047634363174438,0.00518008042126894,0.003970129881054163,0.3970129881054163
16,1065,66,1.7021363973617554,0.011600576341152191,0.006815303582698107,0.6815303582698107
16,1066,66,2.1515920162200928,0.005939829163253307,0.002760667121037841,0.2760667121037841
16,1067,66,1.4916541576385498,0.0038596559315919876,0.0025875004939734936,0.25875004939734936
16,1068,66,2.1069717407226562,0.008433842100203037,0.004002826288342476,0.4002826288342476
16,1069,66,1.2347041368484497,0.003997829742729664,0.0032378847245126963,0.3237884724512696
16,1070,66,1.356412649154663,0.004056242760270834,0.0029904195107519627,0.29904195107519627
16,1071,66,2.0456862449645996,0.00786535069346428,0.003844846971333027,0.3844846971333027
16,1072,67,2.0377538204193115,0.010293454863131046,0.005051373038440943,0.5051373038440943
16,1073,67,1.7930002212524414,0.013770658522844315,0.007680232636630535,0.7680232636630535
16,1074,67,1.1949292421340942,0.006189159117639065,0.005179519299417734,0.5179519299417734
16,1075,67,1.981149435043335,0.009771348908543587,0.004932161420583725,0.4932161420583725
16,1076,67,2.479423999786377,0.008539269678294659,0.0034440536983311176,0.34440536983311176
16,1077,67,2.0946693420410156,0.01143888384103775,0.005460949614644051,0.5460949614644051
16,1078,67,2.5038623809814453,0.014714725315570831,0.005876810755580664,0.5876810755580664
16,1079,67,1.627216100692749,0.015511730685830116,0.009532679803669453,0.9532679803669453
16,1080,67,1.4034051895141602,0.011475609615445137,0.008176974952220917,0.8176974952220917
16,1081,67,1.7262067794799805,0.008213759399950504,0.004758270923048258,0.4758270923048258
16,1082,67,1.3929797410964966,0.010312480852007866,0.007403180934488773,0.7403180934488773
16,1083,67,1.907362699508667,0.0073811374604702,0.0038698131684213877,0.38698131684213877
16,1084,67,1.6438038349151611,0.008158586919307709,0.004963236395269632,0.49632363952696323
16,1085,67,1.3697013854980469,0.005719916895031929,0.004176032263785601,0.41760322637856007
16,1086,67,2.008496046066284,0.01742454431951046,0.00867541879415512,0.8675418794155121
16,1087,67,1.5529123544692993,0.013411437161266804,0.008636312559247017,0.8636312559247017
16,1088,68,1.6783527135849,0.009283546358346939,0.005531344097107649,0.5531344097107649
16,1089,68,1.6457270383834839,0.008727031759917736,0.005302842706441879,0.5302842706441879
16,1090,68,1.4758694171905518,0.016760680824518204,0.011356479488313198,1.1356479488313198
16,1091,68,1.374090313911438,0.006897985935211182,0.005020038224756718,0.5020038224756718
16,1092,68,2.151041269302368,0.012172592803835869,0.005658930167555809,0.5658930167555809
16,1093,68,1.5935187339782715,0.004663454368710518,0.002926513785496354,0.2926513785496354
16,1094,68,2.0038888454437256,0.008466570638120174,0.004225070122629404,0.4225070122629404
16,1095,68,1.9270045757293701,0.011901820078492165,0.006176332011818886,0.6176332011818886
16,1096,68,1.2400577068328857,0.007191817741841078,0.005799583159387112,0.5799583159387112
16,1097,68,2.082486152648926,0.014731686562299728,0.007074085995554924,0.7074085995554924
16,1098,68,1.3446505069732666,0.007617034949362278,0.005664695054292679,0.5664695054292679
16,1099,68,1.4228618144989014,0.004171502776443958,0.002931769471615553,0.2931769471615553
16,1100,68,1.1639463901519775,0.004162581637501717,0.0035762658808380365,0.35762658808380365
16,1101,68,1.8300561904907227,0.008142190054059029,0.00444914773106575,0.444914773106575
16,1102,68,1.4333341121673584,0.00965226348489523,0.006734133698046207,0.6734133698046207
16,1103,68,1.568946123123169,0.008905756287276745,0.005676266271620989,0.5676266271620989
16,1104,69,1.5542933940887451,0.00792872067540884,0.005101173650473356,0.5101173650473356
16,1105,69,1.770899772644043,0.006186922080814838,0.003493660129606724,0.3493660129606724
16,1106,69,1.5438158512115479,0.007002643309533596,0.0045359316281974316,0.45359316281974316
16,1107,69,1.4264509677886963,0.0031111110001802444,0.0021810149773955345,0.21810149773955345
16,1108,69,1.3467601537704468,0.01071325596421957,0.007954835891723633,0.7954835891723633
16,1109,69,1.372897744178772,0.006450331769883633,0.0046983337961137295,0.46983337961137295
16,1110,69,1.7190721035003662,0.0104282908141613,0.006066232454031706,0.6066232454031706
16,1111,69,1.2692197561264038,0.006861092522740364,0.005405756179243326,0.5405756179243326
16,1112,69,1.6729713678359985,0.007557364646345377,0.004517330322414637,0.45173303224146366
16,1113,69,1.2196894884109497,0.004267644137144089,0.0034989595878869295,0.34989595878869295
16,1114,69,1.4841645956039429,0.003015554742887616,0.002031819662079215,0.2031819662079215
16,1115,69,1.2625129222869873,0.005965360440313816,0.004724989645183086,0.47249896451830864
16,1116,69,2.0349576473236084,0.01392581220716238,0.0068432935513556,0.68432935513556
16,1117,69,2.9988932609558105,0.01586613990366459,0.005290665198117495,0.5290665198117495
16,1118,69,2.1538445949554443,0.013931036926805973,0.006467985920608044,0.6467985920608044
16,1119,69,1.1953604221343994,0.002658266806975007,0.002223820425570011,0.22238204255700111
16,1120,70,1.8881474733352661,0.008053135126829147,0.004265098366886377,0.42650983668863773
16,1121,70,1.83722984790802,0.003131633624434471,0.0017045410349965096,0.17045410349965096
16,1122,70,1.9761079549789429,0.015890540555119514,0.008041332475841045,0.8041332475841045
16,1123,70,1.5562081336975098,0.009518332779407501,0.006116362288594246,0.6116362288594246
16,1124,70,1.510963797569275,0.012981628067791462,0.008591621182858944,0.8591621182858944
16,1125,70,1.7428953647613525,0.009660543873906136,0.0055428133346140385,0.5542813334614038
16,1126,70,2.4390177726745605,0.00939298514276743,0.003851134330034256,0.3851134330034256
16,1127,70,1.7890713214874268,0.014870721846818924,0.008311978541314602,0.8311978541314602
16,1128,70,1.4603978395462036,0.011991973966360092,0.008211443200707436,0.8211443200707436
16,1129,70,1.660004734992981,0.010330092161893845,0.006222929339855909,0.6222929339855909
16,1130,70,1.3701893091201782,0.002566617913544178,0.0018731849268078804,0.18731849268078804
16,1131,70,1.9912302494049072,0.010401785373687744,0.00522379856556654,0.522379856556654
16,1132,70,1.3621081113815308,0.0049381377175450325,0.0036253640428185463,0.36253640428185463
16,1133,70,1.8779280185699463,0.006992620881646872,0.0037235829513520002,0.3723582951352
16,1134,70,1.4566081762313843,0.011203344911336899,0.007691392209380865,0.7691392209380865
16,1135,70,1.6320970058441162,0.010528182610869408,0.006450708955526352,0.6450708955526352
16,1136,71,1.4051179885864258,0.012937111780047417,0.009207135997712612,0.9207135997712612
16,1137,71,1.0768307447433472,0.007498147897422314,0.006963162682950497,0.6963162682950497
16,1138,71,1.9249191284179688,0.009717555716633797,0.005048293154686689,0.5048293154686689
16,1139,71,1.737872838973999,0.009378086775541306,0.005396301858127117,0.5396301858127117
16,1140,71,1.4949694871902466,0.007306304760277271,0.004887260030955076,0.4887260030955076
16,1141,71,1.2385406494140625,0.007312113884836435,0.005903813987970352,0.5903813987970352
16,1142,71,1.151214361190796,0.01346629485487938,0.011697469279170036,1.1697469279170036
16,1143,71,2.778035879135132,0.03540521115064621,0.012744692154228687,1.2744692154228687
16,1144,71,2.080742835998535,0.01480228640139103,0.007113943342119455,0.7113943342119455
16,1145,71,1.4575811624526978,0.005044070538133383,0.003460576059296727,0.3460576059296727
16,1146,71,2.3701488971710205,0.020416222512722015,0.008613898418843746,0.8613898418843746
16,1147,71,1.8886919021606445,0.018577158451080322,0.009835992008447647,0.9835992008447647
16,1148,71,3.00797176361084,0.021212194114923477,0.007051992230117321,0.7051992230117321
16,1149,71,1.4515588283538818,0.00602547824382782,0.004151039756834507,0.4151039756834507
16,1150,71,1.3071526288986206,0.00513046607375145,0.003924917429685593,0.39249174296855927
16,1151,71,1.9438180923461914,0.012258157134056091,0.0063062263652682304,0.630622636526823
16,1152,72,1.8279920816421509,0.008434226736426353,0.004613929428160191,0.46139294281601906
16,1153,72,2.38742733001709,0.01444898173213005,0.006052113603800535,0.6052113603800535
16,1154,72,1.5806254148483276,0.0062063317745924,0.00392650393769145,0.392650393769145
16,1155,72,1.0833666324615479,0.0036001838743686676,0.0033231445122510195,0.33231445122510195
16,1156,72,1.8855867385864258,0.0185058806091547,0.009814388118684292,0.9814388118684292
16,1157,72,1.942589521408081,0.010274834930896759,0.005289246328175068,0.5289246328175068
16,1158,72,1.537807822227478,0.005491179414093494,0.003570783883333206,0.3570783883333206
16,1159,72,1.9813753366470337,0.00817197933793068,0.004124397411942482,0.4124397411942482
16,1160,72,1.6513046026229858,0.007578420918434858,0.004589353688061237,0.45893536880612373
16,1161,72,1.5908734798431396,0.007114028092473745,0.0044717746786773205,0.44717746786773205
16,1162,72,1.6419597864151,0.011483553797006607,0.006993809249252081,0.6993809249252081
16,1163,72,1.5187156200408936,0.012660812586545944,0.008336526341736317,0.8336526341736317
16,1164,72,1.3823151588439941,0.009984842501580715,0.007223275024443865,0.7223275024443865
16,1165,72,2.0779497623443604,0.00722395908087492,0.003476483980193734,0.3476483980193734
16,1166,72,1.1764721870422363,0.00723339943215251,0.006148381158709526,0.6148381158709526
16,1167,72,2.1170451641082764,0.009564385749399662,0.004517799708992243,0.4517799708992243
16,1168,73,1.5931074619293213,0.008402615785598755,0.005274355877190828,0.5274355877190828
16,1169,73,2.3154401779174805,0.007199492305517197,0.0031093405559659004,0.31093405559659004
16,1170,73,1.673506259918213,0.009727639146149158,0.0058127292431890965,0.5812729243189096
16,1171,73,1.3741933107376099,0.0031587164849042892,0.002298597013577819,0.2298597013577819
16,1172,73,2.9021453857421875,0.014487477019429207,0.004991988651454449,0.49919886514544487
16,1173,73,1.4668188095092773,0.009479423053562641,0.006462572608143091,0.6462572608143091
16,1174,73,1.1663992404937744,0.006730141118168831,0.005770015064626932,0.5770015064626932
16,1175,73,1.308119535446167,0.003052719635888934,0.0023336701560765505,0.23336701560765505
16,1176,73,1.2256672382354736,0.0050936671905219555,0.004155831877142191,0.4155831877142191
16,1177,73,1.63430917263031,0.003829128108918667,0.0023429642897099257,0.23429642897099257
16,1178,73,1.6330153942108154,0.005469359457492828,0.0033492394722998142,0.3349239472299814
16,1179,73,1.37168550491333,0.007118409499526024,0.005189534742385149,0.5189534742385149
16,1180,73,1.9371225833892822,0.010285834781825542,0.005309852305799723,0.5309852305799723
16,1181,73,1.2196441888809204,0.0078116171061992645,0.006404832936823368,0.6404832936823368
16,1182,73,2.07673716545105,0.013870076276361942,0.006678782869130373,0.6678782869130373
16,1183,73,2.036921739578247,0.007737040985375643,0.003798398654907942,0.3798398654907942
16,1184,74,1.4423748254776,0.005688247736543417,0.003943668212741613,0.39436682127416134
16,1185,74,1.340938925743103,0.004385632462799549,0.003270568326115608,0.3270568326115608
16,1186,74,1.426227331161499,0.011406820267438889,0.007997897453606129,0.7997897453606129
16,1187,74,1.2208890914916992,0.007310069631785154,0.005987497046589851,0.5987497046589851
16,1188,74,1.8972480297088623,0.011764785274863243,0.006200973875820637,0.6200973875820637
16,1189,74,1.416465163230896,0.013157187961041927,0.009288747794926167,0.9288747794926167
16,1190,74,1.6409964561462402,0.00888369046151638,0.005413595121353865,0.5413595121353865
16,1191,74,1.4645302295684814,0.008204001933336258,0.005601797718554735,0.5601797718554735
16,1192,74,1.473414659500122,0.006383300758898258,0.004332317970693111,0.43323179706931114
16,1193,74,1.3180855512619019,0.008149844594299793,0.0061830924823880196,0.618309248238802
16,1194,74,2.0948121547698975,0.014605407603085041,0.006972180213779211,0.6972180213779211
16,1195,74,1.9829803705215454,0.008516683243215084,0.004294890444725752,0.4294890444725752
16,1196,74,1.917378306388855,0.005290191154927015,0.0027590752579271793,0.27590752579271793
16,1197,74,1.4411113262176514,0.006682575214654207,0.004637098405510187,0.4637098405510187
16,1198,74,1.620133638381958,0.010145442560315132,0.006262102164328098,0.6262102164328098
16,1199,74,2.5043418407440186,0.013894579373300076,0.005548195913434029,0.5548195913434029
16,1200,75,1.634685754776001,0.01340691838413477,0.00820152647793293,0.820152647793293
16,1201,75,1.422303557395935,0.009081020019948483,0.006384727079421282,0.6384727079421282
16,1202,75,2.3562827110290527,0.016957538202404976,0.007196733262389898,0.7196733262389898
16,1203,75,2.2887039184570312,0.013108596205711365,0.005727519281208515,0.5727519281208515
16,1204,75,1.6288923025131226,0.005357213318347931,0.003288869047537446,0.3288869047537446
16,1205,75,1.7887452840805054,0.00610269233584404,0.0034117167815566063,0.34117167815566063
16,1206,75,1.1540064811706543,0.0030822649132460356,0.002670925110578537,0.2670925110578537
16,1207,75,1.4277592897415161,0.0074043055064976215,0.005185962188988924,0.5185962188988924
16,1208,75,2.298963785171509,0.010384016670286655,0.00451682461425662,0.45168246142566204
16,1209,75,2.248892307281494,0.009335331618785858,0.0041510798037052155,0.41510798037052155
16,1210,75,1.3541004657745361,0.003985408693552017,0.00294321496039629,0.294321496039629
16,1211,75,1.1927430629730225,0.0051744235679507256,0.004338255152106285,0.4338255152106285
16,1212,75,1.6857112646102905,0.01178691629320383,0.006992251146584749,0.6992251146584749
16,1213,75,1.5249110460281372,0.013852521777153015,0.00908415112644434,0.908415112644434
16,1214,75,1.4017431735992432,0.006380243226885796,0.00455164909362793,0.45516490936279297
16,1215,75,1.3418595790863037,0.004958765581250191,0.0036954430397599936,0.36954430397599936
16,1216,76,1.5878653526306152,0.00688636489212513,0.004336869344115257,0.4336869344115257
16,1217,76,1.0534083843231201,0.0033677704632282257,0.0031970227137207985,0.31970227137207985
16,1218,76,1.9257971048355103,0.011188535019755363,0.005809820257127285,0.5809820257127285
16,1219,76,1.970939040184021,0.011257404461503029,0.005711696110665798,0.5711696110665798
16,1220,76,1.3550976514816284,0.006026578601449728,0.004447339102625847,0.4447339102625847
16,1221,76,1.7965792417526245,0.013927031308412552,0.007751971483230591,0.7751971483230591
16,1222,76,1.50396728515625,0.008002680726349354,0.005321047268807888,0.5321047268807888
16,1223,76,1.4700038433074951,0.006630059331655502,0.004510232713073492,0.4510232713073492
16,1224,76,1.83176589012146,0.010588860139250755,0.005780684296041727,0.5780684296041727
16,1225,76,1.1462109088897705,0.007190080359578133,0.00627291202545166,0.627291202545166
16,1226,76,2.6755259037017822,0.012137223966419697,0.004536387976258993,0.4536387976258993
16,1227,76,1.8596222400665283,0.008759681135416031,0.004710462875664234,0.4710462875664234
16,1228,76,1.9500178098678589,0.013259139843285084,0.0067994967103004456,0.6799496710300446
16,1229,76,1.3124682903289795,0.009264519438147545,0.007058851886540651,0.7058851886540651
16,1230,76,1.5691944360733032,0.009733744896948338,0.006203020457178354,0.6203020457178354
16,1231,76,1.8693265914916992,0.00501573272049427,0.0026831761933863163,0.26831761933863163
16,1232,77,1.4478486776351929,0.00718068378046155,0.004959553945809603,0.4959553945809603
16,1233,77,1.8597468137741089,0.006700513884425163,0.003602917306125164,0.3602917306125164
16,1234,77,1.2109174728393555,0.0029972849879413843,0.0024752181489020586,0.24752181489020586
16,1235,77,1.488783359527588,0.0036493290681391954,0.002451215637847781,0.24512156378477812
16,1236,77,1.7091801166534424,0.009451872669160366,0.005530062597244978,0.5530062597244978
16,1237,77,1.2327871322631836,0.006942443083971739,0.0056315017864108086,0.5631501786410809
16,1238,77,1.6941133737564087,0.006446178071200848,0.003805045271292329,0.3805045271292329
16,1239,77,1.3918794393539429,0.008164598606526852,0.005865880753844976,0.5865880753844976
16,1240,77,1.7824182510375977,0.0049858856946229935,0.0027972590178251266,0.27972590178251266
16,1241,77,1.8443129062652588,0.012481175363063812,0.006767384707927704,0.6767384707927704
16,1242,77,1.8814417123794556,0.017509467899799347,0.009306410327553749,0.9306410327553749
16,1243,77,1.1400253772735596,0.005154696758836508,0.004521563183516264,0.4521563183516264
16,1244,77,1.9712222814559937,0.008405441418290138,0.0042640757746994495,0.42640757746994495
16,1245,77,1.24189031124115,0.006117143668234348,0.004925671499222517,0.4925671499222517
16,1246,77,1.4235203266143799,0.006309815216809511,0.004432543180882931,0.4432543180882931
16,1247,77,1.3779911994934082,0.006103926803916693,0.004429583437740803,0.4429583437740803
16,1248,78,1.3305702209472656,0.010678982362151146,0.00802586879581213,0.802586879581213
16,1249,78,1.414930820465088,0.004830305464565754,0.003413810394704342,0.3413810394704342
16,1250,78,1.5767953395843506,0.007481022737920284,0.00474444730207324,0.47444473020732403
16,1251,78,1.3989382982254028,0.00856481771916151,0.006122369784861803,0.6122369784861803
16,1252,78,1.6008566617965698,0.008095348253846169,0.0050568850710988045,0.5056885071098804
16,1253,78,1.100866675376892,0.008532729931175709,0.007750920485705137,0.7750920485705137
16,1254,78,1.4892382621765137,0.010881246998906136,0.007306585554033518,0.7306585554033518
16,1255,78,1.8226878643035889,0.012090259231626987,0.006633203476667404,0.6633203476667404
16,1256,78,1.9159467220306396,0.012838607653975487,0.00670092087239027,0.670092087239027
16,1257,78,1.8670499324798584,0.00630231574177742,0.0033755474723875523,0.3375547472387552
16,1258,78,1.7956584692001343,0.01368766464293003,0.0076226438395679,0.76226438395679
16,1259,78,1.931609869003296,0.010341036133468151,0.005353584419935942,0.5353584419935942
16,1260,78,1.3421649932861328,0.010263501666486263,0.007646974641829729,0.7646974641829729
16,1261,78,1.7168790102005005,0.008374995552003384,0.004878034815192223,0.48780348151922226
16,1262,78,1.1082712411880493,0.008131155744194984,0.007336792070418596,0.7336792070418596
16,1263,78,1.3335270881652832,0.009634597226977348,0.007224897854030132,0.7224897854030132
16,1264,79,1.6741106510162354,0.006488226819783449,0.00387562601827085,0.387562601827085
16,1265,79,2.168067216873169,0.012099629268050194,0.005580836907029152,0.5580836907029152
16,1266,79,1.4499146938323975,0.008665615692734718,0.005976638291031122,0.5976638291031122
16,1267,79,1.7293590307235718,0.009225256741046906,0.005334494635462761,0.5334494635462761
16,1268,79,1.282588005065918,0.003317817347124219,0.0025868145748972893,0.2586814574897289
16,1269,79,1.3640109300613403,0.0062708668410778046,0.004597372841089964,0.4597372841089964
16,1270,79,1.2572635412216187,0.01029500924050808,0.008188425563275814,0.8188425563275814
16,1271,79,1.3825427293777466,0.00792771577835083,0.005734155885875225,0.5734155885875225
16,1272,79,1.3154555559158325,0.0027555744163691998,0.0020947682205587626,0.20947682205587626
16,1273,79,1.4857244491577148,0.005978947505354881,0.004024263937026262,0.40242639370262623
16,1274,79,1.5298166275024414,0.00842422153800726,0.005506687331944704,0.5506687331944704
16,1275,79,2.0375075340270996,0.011712757870554924,0.005748571362346411,0.5748571362346411
16,1276,79,1.325648307800293,0.0056030647829174995,0.004226659890264273,0.42266598902642727
16,1277,79,1.6561692953109741,0.010168490931391716,0.006139765493571758,0.6139765493571758
16,1278,79,1.5006928443908691,0.010651282966136932,0.00709757674485445,0.709757674485445
16,1279,79,1.4859461784362793,0.004351355135440826,0.0029283396434038877,0.2928339643403888
16,1280,80,1.3176906108856201,0.002867953386157751,0.0021764999255537987,0.21764999255537987
16,1281,80,1.3787741661071777,0.007036320865154266,0.0051033166237175465,0.5103316623717546
16,1282,80,2.5822815895080566,0.009823594242334366,0.0038042303640395403,0.38042303640395403
16,1283,80,1.1811864376068115,0.004660246893763542,0.0039453948847949505,0.39453948847949505
16,1284,80,1.1465272903442383,0.0051608700305223465,0.004501305986195803,0.45013059861958027
16,1285,80,1.2640308141708374,0.0036413760390132666,0.0028807653579860926,0.28807653579860926
16,1286,80,1.7586320638656616,0.00876524392515421,0.0049841259606182575,0.49841259606182575
16,1287,80,1.2729679346084595,0.004744797479361296,0.0037273503839969635,0.37273503839969635
16,1288,80,2.078221559524536,0.006261938251554966,0.0030131235253065825,0.30131235253065825
16,1289,80,1.113716721534729,0.005394339561462402,0.004843547474592924,0.4843547474592924
16,1290,80,1.4610857963562012,0.004838277120143175,0.003311425680294633,0.3311425680294633
16,1291,80,1.706167459487915,0.007049920037388802,0.004132021218538284,0.41320212185382843
16,1292,80,1.540372610092163,0.006782719865441322,0.004403298255056143,0.4403298255056143
16,1293,80,1.7061917781829834,0.007119709625840187,0.004172865767031908,0.4172865767031908
16,1294,80,1.254708170890808,0.0020149906631559134,0.0016059436602517962,0.16059436602517962
16,1295,80,1.0806241035461426,0.004705033265054226,0.004353996366262436,0.4353996366262436
16,1296,81,1.4362303018569946,0.010336168110370636,0.00719673465937376,0.719673465937376
16,1297,81,1.2766698598861694,0.0048284390941262245,0.0037820576690137386,0.37820576690137386
16,1298,81,1.4029587507247925,0.005777797661721706,0.004118294920772314,0.4118294920772314
16,1299,81,2.0138044357299805,0.006700814235955477,0.003327440470457077,0.3327440470457077
16,1300,81,1.5136971473693848,0.0071748909540474415,0.004739977885037661,0.47399778850376606
16,1301,81,1.5903096199035645,0.009138120338320732,0.005746126640588045,0.5746126640588045
16,1302,81,1.5832371711730957,0.008934701792895794,0.005643312353640795,0.5643312353640795
16,1303,81,2.110219717025757,0.017958011478185654,0.00851001963019371,0.851001963019371
16,1304,81,1.3592044115066528,0.003291480476036668,0.0024216228630393744,0.24216228630393744
16,1305,81,1.3363771438598633,0.008921082131564617,0.006675572134554386,0.6675572134554386
16,1306,81,1.2942125797271729,0.005101220682263374,0.003941563423722982,0.39415634237229824
16,1307,81,1.466068983078003,0.01135018840432167,0.007741919718682766,0.7741919718682766
16,1308,81,1.74782133102417,0.010592250153422356,0.006060258951038122,0.6060258951038122
16,1309,81,1.24081552028656,0.005189594347029924,0.004182406235486269,0.4182406235486269
16,1310,81,2.0791893005371094,0.012810439802706242,0.0061612664721906185,0.6161266472190619
16,1311,81,1.9904100894927979,0.009008553810417652,0.004525978583842516,0.4525978583842516
16,1312,82,1.5939545631408691,0.012689399532973766,0.007960954681038857,0.7960954681038857
16,1313,82,1.3431874513626099,0.010440634563565254,0.007773028686642647,0.7773028686642647
16,1314,82,1.5831072330474854,0.00735489884391427,0.004645862616598606,0.4645862616598606
16,1315,82,3.277391195297241,0.02695079892873764,0.008223247714340687,0.8223247714340687
16,1316,82,1.6165918111801147,0.013165544718503952,0.008144012652337551,0.8144012652337551
16,1317,82,1.4656968116760254,0.010392621159553528,0.0070905666798353195,0.709056667983532
16,1318,82,1.5593791007995605,0.007229601964354515,0.004636205732822418,0.4636205732822418
16,1319,82,1.9319342374801636,0.01165751088410616,0.006034113932400942,0.6034113932400942
16,1320,82,1.3934290409088135,0.007992149330675602,0.0057355985045433044,0.5735598504543304
16,1321,82,1.561968207359314,0.011537821032106876,0.0073867193423211575,0.7386719342321157
16,1322,82,1.831956148147583,0.00972273200750351,0.005307295359671116,0.5307295359671116
16,1323,82,1.1456985473632812,0.00841676164418459,0.007346401456743479,0.7346401456743479
16,1324,82,1.6961714029312134,0.008749186992645264,0.005158197600394487,0.5158197600394487
16,1325,82,2.027683734893799,0.011363497003912926,0.005604176316410303,0.5604176316410303
16,1326,82,2.178438901901245,0.011480353772640228,0.005269991233944893,0.5269991233944893
16,1327,82,1.7954684495925903,0.014406133443117142,0.008023607544600964,0.8023607544600964
16,1328,83,1.302024245262146,0.002233301056548953,0.001715252990834415,0.1715252990834415
16,1329,83,1.7134150266647339,0.008660834282636642,0.005054720677435398,0.5054720677435398
16,1330,83,1.5671488046646118,0.015069968067109585,0.009616169147193432,0.9616169147193432
16,1331,83,1.5645573139190674,0.011167260818183422,0.00713764876127243,0.713764876127243
16,1332,83,1.7576282024383545,0.007044695783406496,0.004008069168776274,0.4008069168776274
16,1333,83,1.6312763690948486,0.0035255844704806805,0.002161242999136448,0.2161242999136448
16,1334,83,2.007019281387329,0.007022153586149216,0.0034987973049283028,0.3498797304928303
16,1335,83,2.0710790157318115,0.017656706273555756,0.008525365963578224,0.8525365963578224
16,1336,83,1.898021936416626,0.017816269770264626,0.009386756457388401,0.9386756457388401
16,1337,83,1.0450928211212158,0.006769058294594288,0.006476992275565863,0.6476992275565863
16,1338,83,1.8262802362442017,0.008472936227917671,0.004639449995011091,0.4639449995011091
16,1339,83,1.27201509475708,0.007595930248498917,0.005971572361886501,0.5971572361886501
16,1340,83,1.7112873792648315,0.015572863630950451,0.009100086987018585,0.9100086987018585
16,1341,83,1.5944362878799438,0.0068449960090219975,0.004293050616979599,0.4293050616979599
16,1342,83,1.7320636510849,0.017987802624702454,0.010385185480117798,1.0385185480117798
16,1343,83,1.5916353464126587,0.00533481827005744,0.003351784311234951,0.3351784311234951
16,1344,84,1.6111674308776855,0.005560230929404497,0.003451057244092226,0.3451057244092226
16,1345,84,1.4227516651153564,0.007958666421473026,0.005593854933977127,0.5593854933977127
16,1346,84,1.550911784172058,0.005901407916098833,0.0038051216397434473,0.38051216397434473
16,1347,84,1.2507085800170898,0.009175486862659454,0.0073362309485673904,0.733623094856739
16,1348,84,1.0939043760299683,0.01042195875197649,0.009527303278446198,0.9527303278446198
16,1349,84,1.677703619003296,0.009603510610759258,0.005724199581891298,0.5724199581891298
16,1350,84,1.3092374801635742,0.010789657942950726,0.008241177536547184,0.8241177536547184
16,1351,84,1.3720098733901978,0.006043943110853434,0.004405174870043993,0.4405174870043993
16,1352,84,1.4338792562484741,0.008007713593542576,0.005584649741649628,0.5584649741649628
16,1353,84,1.6225630044937134,0.005465353839099407,0.0033683462534099817,0.3368346253409982
16,1354,84,1.846174716949463,0.006086705252528191,0.0032969280146062374,0.32969280146062374
16,1355,84,1.640292763710022,0.006089415401220322,0.003712395438924432,0.3712395438924432
16,1356,84,1.7259190082550049,0.008778153918683529,0.00508607504889369,0.508607504889369
16,1357,84,1.7300190925598145,0.004095545504242182,0.0023673411924391985,0.23673411924391985
16,1358,84,1.6077953577041626,0.0032177139073610306,0.0020013204775750637,0.20013204775750637
16,1359,84,1.6228760480880737,0.008379315957427025,0.005163250956684351,0.5163250956684351
16,1360,85,1.9608603715896606,0.005990081932395697,0.003054823260754347,0.3054823260754347
16,1361,85,1.7418339252471924,0.007925420999526978,0.00455004395917058,0.455004395917058
16,1362,85,1.799229383468628,0.007924634963274002,0.004404460545629263,0.4404460545629263
16,1363,85,1.4471354484558105,0.010417747311294079,0.007198875304311514,0.7198875304311514
16,1364,85,1.200523018836975,0.00749492272734642,0.006243047770112753,0.6243047770112753
16,1365,85,1.8888459205627441,0.010039649903774261,0.0053152297623455524,0.5315229762345552
16,1366,85,1.5190811157226562,0.006808163598179817,0.004481764510273933,0.44817645102739334
16,1367,85,2.166546106338501,0.01840469241142273,0.008494946174323559,0.8494946174323559
16,1368,85,1.8880438804626465,0.016897257417440414,0.008949610404670238,0.8949610404670238
16,1369,85,2.2011992931365967,0.01922866329550743,0.008735539391636848,0.8735539391636848
16,1370,85,1.2929267883300781,0.0032503088004887104,0.0025139155331999063,0.25139155331999063
16,1371,85,1.4047331809997559,0.006261128932237625,0.004457165952771902,0.4457165952771902
16,1372,85,1.7750195264816284,0.007993211969733238,0.004503168631345034,0.45031686313450336
16,1373,85,1.9106634855270386,0.009685495868325233,0.005069179460406303,0.5069179460406303
16,1374,85,1.9221551418304443,0.00875124055892229,0.004552827216684818,0.4552827216684818
16,1375,85,1.6911410093307495,0.00815299991518259,0.004821005277335644,0.4821005277335644
16,1376,86,2.1567413806915283,0.021823599934577942,0.010118783451616764,1.0118783451616764
16,1377,86,2.859445333480835,0.026199722662568092,0.009162519127130508,0.9162519127130508
16,1378,86,1.5815988779067993,0.01004798337817192,0.006353054195642471,0.6353054195642471
16,1379,86,1.9570794105529785,0.009183398447930813,0.00469239940866828,0.46923994086682796
16,1380,86,2.073590040206909,0.010251553729176521,0.004943867214024067,0.4943867214024067
16,1381,86,2.0222275257110596,0.007638805080205202,0.0037774210795760155,0.37774210795760155
16,1382,86,1.4533213376998901,0.005567287094891071,0.003830733709037304,0.3830733709037304
16,1383,86,1.6097612380981445,0.011526556685566902,0.007160414010286331,0.7160414010286331
16,1384,86,1.3374110460281372,0.009056076407432556,0.006771348416805267,0.6771348416805267
16,1385,86,1.5904064178466797,0.011215794831514359,0.007052156608551741,0.7052156608551741
16,1386,86,1.4464776515960693,0.007311583962291479,0.005054750945419073,0.5054750945419073
16,1387,86,1.8850107192993164,0.0070483144372701645,0.0037391376681625843,0.37391376681625843
16,1388,86,1.7940768003463745,0.012502918019890785,0.006968998350203037,0.6968998350203037
16,1389,86,1.1765843629837036,0.003249966539442539,0.0027622045017778873,0.27622045017778873
16,1390,86,1.4238157272338867,0.004188645165413618,0.0029418449848890305,0.29418449848890305
16,1391,86,1.5707417726516724,0.008830798789858818,0.005622056312859058,0.5622056312859058
16,1392,87,2.046441078186035,0.00495688384398818,0.0024221972562372684,0.24221972562372684
16,1393,87,1.534427523612976,0.006603691726922989,0.0043036844581365585,0.43036844581365585
16,1394,87,1.408578634262085,0.006397182121872902,0.004541586618870497,0.4541586618870497
16,1395,87,1.71065092086792,0.008143496699631214,0.004760466516017914,0.4760466516017914
16,1396,87,1.236274242401123,0.0035409058909863234,0.002864175010472536,0.2864175010472536
16,1397,87,0.9651100635528564,0.0033531722147017717,0.0034743936266750097,0.347439362667501
16,1398,87,1.5771657228469849,0.006243216339498758,0.003958503715693951,0.39585037156939507
16,1399,87,1.8267650604248047,0.0059595368802547455,0.00326234451495111,0.326234451495111
16,1400,87,1.2634809017181396,0.0063267964869737625,0.0050074332393705845,0.5007433239370584
16,1401,87,1.4316743612289429,0.006665103603154421,0.004655460827052593,0.4655460827052593
16,1402,87,1.6535824537277222,0.004892541561275721,0.002958752680569887,0.2958752680569887
16,1403,87,1.6116836071014404,0.004757420159876347,0.002951832488179207,0.2951832488179207
16,1404,87,1.351324200630188,0.007730287034064531,0.0057205273769795895,0.572052737697959
16,1405,87,1.332972764968872,0.004455461632460356,0.003342500189319253,0.3342500189319253
16,1406,87,1.590267539024353,0.00535851065069437,0.003369565587490797,0.3369565587490797
16,1407,87,1.4399302005767822,0.005705246701836586,0.00396216893568635,0.396216893568635
16,1408,88,1.7822495698928833,0.006954524666070938,0.00390210491605103,0.390210491605103
16,1409,88,1.547879695892334,0.010616491548717022,0.006858731620013714,0.6858731620013714
16,1410,88,1.4277280569076538,0.01037563569843769,0.007267235312610865,0.7267235312610865
16,1411,88,1.4531350135803223,0.011163648217916489,0.0076824575662612915,0.7682457566261292
16,1412,88,1.719773292541504,0.015365137718617916,0.008934397250413895,0.8934397250413895
16,1413,88,1.7843283414840698,0.01011933758854866,0.005671230610460043,0.5671230610460043
16,1414,88,1.3208460807800293,0.007344407495111227,0.00556038087233901,0.556038087233901
16,1415,88,1.5519133806228638,0.010442851111292839,0.006729016546159983,0.6729016546159983
16,1416,88,1.8568150997161865,0.01314643956720829,0.007080101408064365,0.7080101408064365
16,1417,88,1.1811931133270264,0.010059976018965244,0.008516792207956314,0.8516792207956314
16,1418,88,1.4945907592773438,0.0168533306568861,0.011276217177510262,1.1276217177510262
16,1419,88,2.2001779079437256,0.006983363535255194,0.0031739994883537292,0.3173999488353729
16,1420,88,2.4487626552581787,0.013600435107946396,0.0055540031753480434,0.5554003175348043
16,1421,88,1.0066885948181152,0.005274851806461811,0.005239804740995169,0.5239804740995169
16,1422,88,1.3565495014190674,0.004292059224098921,0.003163953311741352,0.3163953311741352
16,1423,88,2.1444005966186523,0.022172672674059868,0.010339799337089062,1.0339799337089062
16,1424,89,1.705166220664978,0.0069132959470152855,0.004054323770105839,0.4054323770105839
16,1425,89,1.533453106880188,0.006943689659237862,0.004528139717876911,0.4528139717876911
16,1426,89,2.1082396507263184,0.017376530915498734,0.008242199197411537,0.8242199197411537
16,1427,89,1.4909979104995728,0.006372067146003246,0.004273693077266216,0.42736930772662163
16,1428,89,1.7815310955047607,0.013814309611916542,0.007754178252071142,0.7754178252071142
16,1429,89,2.1046721935272217,0.010078811086714268,0.004788779653608799,0.4788779653608799
16,1430,89,2.2794930934906006,0.012653009966015816,0.0055507998913526535,0.5550799891352654
16,1431,89,1.5938156843185425,0.014384934678673744,0.009025469422340393,0.9025469422340393
16,1432,89,1.57781982421875,0.00913125742226839,0.005787262227386236,0.5787262227386236
16,1433,89,2.100782632827759,0.0072891125455498695,0.0034697127994149923,0.34697127994149923
16,1434,89,1.2883285284042358,0.00476790452376008,0.0037008451763540506,0.37008451763540506
16,1435,89,1.9222033023834229,0.0027709738351404667,0.0014415612677112222,0.14415612677112222
16,1436,89,1.1771495342254639,0.0054014381021261215,0.004588574171066284,0.4588574171066284
16,1437,89,1.2584939002990723,0.007669912651181221,0.006094517186284065,0.6094517186284065
16,1438,89,2.3186233043670654,0.020745715126395226,0.008947428315877914,0.8947428315877914
16,1439,89,2.1257753372192383,0.019069135189056396,0.008970437571406364,0.8970437571406364
16,1440,90,1.5129034519195557,0.009536780416965485,0.006303627975285053,0.6303627975285053
16,1441,90,1.3456569910049438,0.010416777804493904,0.007741034962236881,0.7741034962236881
16,1442,90,1.1126747131347656,0.0037368182092905045,0.003358410205692053,0.3358410205692053
16,1443,90,1.6159512996673584,0.008747130632400513,0.005412991624325514,0.5412991624325514
16,1444,90,1.2901731729507446,0.008529625833034515,0.006611225660890341,0.6611225660890341
16,1445,90,1.320866346359253,0.006912355311214924,0.0052331979386508465,0.5233197938650846
16,1446,90,2.2226366996765137,0.011934608221054077,0.005369571968913078,0.5369571968913078
16,1447,90,1.336320161819458,0.010377840138971806,0.007765983231365681,0.7765983231365681
16,1448,90,1.7221041917800903,0.008828453719615936,0.005126550327986479,0.5126550327986479
16,1449,90,1.7844860553741455,0.016558721661567688,0.009279266931116581,0.9279266931116581
16,1450,90,1.5890302658081055,0.007376168388873339,0.0046419305726885796,0.46419305726885796
16,1451,90,1.2683181762695312,0.004998085089027882,0.003940718714147806,0.3940718714147806
16,1452,90,1.6035690307617188,0.007424464449286461,0.004629962611943483,0.46299626119434834
16,1453,90,2.7472076416015625,0.015879251062870026,0.005780142266303301,0.5780142266303301
16,1454,90,1.9094696044921875,0.010494322516024113,0.005495935678482056,0.5495935678482056
16,1455,90,1.2774507999420166,0.004585853777825832,0.0035898475907742977,0.35898475907742977
16,1456,91,2.529715061187744,0.015271760523319244,0.006036948878318071,0.6036948878318071
16,1457,91,1.7993141412734985,0.016690129414200783,0.0092758284881711,0.9275828488171101
16,1458,91,1.116959810256958,0.003877357579767704,0.0034713491331785917,0.3471349133178592
16,1459,91,1.7122273445129395,0.013098567724227905,0.0076500168070197105,0.765001680701971
16,1460,91,1.264057993888855,0.004416404291987419,0.0034938303288072348,0.3493830328807235
16,1461,91,1.991410493850708,0.012145170010626316,0.006098777521401644,0.6098777521401644
16,1462,91,2.7115695476531982,0.02062644436955452,0.007606828585267067,0.7606828585267067
16,1463,91,1.7820435762405396,0.011703694239258766,0.006567568983882666,0.6567568983882666
16,1464,91,2.1753597259521484,0.004793903790414333,0.002203729236498475,0.2203729236498475
16,1465,91,2.009723663330078,0.011622772552073002,0.005783269181847572,0.5783269181847572
16,1466,91,1.3830597400665283,0.010928643867373466,0.00790178682655096,0.790178682655096
16,1467,91,1.8453881740570068,0.012463981285691261,0.006754124537110329,0.6754124537110329
16,1468,91,1.7530895471572876,0.01391175203025341,0.00793556310236454,0.793556310236454
16,1469,91,1.6708881855010986,0.011806340888142586,0.007065907120704651,0.7065907120704651
16,1470,91,1.2703380584716797,0.0034550600685179234,0.002719795797020197,0.2719795797020197
16,1471,91,1.4468148946762085,0.00706282164901495,0.004881634376943111,0.48816343769431114
16,1472,92,1.6392474174499512,0.014157259836792946,0.00863643828779459,0.863643828779459
16,1473,92,1.5224791765213013,0.008927258662879467,0.005863632541149855,0.5863632541149855
16,1474,92,1.745363473892212,0.007652274798601866,0.004384344443678856,0.4384344443678856
16,1475,92,1.3699685335159302,0.008248628117144108,0.006021034903824329,0.6021034903824329
16,1476,92,1.1910598278045654,0.002397726522758603,0.002013103337958455,0.2013103337958455
16,1477,92,1.1819236278533936,0.007127034943550825,0.006030030082911253,0.6030030082911253
16,1478,92,1.3771202564239502,0.005718420725315809,0.004152448382228613,0.4152448382228613
16,1479,92,1.6796847581863403,0.005303247831761837,0.0031572876032441854,0.31572876032441854
16,1480,92,2.229613780975342,0.016206448897719383,0.007268724963068962,0.7268724963068962
16,1481,92,1.7039878368377686,0.01322938036173582,0.007763776462525129,0.7763776462525129
16,1482,92,2.4175214767456055,0.010792865417897701,0.004464433994144201,0.44644339941442013
16,1483,92,1.5899884700775146,0.005765879526734352,0.0036263656802475452,0.3626365680247545
16,1484,92,1.701346516609192,0.005790590308606625,0.0034035337157547474,0.34035337157547474
16,1485,92,1.4862918853759766,0.008799022994935513,0.005920117720961571,0.5920117720961571
16,1486,92,1.4203951358795166,0.006192278582602739,0.004359546583145857,0.4359546583145857
16,1487,92,1.6011958122253418,0.0034250097814947367,0.0021390323527157307,0.21390323527157307
16,1488,93,1.6273467540740967,0.00879638735204935,0.005405355244874954,0.5405355244874954
16,1489,93,1.368406057357788,0.00501968152821064,0.003668268909677863,0.3668268909677863
16,1490,93,2.4004266262054443,0.013877172954380512,0.005781127605587244,0.5781127605587244
16,1491,93,2.1648190021514893,0.022347278892993927,0.0103229321539402,1.03229321539402
16,1492,93,2.0206456184387207,0.004664055071771145,0.0023082003463059664,0.23082003463059664
16,1493,93,1.6815599203109741,0.006949481088668108,0.0041327583603560925,0.41327583603560925
16,1494,93,1.2033387422561646,0.010953824035823345,0.009102859534323215,0.9102859534323215
16,1495,93,1.649152398109436,0.007026623003184795,0.0042607481591403484,0.42607481591403484
16,1496,93,2.0607614517211914,0.015669777989387512,0.007603877689689398,0.7603877689689398
16,1497,93,1.8870748281478882,0.0082492521032691,0.00437144935131073,0.437144935131073
16,1498,93,1.7327876091003418,0.0071570901200175285,0.00413039093837142,0.413039093837142
16,1499,93,1.2971045970916748,0.008067041635513306,0.006219268310815096,0.6219268310815096
16,1500,93,1.6254647970199585,0.009510351344943047,0.0058508506044745445,0.5850850604474545
16,1501,93,1.8544604778289795,0.012935695238411427,0.006975449621677399,0.6975449621677399
16,1502,93,1.4823193550109863,0.00620530778542161,0.004186215344816446,0.41862153448164463
16,1503,93,1.1763627529144287,0.004309947602450848,0.0036637913435697556,0.36637913435697556
16,1504,94,1.3371012210845947,0.005244517233222723,0.003922303672879934,0.39223036728799343
16,1505,94,2.869811534881592,0.020113617181777954,0.007008689455688,0.7008689455688
16,1506,94,1.5178273916244507,0.01290978118777275,0.008505434729158878,0.8505434729158878
16,1507,94,1.9825425148010254,0.009055088274180889,0.004567411728203297,0.45674117282032967
16,1508,94,1.2247593402862549,0.006735554896295071,0.005499492399394512,0.5499492399394512
16,1509,94,1.0997912883758545,0.004916779696941376,0.004470647778362036,0.4470647778362036
16,1510,94,1.3547013998031616,0.007796385325491428,0.0057550580240786076,0.5755058024078608
16,1511,94,2.1787750720977783,0.011021866463124752,0.005058744456619024,0.5058744456619024
16,1512,94,1.856560468673706,0.014228589832782745,0.007663951721042395,0.7663951721042395
16,1513,94,1.4866944551467896,0.0035597477108240128,0.002394404262304306,0.2394404262304306
16,1514,94,1.2200708389282227,0.004356522113084793,0.0035707124043256044,0.35707124043256044
16,1515,94,1.8468976020812988,0.015293052420020103,0.00828040111809969,0.828040111809969
16,1516,94,1.359037160873413,0.0070225936360657215,0.005167330149561167,0.5167330149561167
16,1517,94,0.9789702296257019,0.004749058745801449,0.004851075820624828,0.48510758206248283
16,1518,94,1.564699411392212,0.014107676222920418,0.009016221389174461,0.9016221389174461
16,1519,94,2.8505265712738037,0.008373800665140152,0.0029376328457146883,0.29376328457146883
16,1520,95,1.2814198732376099,0.006440335884690285,0.005025937221944332,0.5025937221944332
16,1521,95,1.7771869897842407,0.010956278070807457,0.006164954975247383,0.6164954975247383
16,1522,95,1.2237272262573242,0.005349553190171719,0.0043715243227779865,0.43715243227779865
16,1523,95,1.7883024215698242,0.01099703460931778,0.006149426568299532,0.6149426568299532
16,1524,95,1.4837586879730225,0.007597910240292549,0.005120718386024237,0.5120718386024237
16,1525,95,1.875247597694397,0.007809569127857685,0.004164553713053465,0.4164553713053465
16,1526,95,1.5930277109146118,0.008981246501207352,0.005637846887111664,0.5637846887111664
16,1527,95,1.6906497478485107,0.006758647505193949,0.00399766257032752,0.39976625703275204
16,1528,95,1.669022560119629,0.010645071044564247,0.006378027144819498,0.6378027144819498
16,1529,95,1.845555305480957,0.009871714748442173,0.0053489129059016705,0.534891290590167
16,1530,95,1.5351217985153198,0.009864799678325653,0.006426069885492325,0.6426069885492325
16,1531,95,2.787144660949707,0.006741188932210207,0.002418671967461705,0.24186719674617052
16,1532,95,1.9748642444610596,0.010401073843240738,0.0052667283453047276,0.5266728345304728
16,1533,95,1.5342990159988403,0.004109194502234459,0.0026782227214425802,0.267822272144258
16,1534,95,1.3927664756774902,0.008236955851316452,0.005914096720516682,0.5914096720516682
16,1535,95,1.248160481452942,0.014670116826891899,0.011753389611840248,1.1753389611840248
16,1536,96,1.4095784425735474,0.007839903235435486,0.005561877973377705,0.5561877973377705
16,1537,96,1.643540859222412,0.005473624914884567,0.0033303857780992985,0.33303857780992985
16,1538,96,1.7975348234176636,0.012387898750603199,0.006891604512929916,0.6891604512929916
16,1539,96,1.335585117340088,0.009403400123119354,0.0070406594313681126,0.7040659431368113
16,1540,96,1.6400096416473389,0.005543497856706381,0.0033801617100834846,0.33801617100834846
16,1541,96,1.067158579826355,0.005430174525827169,0.005088442005217075,0.5088442005217075
16,1542,96,2.064387559890747,0.006535816937685013,0.003165983594954014,0.3165983594954014
16,1543,96,1.4139344692230225,0.008176636882126331,0.005782896652817726,0.5782896652817726
16,1544,96,1.5182698965072632,0.011052105575799942,0.007279407698661089,0.7279407698661089
16,1545,96,1.5525243282318115,0.00982746109366417,0.006329988595098257,0.6329988595098257
16,1546,96,1.61122727394104,0.01645534299314022,0.010212925262749195,1.0212925262749195
16,1547,96,1.3618955612182617,0.006906850729137659,0.005071497987955809,0.5071497987955809
16,1548,96,1.4187967777252197,0.00999952107667923,0.007047888357192278,0.7047888357192278
16,1549,96,1.9072812795639038,0.006711279507726431,0.0035187676548957825,0.35187676548957825
16,1550,96,1.2055855989456177,0.007104663643985987,0.0058931224048137665,0.5893122404813766
16,1551,96,2.0314760208129883,0.01463593915104866,0.0072045838460326195,0.720458384603262
16,1552,97,1.4194978475570679,0.009981689043343067,0.007031844928860664,0.7031844928860664
16,1553,97,1.3447151184082031,0.0031200172379612923,0.002320206956937909,0.2320206956937909
16,1554,97,1.6876800060272217,0.006056362297385931,0.003588572610169649,0.3588572610169649
16,1555,97,1.5320900678634644,0.007610714063048363,0.004967536777257919,0.49675367772579193
16,1556,97,1.9328148365020752,0.007707935757935047,0.0039879330433905125,0.39879330433905125
16,1557,97,1.6449471712112427,0.005865932442247868,0.003566030878573656,0.3566030878573656
16,1558,97,1.2776514291763306,0.0053147985599935055,0.00415981886908412,0.415981886908412
16,1559,97,1.5677151679992676,0.00396948354318738,0.0025320183485746384,0.25320183485746384
16,1560,97,1.278696060180664,0.0036564189940690994,0.0028594902250915766,0.28594902250915766
16,1561,97,1.448341965675354,0.005737260449677706,0.0039612608961761,0.39612608961761
16,1562,97,1.3154606819152832,0.006202322896569967,0.004714943468570709,0.4714943468570709
16,1563,97,1.7230534553527832,0.008062915876507759,0.004679434467107058,0.46794344671070576
16,1564,97,1.3080570697784424,0.005725882016122341,0.004377394448965788,0.4377394448965788
16,1565,97,1.5021052360534668,0.009863710962235928,0.006566591095179319,0.6566591095179319
16,1566,97,2.50224232673645,0.011128468438982964,0.004447398241609335,0.4447398241609335
16,1567,97,2.071193218231201,0.01445089653134346,0.006977087818086147,0.6977087818086147
16,1568,98,1.491901159286499,0.008792339824140072,0.00589337944984436,0.589337944984436
16,1569,98,1.1725281476974487,0.0046947724185884,0.0040039741434156895,0.40039741434156895
16,1570,98,1.2470283508300781,0.012300979346036911,0.009864234365522861,0.9864234365522861
16,1571,98,1.171787977218628,0.006734744179993868,0.005747408606112003,0.5747408606112003
16,1572,98,1.3540763854980469,0.008284782990813255,0.0061184014193713665,0.6118401419371367
16,1573,98,1.5354828834533691,0.003930695354938507,0.002559908200055361,0.2559908200055361
16,1574,98,1.5257138013839722,0.008577602915465832,0.005622026044875383,0.5622026044875383
16,1575,98,1.4178800582885742,0.003955427091568708,0.0027896768879145384,0.27896768879145384
16,1576,98,1.6780459880828857,0.008555183187127113,0.005098300985991955,0.5098300985991955
16,1577,98,1.0854432582855225,0.0037878244183957577,0.003489656839519739,0.3489656839519739
16,1578,98,1.3410462141036987,0.009675724431872368,0.0072150565683841705,0.721505656838417
16,1579,98,1.3808033466339111,0.004311635624617338,0.0031225557904690504,0.31225557904690504
16,1580,98,1.1559264659881592,0.0030159479938447475,0.0026091174222528934,0.26091174222528934
16,1581,98,1.8504334688186646,0.007215465418994427,0.0038993379566818476,0.38993379566818476
16,1582,98,1.6355512142181396,0.0052459752187132835,0.003207466099411249,0.3207466099411249
16,1583,98,1.7206321954727173,0.005630559287965298,0.0032723781187087297,0.327237811870873
16,1584,99,2.0670504570007324,0.01658913493156433,0.008025510236620903,0.8025510236620903
16,1585,99,1.168088436126709,0.0062765199691057205,0.005373326130211353,0.5373326130211353
16,1586,99,1.0780730247497559,0.0037504846695810556,0.003478878177702427,0.3478878177702427
16,1587,99,1.2734770774841309,0.0027400751132518053,0.0021516485139727592,0.21516485139727592
16,1588,99,1.1560990810394287,0.00818699225783348,0.0070815663784742355,0.7081566378474236
16,1589,99,2.5904834270477295,0.01741400733590126,0.006722300313413143,0.6722300313413143
16,1590,99,1.3618950843811035,0.009193047881126404,0.006750187836587429,0.6750187836587429
16,1591,99,1.240308403968811,0.0033558437135070562,0.0027056527324020863,0.2705652732402086
16,1592,99,1.5606608390808105,0.012882605195045471,0.008254583925008774,0.8254583925008774
16,1593,99,1.6354248523712158,0.0053620110265910625,0.003278665477409959,0.3278665477409959
16,1594,99,1.6620241403579712,0.00414965208619833,0.002496745903044939,0.2496745903044939
16,1595,99,1.6619776487350464,0.003058615606278181,0.001840346958488226,0.1840346958488226
16,1596,99,1.1834152936935425,0.009594094939529896,0.008107123896479607,0.8107123896479607
16,1597,99,1.1240860223770142,0.0028587509877979755,0.002543178154155612,0.2543178154155612
16,1598,99,3.0350046157836914,0.02269100584089756,0.007476432248950005,0.7476432248950005
16,1599,99,2.4551749229431152,0.008668609894812107,0.0035307505168020725,0.35307505168020725
16,1600,100,2.10860276222229,0.008917921222746372,0.004229303449392319,0.4229303449392319
16,1601,100,1.7989232540130615,0.010482043959200382,0.005826843436807394,0.5826843436807394
16,1602,100,1.5886049270629883,0.010345467366278172,0.0065122973173856735,0.6512297317385674
16,1603,100,1.5171210765838623,0.006978251039981842,0.004599666688591242,0.4599666688591242
16,1604,100,2.0980184078216553,0.009749856777489185,0.004647173918783665,0.46471739187836647
16,1605,100,1.561937928199768,0.010032749734818935,0.006423270329833031,0.6423270329833031
16,1606,100,1.9255510568618774,0.01111211720854044,0.0057708765380084515,0.5770876538008451
16,1607,100,1.535940408706665,0.0059911697171628475,0.0039006525184959173,0.39006525184959173
16,1608,100,1.8253568410873413,0.00959101878106594,0.005254325456917286,0.5254325456917286
16,1609,100,2.281689405441284,0.01769685000181198,0.0077560292556881905,0.775602925568819
16,1610,100,1.418333888053894,0.009596802294254303,0.006766250357031822,0.6766250357031822
16,1611,100,1.5951893329620361,0.008042754605412483,0.005041880998760462,0.5041880998760462
16,1612,100,2.0080223083496094,0.008639438077807426,0.004302461165934801,0.4302461165934801
16,1613,100,1.323023796081543,0.0068352110683918,0.005166355520486832,0.5166355520486832
16,1614,100,1.7691940069198608,0.011583715677261353,0.006547453813254833,0.6547453813254833
16,1615,100,1.3529289960861206,0.0018465811153873801,0.001364876632578671,0.1364876632578671
16,1616,101,1.4033749103546143,0.011501578614115715,0.008195656351745129,0.8195656351745129
16,1617,101,1.1715350151062012,0.006291648373007774,0.005370431579649448,0.5370431579649448
16,1618,101,1.5249446630477905,0.013161356560885906,0.008630710653960705,0.8630710653960705
16,1619,101,1.192039966583252,0.0022747069597244263,0.0019082472426816821,0.1908247242681682
16,1620,101,1.3194204568862915,0.005112240090966225,0.003874610411003232,0.3874610411003232
16,1621,101,1.297398328781128,0.004897971637547016,0.003775225719437003,0.3775225719437003
16,1622,101,1.5853397846221924,0.008600995875895023,0.0054253325797617435,0.5425332579761744
16,1623,101,1.3518346548080444,0.006088377442210913,0.00450378842651844,0.450378842651844
16,1624,101,1.3570667505264282,0.0058389813639223576,0.004302648827433586,0.4302648827433586
16,1625,101,1.573115348815918,0.004872739780694246,0.0030975094996392727,0.30975094996392727
16,1626,101,1.6284677982330322,0.014273256063461304,0.008764837868511677,0.8764837868511677
16,1627,101,1.8414905071258545,0.0077709052711725235,0.004219899885356426,0.4219899885356426
16,1628,101,1.8456872701644897,0.0045483834110200405,0.0024643305223435163,0.24643305223435163
16,1629,101,1.6481801271438599,0.006525139790028334,0.0039589968509972095,0.39589968509972095
16,1630,101,2.226336717605591,0.011602409183979034,0.005211435258388519,0.5211435258388519
16,1631,101,1.6307971477508545,0.00868907105177641,0.005328112747520208,0.5328112747520208
16,1632,102,1.3326151371002197,0.0048575629480183125,0.0036451355554163456,0.36451355554163456
16,1633,102,1.862052083015442,0.011934095993638039,0.006409109570086002,0.6409109570086002
16,1634,102,2.176759958267212,0.014338076114654541,0.006586888805031776,0.6586888805031776
16,1635,102,1.554595947265625,0.004512036684900522,0.0029023855458945036,0.29023855458945036
16,1636,102,1.979300618171692,0.013337237760424614,0.0067383586429059505,0.673835864290595
16,1637,102,1.3483717441558838,0.008023903705179691,0.005950809922069311,0.5950809922069311
16,1638,102,1.3076467514038086,0.008741497062146664,0.006684907246381044,0.6684907246381044
16,1639,102,1.54642653465271,0.008538845926523209,0.005521662998944521,0.5521662998944521
16,1640,102,2.163208246231079,0.014348750002682209,0.0066330875270068645,0.6633087527006865
16,1641,102,1.542819857597351,0.009535561315715313,0.006180605851113796,0.6180605851113796
16,1642,102,1.3206850290298462,0.00759023055434227,0.005747192073613405,0.5747192073613405
16,1643,102,1.7192776203155518,0.013141055591404438,0.0076433587819337845,0.7643358781933784
16,1644,102,1.426574468612671,0.007667627651244402,0.005374852567911148,0.5374852567911148
16,1645,102,1.544642686843872,0.007459693588316441,0.004829397425055504,0.4829397425055504
16,1646,102,1.1548221111297607,0.008449483662843704,0.007316697388887405,0.7316697388887405
16,1647,102,1.041939377784729,0.005551352631300688,0.005327903665602207,0.5327903665602207
16,1648,103,1.358550786972046,0.010612663812935352,0.007811753544956446,0.7811753544956446
16,1649,103,1.4118492603302002,0.00883631594479084,0.00625868234783411,0.625868234783411
16,1650,103,1.4391323328018188,0.004928171634674072,0.003424404887482524,0.3424404887482524
16,1651,103,1.335511565208435,0.012757075019180775,0.009552201256155968,0.9552201256155968
16,1652,103,1.2308273315429688,0.008838566951453686,0.0071809967048466206,0.7180996704846621
16,1653,103,1.3752952814102173,0.0030174744315445423,0.002194055588915944,0.2194055588915944
16,1654,103,1.1142417192459106,0.006018434185534716,0.005401371978223324,0.5401371978223324
16,1655,103,1.5526622533798218,0.005798890255391598,0.003734804689884186,0.3734804689884186
16,1656,103,0.9311543703079224,0.0032279640436172485,0.003466626163572073,0.3466626163572073
16,1657,103,1.1400432586669922,0.004347227979451418,0.0038132132031023502,0.381321320310235
16,1658,103,1.224956750869751,0.003077141009271145,0.0025120405480265617,0.2512040548026562
16,1659,103,1.3486078977584839,0.011679585091769695,0.008660474792122841,0.8660474792122841
16,1660,103,1.258413553237915,0.0075218528509140015,0.005977250169962645,0.5977250169962645
16,1661,103,1.0757923126220703,0.006490266881883144,0.006033011246472597,0.6033011246472597
16,1662,103,2.336547374725342,0.010712426155805588,0.004584724549204111,0.4584724549204111
16,1663,103,2.5803442001342773,0.0069131446070969105,0.002679155906662345,0.2679155906662345
16,1664,104,2.1149039268493652,0.015432756394147873,0.0072971428744494915,0.7297142874449492
16,1665,104,1.7980318069458008,0.006320193409919739,0.003515062155202031,0.3515062155202031
16,1666,104,1.6690025329589844,0.005773539654910564,0.0034592754673212767,0.34592754673212767
16,1667,104,1.1840484142303467,0.00890884455293417,0.0075240544974803925,0.7524054497480392
16,1668,104,2.1948153972625732,0.007652311120182276,0.003486539702862501,0.3486539702862501
16,1669,104,1.2941856384277344,0.006654427852481604,0.005141787696629763,0.5141787696629763
16,1670,104,1.2907358407974243,0.0027159969322383404,0.00210422370582819,0.21042237058281898
16,1671,104,1.3446509838104248,0.007572808302938938,0.005631802137941122,0.5631802137941122
16,1672,104,1.671442985534668,0.008826937526464462,0.005281028337776661,0.5281028337776661
16,1673,104,1.417767882347107,0.006245460361242294,0.0044051362201571465,0.44051362201571465
16,1674,104,1.5438389778137207,0.006407953333109617,0.004150661639869213,0.4150661639869213
16,1675,104,2.203256130218506,0.00932982750236988,0.00423456309363246,0.42345630936324596
16,1676,104,1.8493942022323608,0.011735604144632816,0.006345647852867842,0.6345647852867842
16,1677,104,1.2449755668640137,0.01017339900135994,0.008171564899384975,0.8171564899384975
16,1678,104,1.4944326877593994,0.003289052052423358,0.0022008700761944056,0.22008700761944056
16,1679,104,1.8998198509216309,0.008802293799817562,0.004633225500583649,0.46332255005836487
16,1680,105,1.2649986743927002,0.002859047381207347,0.002260118955746293,0.2260118955746293
16,1681,105,1.256572961807251,0.002689001616090536,0.0021399485412985086,0.21399485412985086
16,1682,105,1.7606899738311768,0.007979080080986023,0.0045317914336919785,0.45317914336919785
16,1683,105,1.219913125038147,0.008423324674367905,0.00690485630184412,0.690485630184412
16,1684,105,1.235140323638916,0.007229624316096306,0.005853281822055578,0.5853281822055578
16,1685,105,1.3547940254211426,0.004493074491620064,0.003316426184028387,0.3316426184028387
16,1686,105,1.180955171585083,0.005335336085408926,0.004517814144492149,0.45178141444921494
16,1687,105,1.237379789352417,0.009508858434855938,0.007684672717005014,0.7684672717005014
16,1688,105,1.7467496395111084,0.009521123953163624,0.005450766067951918,0.5450766067951918
16,1689,105,1.400632381439209,0.00484791025519371,0.0034612296149134636,0.34612296149134636
16,1690,105,1.7705479860305786,0.014407963491976261,0.008137572556734085,0.8137572556734085
16,1691,105,2.3409602642059326,0.010820375755429268,0.00462219538167119,0.462219538167119
16,1692,105,1.3188763856887817,0.006949231959879398,0.005269054789096117,0.5269054789096117
16,1693,105,1.1738487482070923,0.004200916737318039,0.0035787546075880527,0.3578754607588053
16,1694,105,1.4301384687423706,0.0033685253001749516,0.0023553839419037104,0.23553839419037104
16,1695,105,1.6753325462341309,0.009089989587664604,0.005425782408565283,0.5425782408565283
16,1696,106,1.4860804080963135,0.005780146457254887,0.0038895246107131243,0.3889524610713124
16,1697,106,0.9985604286193848,0.0064440262503921986,0.006453316193073988,0.6453316193073988
16,1698,106,1.5234944820404053,0.0047704498283565044,0.00313125504180789,0.313125504180789
16,1699,106,1.5145004987716675,0.008686737157404423,0.005735711194574833,0.5735711194574833
16,1700,106,2.721709966659546,0.011727876029908657,0.004309010226279497,0.4309010226279497
16,1701,106,2.4643118381500244,0.01677565835416317,0.006807441357523203,0.6807441357523203
16,1702,106,2.149972677230835,0.0076943039894104,0.0035787916276603937,0.35787916276603937
16,1703,106,1.1754918098449707,0.007305190898478031,0.006214582361280918,0.6214582361280918
16,1704,106,1.5536298751831055,0.008110716938972473,0.005220495164394379,0.5220495164394379
16,1705,106,1.5758373737335205,0.008690890856087208,0.005515093915164471,0.5515093915164471
16,1706,106,1.4353432655334473,0.01010255515575409,0.007038424257189035,0.7038424257189035
16,1707,106,1.2287813425064087,0.0050226557068526745,0.004087509587407112,0.4087509587407112
16,1708,106,1.3083837032318115,0.009616954252123833,0.007350255269557238,0.7350255269557238
16,1709,106,1.4357178211212158,0.007365243975073099,0.005130007863044739,0.5130007863044739
16,1710,106,1.9114151000976562,0.01216734666377306,0.006365622393786907,0.6365622393786907
16,1711,106,1.3843543529510498,0.004845291376113892,0.003500036895275116,0.3500036895275116
16,1712,107,1.6607699394226074,0.007818025536835194,0.004707470536231995,0.47074705362319946
16,1713,107,1.5467685461044312,0.009284238331019878,0.006002345122396946,0.6002345122396946
16,1714,107,1.3317999839782715,0.004652654752135277,0.003493508556857705,0.3493508556857705
16,1715,107,1.4381567239761353,0.01129622757434845,0.007854657247662544,0.7854657247662544
16,1716,107,1.4697721004486084,0.008635387755930424,0.005875324364751577,0.5875324364751577
16,1717,107,1.6244951486587524,0.0036837421357631683,0.00226762262172997,0.226762262172997
16,1718,107,1.645162582397461,0.0063326419331133366,0.003849250031635165,0.3849250031635165
16,1719,107,1.4308842420578003,0.010920184664428234,0.007631773594766855,0.7631773594766855
16,1720,107,1.048537015914917,0.004423290025442839,0.004218535032123327,0.4218535032123327
16,1721,107,1.32010817527771,0.008887609466910362,0.006732485722750425,0.6732485722750425
16,1722,107,1.418901801109314,0.00882292166352272,0.006218133959919214,0.6218133959919214
16,1723,107,1.0574339628219604,0.004050595220178366,0.0038305893540382385,0.38305893540382385
16,1724,107,1.4974339008331299,0.006679223384708166,0.004460446070879698,0.4460446070879698
16,1725,107,1.6999647617340088,0.006515259854495525,0.0038325851783156395,0.38325851783156395
16,1726,107,1.234806776046753,0.004765910096466541,0.003859640331938863,0.3859640331938863
16,1727,107,2.3475358486175537,0.011795133352279663,0.005024474114179611,0.5024474114179611
16,1728,108,1.6711702346801758,0.01289814617484808,0.007718032691627741,0.7718032691627741
16,1729,108,1.3516674041748047,0.006863282062113285,0.005077640991657972,0.5077640991657972
16,1730,108,1.6841250658035278,0.008057700470089912,0.004784502554684877,0.47845025546848774
16,1731,108,1.2067627906799316,0.009376865811645985,0.007770264055579901,0.7770264055579901
16,1732,108,1.250281810760498,0.009108223952353,0.007284936960786581,0.7284936960786581
16,1733,108,1.0143252611160278,0.00579309044405818,0.005711275152862072,0.5711275152862072
16,1734,108,1.2668300867080688,0.004913386423140764,0.003878488903865218,0.3878488903865218
16,1735,108,1.996168851852417,0.005472702439874411,0.002741602947935462,0.2741602947935462
16,1736,108,1.3513983488082886,0.006523799616843462,0.004827443975955248,0.4827443975955248
16,1737,108,1.5291574001312256,0.013774282298982143,0.009007759392261505,0.9007759392261505
16,1738,108,1.8072866201400757,0.012676946818828583,0.007014353293925524,0.7014353293925524
16,1739,108,1.379098653793335,0.005050210747867823,0.003661964787170291,0.3661964787170291
16,1740,108,1.4378643035888672,0.005592174828052521,0.003889222862198949,0.3889222862198949
16,1741,108,1.756578803062439,0.007534069940447807,0.004289058968424797,0.4289058968424797
16,1742,108,1.9703929424285889,0.016905849799513817,0.008579938672482967,0.8579938672482967
16,1743,108,1.6075290441513062,0.010465098544955254,0.006510052364319563,0.6510052364319563
16,1744,109,1.0790024995803833,0.0028039151802659035,0.002598617924377322,0.2598617924377322
16,1745,109,1.3359441757202148,0.007142640650272369,0.0053465114906430244,0.5346511490643024
16,1746,109,2.2785584926605225,0.009621385484933853,0.0042225755751132965,0.42225755751132965
16,1747,109,2.217003107070923,0.014685802161693573,0.006624168716371059,0.6624168716371059
16,1748,109,1.486480474472046,0.0045390320010483265,0.0030535429250448942,0.3053542925044894
16,1749,109,1.3150553703308105,0.010253098793327808,0.007796705234795809,0.7796705234795809
16,1750,109,1.8342772722244263,0.01434488408267498,0.007820455357432365,0.7820455357432365
16,1751,109,1.5444873571395874,0.00867127813398838,0.0056143407709896564,0.5614340770989656
16,1752,109,1.3373486995697021,0.0031985517125576735,0.0023917111102491617,0.23917111102491617
16,1753,109,1.5394281148910522,0.008339832536876202,0.00541748758405447,0.541748758405447
16,1754,109,1.841307520866394,0.004736726172268391,0.002572479657828808,0.2572479657828808
16,1755,109,1.9006353616714478,0.007337804418057203,0.0038607113528996706,0.38607113528996706
16,1756,109,1.4010330438613892,0.0047424291260540485,0.0033849517349153757,0.33849517349153757
16,1757,109,1.4665874242782593,0.004828137345612049,0.00329208979383111,0.329208979383111
16,1758,109,1.701115608215332,0.00756232813000679,0.004445510916411877,0.44455109164118767
16,1759,109,1.4184229373931885,0.004465143661946058,0.003147963434457779,0.3147963434457779
16,1760,110,1.199169397354126,0.007144838571548462,0.005958156194537878,0.5958156194537878
16,1761,110,1.5001546144485474,0.006238240282982588,0.004158398136496544,0.4158398136496544
16,1762,110,1.293619155883789,0.009615377523005009,0.007432927377521992,0.7432927377521992
16,1763,110,1.157854437828064,0.007203847169876099,0.006221720948815346,0.6221720948815346
16,1764,110,1.5238839387893677,0.008829026482999325,0.005793765652924776,0.5793765652924776
16,1765,110,1.6508824825286865,0.01077578216791153,0.006527286022901535,0.6527286022901535
16,1766,110,1.8372288942337036,0.005017667077481747,0.002731106011196971,0.2731106011196971
16,1767,110,1.497963547706604,0.00816707219928503,0.005452116951346397,0.5452116951346397
16,1768,110,1.5582562685012817,0.009872191585600376,0.0063354093581438065,0.6335409358143806
16,1769,110,1.8787293434143066,0.007518042344599962,0.0040016635321080685,0.40016635321080685
16,1770,110,2.814861297607422,0.012447426095604897,0.004422038793563843,0.4422038793563843
16,1771,110,1.5415478944778442,0.008483405224978924,0.00550317345187068,0.550317345187068
16,1772,110,1.0849621295928955,0.003802292514592409,0.0035045393742620945,0.35045393742620945
16,1773,110,1.7274773120880127,0.0058337668888270855,0.0033770441077649593,0.33770441077649593
16,1774,110,1.8910930156707764,0.012764076702296734,0.006749576423317194,0.6749576423317194
16,1775,110,1.5019652843475342,0.013654239475727081,0.009090915322303772,0.9090915322303772
16,1776,111,1.477358102798462,0.006375737022608519,0.00431563425809145,0.431563425809145
16,1777,111,1.6268484592437744,0.007587252650409937,0.004663773346692324,0.46637733466923237
16,1778,111,1.8739802837371826,0.0076089827343821526,0.0040603321976959705,0.40603321976959705
16,1779,111,1.337103009223938,0.0044278111308813095,0.0033114959951490164,0.33114959951490164
16,1780,111,1.6924327611923218,0.0051488373428583145,0.003042269963771105,0.3042269963771105
16,1781,111,1.331747055053711,0.007844221778213978,0.005890173837542534,0.5890173837542534
16,1782,111,1.4635367393493652,0.006097094155848026,0.004166000057011843,0.4166000057011843
16,1783,111,1.255868673324585,0.004257422871887684,0.0033900223206728697,0.33900223206728697
16,1784,111,2.020754337310791,0.010799422860145569,0.005344253033399582,0.5344253033399582
16,1785,111,1.6106306314468384,0.005052987020462751,0.0031372723169624805,0.31372723169624805
16,1786,111,1.5981104373931885,0.006821197457611561,0.00426828907802701,0.426828907802701
16,1787,111,1.1196367740631104,0.005566149950027466,0.004971389193087816,0.4971389193087816
16,1788,111,1.4235084056854248,0.004386684857308865,0.0030816008802503347,0.3081600880250335
16,1789,111,1.5540722608566284,0.007391556166112423,0.004756249953061342,0.4756249953061342
16,1790,111,1.3339523077011108,0.005647629499435425,0.004233756568282843,0.42337565682828426
16,1791,111,1.313570261001587,0.00300517282448709,0.002287789946421981,0.22877899464219809
16,1792,112,1.6326930522918701,0.007523084059357643,0.004607776179909706,0.4607776179909706
16,1793,112,1.1527369022369385,0.006796728353947401,0.00589616596698761,0.589616596698761
16,1794,112,1.1661063432693481,0.005413927137851715,0.004642738960683346,0.4642738960683346
16,1795,112,1.5221329927444458,0.008787368424236774,0.005773062352091074,0.5773062352091074
16,1796,112,1.417860984802246,0.005017649848014116,0.0035388870164752007,0.35388870164752007
16,1797,112,1.488344430923462,0.0046915835700929165,0.0031522163189947605,0.31522163189947605
16,1798,112,1.5250723361968994,0.00897116307169199,0.005882450845092535,0.5882450845092535
16,1799,112,2.6894373893737793,0.007023794110864401,0.002611621981486678,0.2611621981486678
16,1800,112,1.6832778453826904,0.006770195905119181,0.004022031091153622,0.40220310911536217
16,1801,112,1.4353634119033813,0.006407803390175104,0.004464237485080957,0.44642374850809574
16,1802,112,1.32683527469635,0.0059709129855036736,0.004500116221606731,0.45001162216067314
16,1803,112,1.0591799020767212,0.006581258960068226,0.006213542073965073,0.6213542073965073
16,1804,112,1.6892025470733643,0.009362914599478245,0.005542801693081856,0.5542801693081856
16,1805,112,1.4088882207870483,0.003940989263355732,0.0027972334064543247,0.27972334064543247
16,1806,112,1.3473453521728516,0.008334212005138397,0.0061856540851294994,0.6185654085129499
16,1807,112,1.2456766366958618,0.004969852510839701,0.003989681135863066,0.39896811358630657
16,1808,113,1.1849972009658813,0.006012688856571913,0.0050740111619234085,0.5074011161923409
16,1809,113,1.0798494815826416,0.009256076067686081,0.008571635000407696,0.8571635000407696
16,1810,113,1.7092955112457275,0.006403591018170118,0.003746333532035351,0.3746333532035351
16,1811,113,1.3618569374084473,0.007549426052719355,0.005543479695916176,0.5543479695916176
16,1812,113,1.7967864274978638,0.009040066041052341,0.005031241104006767,0.5031241104006767
16,1813,113,1.203430414199829,0.007323597092181444,0.006085600703954697,0.6085600703954697
16,1814,113,1.758247971534729,0.014913098886609077,0.008481794968247414,0.8481794968247414
16,1815,113,1.3076660633087158,0.010538970120251179,0.008059374056756496,0.8059374056756496
16,1816,113,1.6866002082824707,0.010806253179907799,0.006407122127711773,0.6407122127711773
16,1817,113,1.7546777725219727,0.009103763848543167,0.0051882825791835785,0.5188282579183578
16,1818,113,1.3772759437561035,0.009023800492286682,0.006551919039338827,0.6551919039338827
16,1819,113,1.888067364692688,0.007989568635821342,0.0042316121980547905,0.42316121980547905
16,1820,113,1.6876624822616577,0.006939801853150129,0.00411207927390933,0.41120792739093304
16,1821,113,1.5071473121643066,0.005426474381238222,0.003600493771955371,0.3600493771955371
16,1822,113,1.3121482133865356,0.007809206377714872,0.005951466504484415,0.5951466504484415
16,1823,113,1.6929385662078857,0.010076272301375866,0.005951941944658756,0.5951941944658756
16,1824,114,1.638619065284729,0.0057432204484939575,0.003504914930090308,0.3504914930090308
16,1825,114,1.8237643241882324,0.008366464637219906,0.0045874700881540775,0.45874700881540775
16,1826,114,1.3952956199645996,0.009317129850387573,0.00667753117159009,0.667753117159009
16,1827,114,1.7271589040756226,0.006930755916982889,0.00401280727237463,0.401280727237463
16,1828,114,1.5493135452270508,0.007184410467743874,0.004637157078832388,0.4637157078832388
16,1829,114,1.3228302001953125,0.006100115366280079,0.004611412063241005,0.4611412063241005
16,1830,114,1.4790239334106445,0.011127577163279057,0.00752359488978982,0.752359488978982
16,1831,114,1.6463866233825684,0.010216910392045975,0.006205657031387091,0.6205657031387091
16,1832,114,1.4447599649429321,0.00671027647331357,0.004644561558961868,0.46445615589618683
16,1833,114,2.0981509685516357,0.010151668451726437,0.004838387947529554,0.48383879475295544
16,1834,114,1.4785442352294922,0.006287405267357826,0.004252429585903883,0.4252429585903883
16,1835,114,1.5007858276367188,0.004153231158852577,0.0027673710137605667,0.27673710137605667
16,1836,114,1.1758366823196411,0.007023127283900976,0.00597287667915225,0.597287667915225
16,1837,114,1.939607858657837,0.01053584273904562,0.0054319449700415134,0.5431944970041513
16,1838,114,1.1103527545928955,0.0053891465067863464,0.004853544291108847,0.48535442911088467
16,1839,114,1.5306888818740845,0.003538567340001464,0.002311748219653964,0.2311748219653964
16,1840,115,1.368248701095581,0.009397296234965324,0.006868119817227125,0.6868119817227125
16,1841,115,1.311307430267334,0.007553062401711941,0.005759947933256626,0.5759947933256626
16,1842,115,1.2323728799819946,0.008477557450532913,0.006879052147269249,0.6879052147269249
16,1843,115,2.3563930988311768,0.017669184133410454,0.007498402614146471,0.7498402614146471
16,1844,115,1.3823530673980713,0.007321072276681662,0.0052960943430662155,0.5296094343066216
16,1845,115,1.3940281867980957,0.010572679340839386,0.0075842649675905704,0.758426496759057
16,1846,115,1.6236348152160645,0.013981904834508896,0.008611483499407768,0.8611483499407768
16,1847,115,1.434640645980835,0.010034670121967793,0.006994552910327911,0.6994552910327911
16,1848,115,1.8165819644927979,0.01175036933273077,0.0064683947712183,0.64683947712183
16,1849,115,1.7681503295898438,0.008694315329194069,0.004917181096971035,0.4917181096971035
16,1850,115,2.0709314346313477,0.005682103801518679,0.0027437431272119284,0.27437431272119284
16,1851,115,1.5564271211624146,0.007536022923886776,0.004841873422265053,0.4841873422265053
16,1852,115,1.4655128717422485,0.007397572975605726,0.00504777068272233,0.504777068272233
16,1853,115,1.0784153938293457,0.009111923165619373,0.008449362590909004,0.8449362590909004
16,1854,115,2.0240530967712402,0.00501639861613512,0.002478392794728279,0.2478392794728279
16,1855,115,1.8324089050292969,0.013870831578969955,0.007569725159555674,0.7569725159555674
16,1856,116,1.4462897777557373,0.004229995422065258,0.002924721920862794,0.2924721920862794
16,1857,116,1.2747869491577148,0.007234806194901466,0.00567530607804656,0.567530607804656
16,1858,116,1.1461231708526611,0.004196037072688341,0.003661070019006729,0.3661070019006729
16,1859,116,1.4444931745529175,0.006533235311508179,0.0045228563249111176,0.45228563249111176
16,1860,116,1.0865386724472046,0.004535349551588297,0.00417412631213665,0.417412631213665
16,1861,116,1.261664628982544,0.010529372841119766,0.008345619775354862,0.8345619775354862
16,1862,116,1.6245197057724,0.008529217913746834,0.0052503012120723724,0.5250301212072372
16,1863,116,1.6765226125717163,0.006272405385971069,0.00374131859280169,0.374131859280169
16,1864,116,1.2888052463531494,0.004344566725194454,0.0033710033167153597,0.33710033167153597
16,1865,116,1.4166998863220215,0.0052515920251607895,0.003706919262185693,0.3706919262185693
16,1866,116,1.456034779548645,0.0057442267425358295,0.0039451164193451405,0.39451164193451405
16,1867,116,2.2703137397766113,0.013346454128623009,0.005878682713955641,0.5878682713955641
16,1868,116,1.5471749305725098,0.004691287875175476,0.0030321639496833086,0.30321639496833086
16,1869,116,1.202521562576294,0.006693076808005571,0.005565868224948645,0.5565868224948645
16,1870,116,1.5971323251724243,0.006260838825255632,0.003920050337910652,0.3920050337910652
16,1871,116,1.2880406379699707,0.012469648383557796,0.0096810981631279,0.9681098163127899
16,1872,117,1.3855092525482178,0.013073273934423923,0.009435717947781086,0.9435717947781086
16,1873,117,1.2423694133758545,0.006305927410721779,0.00507572665810585,0.507572665810585
16,1874,117,1.8529611825942993,0.011390714906156063,0.006147303618490696,0.6147303618490696
16,1875,117,1.6399327516555786,0.007293863222002983,0.004447659943252802,0.4447659943252802
16,1876,117,1.6246224641799927,0.008698663674294949,0.005354267545044422,0.5354267545044422
16,1877,117,1.2832661867141724,0.005585693754255772,0.004352716263383627,0.4352716263383627
16,1878,117,1.3650035858154297,0.0023918780498206615,0.0017522870330139995,0.17522870330139995
16,1879,117,1.1867974996566772,0.0062127974815666676,0.005234926473349333,0.5234926473349333
16,1880,117,1.3947722911834717,0.011059409007430077,0.007929186336696148,0.7929186336696148
16,1881,117,1.990187644958496,0.017709389328956604,0.008898351341485977,0.8898351341485977
16,1882,117,2.0626697540283203,0.006868941709399223,0.0033301219809800386,0.33301219809800386
16,1883,117,1.045029640197754,0.006955229677259922,0.006655533332377672,0.6655533332377672
16,1884,117,1.3371436595916748,0.005616558715701103,0.0042004152201116085,0.42004152201116085
16,1885,117,1.1886688470840454,0.007057116366922855,0.005936990957707167,0.5936990957707167
16,1886,117,2.0842480659484863,0.013029013760387897,0.0062511819414794445,0.6251181941479445
16,1887,117,1.2616329193115234,0.0031187289860099554,0.0024719780776649714,0.24719780776649714
16,1888,118,1.150537133216858,0.005711580626666546,0.004964272957295179,0.49642729572951794
16,1889,118,1.5553289651870728,0.011313804425299168,0.007274219766259193,0.7274219766259193
16,1890,118,1.4222583770751953,0.011589614674448967,0.008148740977048874,0.8148740977048874
16,1891,118,1.4998953342437744,0.007563045248389244,0.005042382050305605,0.5042382050305605
16,1892,118,1.0317140817642212,0.004325439687818289,0.004192478954792023,0.41924789547920227
16,1893,118,1.536426067352295,0.003947518765926361,0.0025692866183817387,0.25692866183817387
16,1894,118,1.6887515783309937,0.006558888591825962,0.003883868223056197,0.3883868223056197
16,1895,118,1.9033900499343872,0.010016897693276405,0.005262661725282669,0.5262661725282669
16,1896,118,1.7533555030822754,0.01269047986716032,0.007237824611365795,0.7237824611365795
16,1897,118,1.2122498750686646,0.006816709414124489,0.0056231883354485035,0.5623188335448503
16,1898,118,1.4937795400619507,0.008572633378207684,0.005738887935876846,0.5738887935876846
16,1899,118,1.2386044263839722,0.010418623685836792,0.008411582559347153,0.8411582559347153
16,1900,118,1.2179017066955566,0.014086201786994934,0.011565959081053734,1.1565959081053734
16,1901,118,2.56349778175354,0.0067433142103254795,0.0026305129285901785,0.26305129285901785
16,1902,118,1.4734739065170288,0.007999477908015251,0.005428991746157408,0.5428991746157408
16,1903,118,0.8944157361984253,0.01035328209400177,0.011575469747185707,1.1575469747185707
16,1904,119,1.337385654449463,0.00792513508349657,0.00592584116384387,0.592584116384387
16,1905,119,1.5640549659729004,0.011444732546806335,0.0073173469863832,0.73173469863832
16,1906,119,1.960037350654602,0.019469577819108963,0.009933268651366234,0.9933268651366234
16,1907,119,1.3629646301269531,0.00584596861153841,0.004289156291633844,0.42891562916338444
16,1908,119,1.6041492223739624,0.0070590972900390625,0.004400524310767651,0.44005243107676506
16,1909,119,1.1829766035079956,0.0051246220245957375,0.004331972450017929,0.4331972450017929
16,1910,119,1.246699333190918,0.009433559142053127,0.007566827815026045,0.7566827815026045
16,1911,119,1.7884855270385742,0.008825315162539482,0.004934518598020077,0.4934518598020077
16,1912,119,1.8113439083099365,0.006026649847626686,0.0033271703869104385,0.33271703869104385
16,1913,119,1.4785699844360352,0.009617157280445099,0.006504363846033812,0.6504363846033812
16,1914,119,1.3905141353607178,0.0075742341578006744,0.005447074770927429,0.5447074770927429
16,1915,119,1.2514615058898926,0.00561052281409502,0.0044831763952970505,0.44831763952970505
16,1916,119,1.7199050188064575,0.008130040019750595,0.00472702831029892,0.47270283102989197
16,1917,119,1.4097055196762085,0.004708937834948301,0.00334036978892982,0.334036978892982
16,1918,119,1.3999764919281006,0.004714018665254116,0.0033672128338366747,0.33672128338366747
16,1919,119,1.8455671072006226,0.005468623712658882,0.002963112900033593,0.2963112900033593
16,1920,120,1.3180534839630127,0.007057541515678167,0.005354518536478281,0.5354518536478281
16,1921,120,1.23599374294281,0.0020302189514040947,0.0016425802605226636,0.16425802605226636
16,1922,120,1.2110750675201416,0.007948162965476513,0.006562898866832256,0.6562898866832256
16,1923,120,1.4308388233184814,0.004918940830975771,0.0034378021955490112,0.3437802195549011
16,1924,120,1.3877665996551514,0.004220041446387768,0.003040886949747801,0.3040886949747801
16,1925,120,1.6152822971343994,0.009726287797093391,0.006021416746079922,0.6021416746079922
16,1926,120,1.525072693824768,0.009051114320755005,0.005934874061495066,0.5934874061495066
16,1927,120,1.4271349906921387,0.003956045489758253,0.002772019011899829,0.2772019011899829
16,1928,120,2.2872684001922607,0.00763341598212719,0.0033373504411429167,0.33373504411429167
16,1929,120,1.9030028581619263,0.003717436920851469,0.0019534584134817123,0.19534584134817123
16,1930,120,1.4653829336166382,0.00682792766019702,0.004659483674913645,0.4659483674913645
16,1931,120,1.7209755182266235,0.010396348312497139,0.006040962412953377,0.6040962412953377
16,1932,120,1.3777042627334595,0.006941629108041525,0.0050385482609272,0.50385482609272
16,1933,120,1.9293712377548218,0.010349208489060402,0.005364031530916691,0.5364031530916691
16,1934,120,1.5643579959869385,0.004230395425111055,0.0027042373549193144,0.27042373549193144
16,1935,120,1.2581418752670288,0.005853996146470308,0.0046528903767466545,0.46528903767466545
16,1936,121,1.54135000705719,0.008900643326342106,0.0057745762169361115,0.5774576216936111
16,1937,121,1.901245355606079,0.01132075022906065,0.005954386666417122,0.5954386666417122
16,1938,121,2.291207790374756,0.007927692495286465,0.0034600496292114258,0.3460049629211426
16,1939,121,1.4874250888824463,0.009455719962716103,0.006357106845825911,0.6357106845825911
16,1940,121,1.36106276512146,0.005655290558934212,0.004155055154114962,0.41550551541149616
16,1941,121,1.6765406131744385,0.006776848807930946,0.0040421620942652225,0.40421620942652225
16,1942,121,2.3303422927856445,0.008875657804310322,0.0038087356369942427,0.38087356369942427
16,1943,121,1.2772237062454224,0.0048272088170051575,0.0037794543895870447,0.37794543895870447
16,1944,121,2.2578020095825195,0.014422294683754444,0.0063877590000629425,0.6387759000062943
16,1945,121,1.530612826347351,0.008159383200109005,0.005330794956535101,0.5330794956535101
16,1946,121,1.4104692935943604,0.008413342759013176,0.005964924581348896,0.5964924581348896
16,1947,121,2.0156452655792236,0.014703858643770218,0.007294864393770695,0.7294864393770695
16,1948,121,1.690873146057129,0.01616780273616314,0.009561806917190552,0.9561806917190552
16,1949,121,1.1809098720550537,0.009212520904839039,0.007801205851137638,0.7801205851137638
16,1950,121,1.3822963237762451,0.010227317921817303,0.0073987883515655994,0.7398788351565599
16,1951,121,1.7490156888961792,0.00601596524938941,0.0034396289847791195,0.34396289847791195
16,1952,122,1.3075135946273804,0.004743620753288269,0.0036279705818742514,0.36279705818742514
16,1953,122,1.3114030361175537,0.004595180042088032,0.0035040180664509535,0.35040180664509535
16,1954,122,1.2887938022613525,0.00814439170062542,0.00631939060986042,0.631939060986042
16,1955,122,1.7550519704818726,0.007068263366818428,0.0040273810736835,0.40273810736835003
16,1956,122,1.1648707389831543,0.008166570216417313,0.007010709494352341,0.7010709494352341
16,1957,122,2.109828233718872,0.009499263018369675,0.004502386786043644,0.4502386786043644
16,1958,122,1.6419767141342163,0.011168320663273335,0.006801753304898739,0.6801753304898739
16,1959,122,1.5754390954971313,0.011892180889844894,0.007548486813902855,0.7548486813902855
16,1960,122,1.313481330871582,0.005150934681296349,0.003921589348465204,0.3921589348465204
16,1961,122,1.6812790632247925,0.010331015102565289,0.006144735496491194,0.6144735496491194
16,1962,122,1.5727064609527588,0.00532308267429471,0.003384663723409176,0.3384663723409176
16,1963,122,1.656941533088684,0.00924310740083456,0.005578415002673864,0.5578415002673864
16,1964,122,1.44928777217865,0.010156323201954365,0.007007802836596966,0.7007802836596966
16,1965,122,1.8725106716156006,0.007115592714399099,0.003800027770921588,0.3800027770921588
16,1966,122,2.2342305183410645,0.017356330528855324,0.0077683706767857075,0.7768370676785707
16,1967,122,1.8802220821380615,0.0074868532828986645,0.0039818985387682915,0.39818985387682915
16,1968,123,1.5061911344528198,0.005004161968827248,0.0033223950304090977,0.33223950304090977
16,1969,123,1.8400194644927979,0.010293908417224884,0.005594456102699041,0.5594456102699041
16,1970,123,1.5640778541564941,0.011401955038309097,0.007289889734238386,0.7289889734238386
16,1971,123,1.774685025215149,0.013181963004171848,0.0074277762323617935,0.7427776232361794
16,1972,123,1.4108166694641113,0.007113511674106121,0.005042123142629862,0.5042123142629862
16,1973,123,1.4479806423187256,0.012562764808535576,0.008676058612763882,0.8676058612763882
16,1974,123,1.2888141870498657,0.01227283664047718,0.009522580541670322,0.9522580541670322
16,1975,123,1.4396798610687256,0.008321872912347317,0.005780363455414772,0.5780363455414772
16,1976,123,1.1398591995239258,0.0053823888301849365,0.004721976816654205,0.47219768166542053
16,1977,123,1.6234185695648193,0.00827767327427864,0.005098915193229914,0.5098915193229914
16,1978,123,1.338576316833496,0.0055435216054320335,0.0041413563303649426,0.41413563303649426
16,1979,123,1.0679874420166016,0.006416673772037029,0.006008191965520382,0.6008191965520382
16,1980,123,1.6018829345703125,0.01260612066835165,0.00786956399679184,0.786956399679184
16,1981,123,1.3473025560379028,0.01052275113761425,0.00781023595482111,0.781023595482111
16,1982,123,1.6942989826202393,0.015927253291010857,0.009400497190654278,0.9400497190654278
16,1983,123,1.941739559173584,0.012342249974608421,0.006356284953653812,0.6356284953653812
16,1984,124,1.2651318311691284,0.004354438278824091,0.0034418851137161255,0.34418851137161255
16,1985,124,1.1849703788757324,0.006892647128552198,0.005816725082695484,0.5816725082695484
16,1986,124,1.1318082809448242,0.0023700029123574495,0.0020939968526363373,0.20939968526363373
16,1987,124,1.567388653755188,0.005389704369008541,0.0034386522602289915,0.34386522602289915
16,1988,124,1.9109970331192017,0.003331693122163415,0.0017434319015592337,0.17434319015592337
16,1989,124,1.1552729606628418,0.004263525828719139,0.0036904921289533377,0.36904921289533377
16,1990,124,1.6330996751785278,0.006135831121355295,0.003757168771699071,0.3757168771699071
16,1991,124,1.2389010190963745,0.0041613103821873665,0.0033588723745197058,0.3358872374519706
16,1992,124,1.5073193311691284,0.004234325606375933,0.0028091762214899063,0.28091762214899063
16,1993,124,1.2618041038513184,0.004187313374131918,0.0033185130450874567,0.33185130450874567
16,1994,124,1.4071059226989746,0.004694120958447456,0.0033360111992806196,0.33360111992806196
16,1995,124,1.2337822914123535,0.005872771143913269,0.004759973380714655,0.4759973380714655
16,1996,124,1.4506785869598389,0.007151464931666851,0.004929737653583288,0.4929737653583288
16,1997,124,1.64806067943573,0.008017071522772312,0.004864548798650503,0.4864548798650503
16,1998,124,1.5444769859313965,0.00476386584341526,0.0030844523571431637,0.30844523571431637
16,1999,124,1.7480472326278687,0.0059057846665382385,0.003378503955900669,0.3378503955900669
16,2000,125,1.1375008821487427,0.004372248891741037,0.003843732411041856,0.3843732411041856
16,2001,125,2.129821300506592,0.008737331256270409,0.004102377686649561,0.4102377686649561
16,2002,125,2.008010149002075,0.011431513354182243,0.0056929560378193855,0.5692956037819386
16,2003,125,1.2825289964675903,0.007179356645792723,0.005597812123596668,0.5597812123596668
16,2004,125,1.9812304973602295,0.005687850061804056,0.002870867494493723,0.2870867494493723
16,2005,125,1.1941795349121094,0.005091274622827768,0.00426340801641345,0.426340801641345
16,2006,125,2.409003496170044,0.015067718923091888,0.006254751700907946,0.6254751700907946
16,2007,125,1.1331900358200073,0.004142641089856625,0.003655733773484826,0.3655733773484826
16,2008,125,1.307175874710083,0.008278565481305122,0.006333168596029282,0.6333168596029282
16,2009,125,1.0800344944000244,0.010229028761386871,0.00947102066129446,0.947102066129446
16,2010,125,1.4581072330474854,0.006456256378442049,0.004427833948284388,0.44278339482843876
16,2011,125,1.6124346256256104,0.0033265440724790096,0.0020630566868931055,0.20630566868931055
16,2012,125,1.1766811609268188,0.0036583482287824154,0.003109039505943656,0.3109039505943656
16,2013,125,1.9943557977676392,0.00907260924577713,0.0045491429045796394,0.45491429045796394
16,2014,125,1.6558092832565308,0.00708577036857605,0.00427933968603611,0.427933968603611
16,2015,125,1.430787205696106,0.005255246534943581,0.003672975581139326,0.3672975581139326
16,2016,126,1.2218745946884155,0.006915500853210688,0.005659746937453747,0.5659746937453747
16,2017,126,1.8235688209533691,0.009409073740243912,0.005159703083336353,0.5159703083336353
16,2018,126,1.5222071409225464,0.004907466005533934,0.0032239146530628204,0.32239146530628204
16,2019,126,1.334899663925171,0.003954241517931223,0.0029622013680636883,0.29622013680636883
16,2020,126,1.787285566329956,0.013732124119997025,0.007683228701353073,0.7683228701353073
16,2021,126,1.5935667753219604,0.007000982761383057,0.004393278621137142,0.4393278621137142
16,2022,126,1.8299062252044678,0.006661369930952787,0.003640279406681657,0.3640279406681657
16,2023,126,1.8844337463378906,0.010267400182783604,0.005448533222079277,0.5448533222079277
16,2024,126,1.5550580024719238,0.010896807536482811,0.007007332053035498,0.7007332053035498
16,2025,126,1.6771056652069092,0.008206918835639954,0.004893501289188862,0.4893501289188862
16,2026,126,1.9203205108642578,0.011803880333900452,0.006146828178316355,0.6146828178316355
16,2027,126,1.4937894344329834,0.0034502509515732527,0.0023097305092960596,0.23097305092960596
16,2028,126,1.6731500625610352,0.013154247775673866,0.007861965335905552,0.7861965335905552
16,2029,126,1.2736916542053223,0.011290149763226509,0.008864114992320538,0.8864114992320538
16,2030,126,1.238814353942871,0.006303450558334589,0.005088292993605137,0.5088292993605137
16,2031,126,1.4069916009902954,0.005593053065240383,0.00397518603131175,0.39751860313117504
16,2032,127,1.2579457759857178,0.0062896497547626495,0.0049999370239675045,0.49999370239675045
16,2033,127,1.4959754943847656,0.011127720586955547,0.007438437547534704,0.7438437547534704
16,2034,127,1.7563005685806274,0.013422450050711632,0.007642456330358982,0.7642456330358982
16,2035,127,1.694478988647461,0.009210634976625443,0.005435673985630274,0.5435673985630274
16,2036,127,1.7941062450408936,0.009052269160747528,0.005045559257268906,0.5045559257268906
16,2037,127,1.509068489074707,0.01463316660374403,0.009696820750832558,0.9696820750832558
16,2038,127,1.3840998411178589,0.009866970591247082,0.0071287997998297215,0.7128799799829721
16,2039,127,1.5808639526367188,0.012255100533366203,0.0077521540224552155,0.7752154022455215
16,2040,127,1.2687913179397583,0.007654332090169191,0.006032774690538645,0.6032774690538645
16,2041,127,1.510749101638794,0.0050275688990950584,0.003327864920720458,0.3327864920720458
16,2042,127,1.3543832302093506,0.006027314346283674,0.004450228065252304,0.4450228065252304
16,2043,127,1.0741541385650635,0.008272014558315277,0.007700956892222166,0.7700956892222166
16,2044,127,1.3883897066116333,0.011489231139421463,0.008275220170617104,0.8275220170617104
16,2045,127,2.0100536346435547,0.01749315857887268,0.008702831342816353,0.8702831342816353
16,2046,127,1.388555645942688,0.005429273471236229,0.003910014871507883,0.3910014871507883
16,2047,127,1.2379070520401,0.005235585849732161,0.004229385405778885,0.4229385405778885
16,2048,128,1.5393486022949219,0.005535587202757597,0.003596058115363121,0.3596058115363121
16,2049,128,1.9092750549316406,0.010104198008775711,0.0052921646274626255,0.5292164627462626
16,2050,128,1.4086183309555054,0.00819382630288601,0.005816924385726452,0.5816924385726452
16,2051,128,1.7091598510742188,0.014333708211779594,0.008386406116187572,0.8386406116187572
16,2052,128,1.2685959339141846,0.0032732312101870775,0.0025802000891417265,0.25802000891417265
16,2053,128,1.4078867435455322,0.00943000242114067,0.006697983480989933,0.6697983480989933
16,2054,128,1.0268380641937256,0.004628765396773815,0.004507785197347403,0.45077851973474026
16,2055,128,1.108498215675354,0.00587408896535635,0.005299141630530357,0.5299141630530357
16,2056,128,1.5872434377670288,0.005904630292207003,0.0037200534716248512,0.3720053471624851
16,2057,128,1.3107434511184692,0.004760927055031061,0.003632234176620841,0.3632234176620841
16,2058,128,1.2880380153656006,0.00789015181362629,0.006125713232904673,0.6125713232904673
16,2059,128,1.563568353652954,0.01094867568463087,0.007002364378422499,0.7002364378422499
16,2060,128,1.6626986265182495,0.01141229085624218,0.006863715592771769,0.6863715592771769
16,2061,128,1.3996063470840454,0.005944843403995037,0.004247510805726051,0.42475108057260513
16,2062,128,1.5351390838623047,0.013264547102153301,0.008640616200864315,0.8640616200864315
16,2063,128,1.3245238065719604,0.011221470311284065,0.008472079411149025,0.8472079411149025
16,2064,129,1.3255449533462524,0.010133787989616394,0.00764499744400382,0.764499744400382
16,2065,129,1.7782199382781982,0.004644802771508694,0.002612051786854863,0.2612051786854863
16,2066,129,1.441753625869751,0.005327437538653612,0.003695109626278281,0.3695109626278281
16,2067,129,1.3897967338562012,0.0038320603780448437,0.0027572810649871826,0.27572810649871826
16,2068,129,1.3636701107025146,0.008590949699282646,0.006299873813986778,0.6299873813986778
16,2069,129,1.377930760383606,0.008390644565224648,0.006089307833462954,0.6089307833462954
16,2070,129,1.6976215839385986,0.00798165425658226,0.0047016688622534275,0.47016688622534275
16,2071,129,1.5853631496429443,0.00585024431347847,0.003690160345286131,0.3690160345286131
16,2072,129,2.164271354675293,0.011876353994011879,0.005487460643053055,0.5487460643053055
16,2073,129,1.6251527070999146,0.008391301147639751,0.0051633925177156925,0.5163392517715693
16,2074,129,1.8205246925354004,0.009580621495842934,0.005262560676783323,0.5262560676783323
16,2075,129,1.5918235778808594,0.005329619161784649,0.003348121652379632,0.3348121652379632
16,2076,129,1.4518251419067383,0.008788426406681538,0.006053364370018244,0.6053364370018244
16,2077,129,1.594765305519104,0.005370322149246931,0.0033674687147140503,0.33674687147140503
16,2078,129,1.9065663814544678,0.008466948755085468,0.0044409409165382385,0.44409409165382385
16,2079,129,1.3615350723266602,0.007402717135846615,0.005437037441879511,0.5437037441879511
16,2080,130,1.2596276998519897,0.00860902201384306,0.006834576837718487,0.6834576837718487
16,2081,130,1.686493992805481,0.012871895916759968,0.007632340304553509,0.7632340304553509
16,2082,130,1.2856957912445068,0.0055496832355856895,0.004316482227295637,0.4316482227295637
16,2083,130,1.833789587020874,0.006160896271467209,0.0033596528228372335,0.33596528228372335
16,2084,130,1.0464965105056763,0.006261072121560574,0.005982888862490654,0.5982888862490654
16,2085,130,1.8035963773727417,0.014862962067127228,0.008240736089646816,0.8240736089646816
16,2086,130,2.058788776397705,0.008410059846937656,0.004084954969584942,0.4084954969584942
16,2087,130,1.24668550491333,0.004401550628244877,0.003530602203682065,0.3530602203682065
16,2088,130,1.7957156896591187,0.009352550841867924,0.005208258051425219,0.5208258051425219
16,2089,130,2.037663221359253,0.004917736630886793,0.002413419773802161,0.24134197738021612
16,2090,130,1.0990089178085327,0.00849182065576315,0.007726798765361309,0.7726798765361309
16,2091,130,1.0390455722808838,0.005010879132896662,0.004822578746825457,0.48225787468254566
16,2092,130,1.3936443328857422,0.009482118301093578,0.006803829222917557,0.6803829222917557
16,2093,130,1.522150993347168,0.009606349281966686,0.006311035715043545,0.6311035715043545
16,2094,130,1.132598876953125,0.006299499422311783,0.005561986472457647,0.5561986472457647
16,2095,130,1.3124812841415405,0.0016362580936402082,0.0012466906337067485,0.12466906337067485
16,2096,131,1.8243598937988281,0.014377916231751442,0.007881074212491512,0.7881074212491512
16,2097,131,1.518550992012024,0.006198721472173929,0.00408199755474925,0.40819975547492504
16,2098,131,1.764978051185608,0.009674804285168648,0.005481543485075235,0.5481543485075235
16,2099,131,1.48780357837677,0.013034507632255554,0.00876090582460165,0.876090582460165
16,2100,131,1.7145044803619385,0.00808695238083601,0.004716787021607161,0.47167870216071606
16,2101,131,2.2520060539245605,0.01295173354446888,0.005751198157668114,0.5751198157668114
16,2102,131,1.4373788833618164,0.008661667816340923,0.006026015616953373,0.6026015616953373
16,2103,131,1.1549718379974365,0.006978800054639578,0.006042398512363434,0.6042398512363434
16,2104,131,1.4163386821746826,0.006134435068815947,0.004331192001700401,0.43311920017004013
16,2105,131,1.1561447381973267,0.005447518080472946,0.004711796063929796,0.4711796063929796
16,2106,131,1.6996426582336426,0.006102374289184809,0.0035903865937143564,0.35903865937143564
16,2107,131,1.3889154195785522,0.007315777242183685,0.005267259199172258,0.5267259199172258
16,2108,131,1.1584680080413818,0.005491294898092747,0.004740135278552771,0.47401352785527706
16,2109,131,2.4092726707458496,0.015508171170949936,0.006436868570744991,0.6436868570744991
16,2110,131,1.6626065969467163,0.008878336288034916,0.005340010393410921,0.5340010393410921
16,2111,131,1.075703740119934,0.004530780017375946,0.004211921710520983,0.4211921710520983
16,2112,132,1.4917861223220825,0.007905861362814903,0.0052995942533016205,0.529959425330162
16,2113,132,1.711145281791687,0.01051038783043623,0.006142311729490757,0.6142311729490757
16,2114,132,1.6655080318450928,0.0032274031545966864,0.0019377890275791287,0.19377890275791287
16,2115,132,1.7632733583450317,0.010382777079939842,0.005888353567570448,0.5888353567570448
16,2116,132,1.5356833934783936,0.00790528953075409,0.005147733725607395,0.5147733725607395
16,2117,132,1.183681607246399,0.005702319089323282,0.004817443434149027,0.4817443434149027
16,2118,132,1.71038818359375,0.010291747748851776,0.00601720018312335,0.601720018312335
16,2119,132,1.5184738636016846,0.004701642319560051,0.003096294589340687,0.3096294589340687
16,2120,132,1.5490130186080933,0.013756915926933289,0.008881084620952606,0.8881084620952606
16,2121,132,1.0688921213150024,0.005950933787971735,0.005567384883761406,0.5567384883761406
16,2122,132,1.416266918182373,0.006421242840588093,0.004533921368420124,0.4533921368420124
16,2123,132,1.6853067874908447,0.006390626076608896,0.0037919660098850727,0.37919660098850727
16,2124,132,1.510981559753418,0.007388605736196041,0.004889937583357096,0.48899375833570957
16,2125,132,0.9393619298934937,0.008661216124892235,0.009220318868756294,0.9220318868756294
16,2126,132,1.367292046546936,0.00350421154871583,0.002562884474173188,0.2562884474173188
16,2127,132,1.4301847219467163,0.004346140660345554,0.003038866678252816,0.3038866678252816
16,2128,133,1.456723928451538,0.0037008009385317564,0.0025404957123100758,0.2540495712310076
16,2129,133,1.4036730527877808,0.0022824665065854788,0.0016260670963674784,0.16260670963674784
16,2130,133,1.3630869388580322,0.006065143272280693,0.0044495644979178905,0.44495644979178905
16,2131,133,1.4649481773376465,0.004451684188097715,0.0030387998558580875,0.30387998558580875
16,2132,133,1.3281012773513794,0.0056294831447303295,0.0042387451976537704,0.42387451976537704
16,2133,133,1.4883452653884888,0.00847697164863348,0.005695567931979895,0.5695567931979895
16,2134,133,1.6297235488891602,0.007124100811779499,0.004371355287730694,0.4371355287730694
16,2135,133,1.6775035858154297,0.005493140779435635,0.0032745925709605217,0.32745925709605217
16,2136,133,1.3960378170013428,0.0036257277242839336,0.002597155747935176,0.2597155747935176
16,2137,133,1.4128880500793457,0.00747038284316659,0.005287313833832741,0.5287313833832741
16,2138,133,1.4146864414215088,0.0034675789065659046,0.002451129024848342,0.2451129024848342
16,2139,133,1.4614776372909546,0.008098646067082882,0.005541409365832806,0.5541409365832806
16,2140,133,1.3379396200180054,0.0032704309560358524,0.0024443785659968853,0.24443785659968853
16,2141,133,1.3375152349472046,0.003989439457654953,0.0029827244579792023,0.2982724457979202
16,2142,133,1.4317322969436646,0.009466460905969143,0.006611892953515053,0.6611892953515053
16,2143,133,1.131481409072876,0.00502041494473815,0.004437028430402279,0.4437028430402279
16,2144,134,1.467029094696045,0.006080955266952515,0.0041450816206634045,0.41450816206634045
16,2145,134,2.6038694381713867,0.0146336043253541,0.005619945470243692,0.5619945470243692
16,2146,134,1.4859474897384644,0.017765607684850693,0.0119557436555624,1.19557436555624
16,2147,134,1.1177642345428467,0.005089007318019867,0.004552844911813736,0.4552844911813736
16,2148,134,1.5740412473678589,0.006171615794301033,0.003920873161405325,0.3920873161405325
16,2149,134,1.1731220483779907,0.005115953739732504,0.004360973369330168,0.4360973369330168
16,2150,134,1.2209603786468506,0.00664087850600481,0.00543906120583415,0.543906120583415
16,2151,134,1.911773443222046,0.010936959646642208,0.005720844957977533,0.5720844957977533
16,2152,134,1.1005460023880005,0.00483038742095232,0.004389082547277212,0.4389082547277212
16,2153,134,1.4590212106704712,0.003982476890087128,0.0027295537292957306,0.27295537292957306
16,2154,134,1.9093010425567627,0.012053456157445908,0.00631302036345005,0.631302036345005
16,2155,134,1.9525649547576904,0.007477235980331898,0.003829442895948887,0.3829442895948887
16,2156,134,1.1178101301193237,0.003973841201514006,0.003555023344233632,0.3555023344233632
16,2157,134,1.594220757484436,0.00878545269370079,0.005510813090950251,0.5510813090950251
16,2158,134,1.9414912462234497,0.010095158591866493,0.005199693143367767,0.5199693143367767
16,2159,134,1.9001978635787964,0.0047516352497041225,0.002500600181519985,0.2500600181519985
16,2160,135,2.466834783554077,0.01793089509010315,0.007268786430358887,0.7268786430358887
16,2161,135,1.545867919921875,0.013857591897249222,0.008964279666543007,0.8964279666543007
16,2162,135,1.3653734922409058,0.005132934544235468,0.003759362967684865,0.3759362967684865
16,2163,135,2.2114882469177246,0.012259732000529766,0.005543656647205353,0.5543656647205353
16,2164,135,1.5606846809387207,0.013529477640986443,0.008668937720358372,0.8668937720358372
16,2165,135,1.5476287603378296,0.003641932737082243,0.0023532339837402105,0.23532339837402105
16,2166,135,1.2093759775161743,0.01090422086417675,0.009016402997076511,0.9016402997076511
16,2167,135,1.8859167098999023,0.01627468317747116,0.008629587478935719,0.8629587478935719
16,2168,135,1.1210424900054932,0.004040576051920652,0.003604302415624261,0.3604302415624261
16,2169,135,1.4003053903579712,0.009852931834757328,0.007036273367702961,0.7036273367702961
16,2170,135,1.5741844177246094,0.010240307077765465,0.006505150813609362,0.6505150813609362
16,2171,135,1.514574408531189,0.008303685113787651,0.005482520442456007,0.5482520442456007
16,2172,135,1.4545491933822632,0.00781906209886074,0.0053755915723741055,0.5375591572374105
16,2173,135,1.4043151140213013,0.004797023721039295,0.0034159168135374784,0.34159168135374784
16,2174,135,1.003584861755371,0.004446224309504032,0.004430341999977827,0.4430341999977827
16,2175,135,1.7626925706863403,0.015276591293513775,0.008666622452437878,0.8666622452437878
16,2176,136,1.5044257640838623,0.005319499410688877,0.003535900264978409,0.3535900264978409
16,2177,136,1.5306087732315063,0.004720534197986126,0.0030840893741697073,0.30840893741697073
16,2178,136,1.3688815832138062,0.0028183148242533207,0.002058844780549407,0.2058844780549407
16,2179,136,1.3653596639633179,0.008909229189157486,0.006525188684463501,0.6525188684463501
16,2180,136,1.2668695449829102,0.010570373386144638,0.008343695662915707,0.8343695662915707
16,2181,136,1.5594656467437744,0.011901604011654854,0.007631847634911537,0.7631847634911537
16,2182,136,1.7773977518081665,0.014003121294081211,0.007878439500927925,0.7878439500927925
16,2183,136,1.1307681798934937,0.00500310817733407,0.004424521699547768,0.44245216995477676
16,2184,136,1.8730440139770508,0.01032756082713604,0.005513784475624561,0.5513784475624561
16,2185,136,1.678871989250183,0.0062048109248280525,0.003695821389555931,0.3695821389555931
16,2186,136,1.6419416666030884,0.006774518638849258,0.004125919193029404,0.41259191930294037
16,2187,136,1.4503575563430786,0.009945045225322247,0.00685696117579937,0.685696117579937
16,2188,136,1.4056532382965088,0.0062025925144553185,0.004412604961544275,0.44126049615442753
16,2189,136,1.5962375402450562,0.00936869066208601,0.005869233515113592,0.5869233515113592
16,2190,136,1.2785420417785645,0.0043795146048069,0.0034253974445164204,0.34253974445164204
16,2191,136,1.7752060890197754,0.013010866940021515,0.007329214829951525,0.7329214829951525
16,2192,137,1.247323751449585,0.005533050745725632,0.004435937851667404,0.4435937851667404
16,2193,137,1.3343929052352905,0.009439644403755665,0.007074111606925726,0.7074111606925726
16,2194,137,1.272943377494812,0.008830743841826916,0.006937263533473015,0.6937263533473015
16,2195,137,1.723312258720398,0.007689044810831547,0.004461782518774271,0.4461782518774271
16,2196,137,1.8554317951202393,0.006050304509699345,0.0032608606852591038,0.3260860685259104
16,2197,137,1.5618150234222412,0.01111772283911705,0.007118463050574064,0.7118463050574064
16,2198,137,1.434945821762085,0.00918907392770052,0.006403777748346329,0.6403777748346329
16,2199,137,1.6074070930480957,0.010694039985537529,0.006652975454926491,0.6652975454926491
16,2200,137,1.3533340692520142,0.006932578515261412,0.005122592207044363,0.5122592207044363
16,2201,137,1.9081707000732422,0.006647986359894276,0.0034839578438550234,0.34839578438550234
16,2202,137,1.8948163986206055,0.014555531553924084,0.007681763730943203,0.7681763730943203
16,2203,137,1.1349269151687622,0.0036700849886983633,0.003233763389289379,0.3233763389289379
16,2204,137,1.3936865329742432,0.011153974570333958,0.008003216236829758,0.8003216236829758
16,2205,137,1.2691587209701538,0.011638295836746693,0.009170087054371834,0.9170087054371834
16,2206,137,1.7792962789535522,0.004787863697856665,0.002690874971449375,0.2690874971449375
16,2207,137,1.5219831466674805,0.00842607207596302,0.005536245182156563,0.5536245182156563
16,2208,138,1.4303067922592163,0.004270481411367655,0.002985710045322776,0.2985710045322776
16,2209,138,1.111630916595459,0.005795563571155071,0.005213567987084389,0.5213567987084389
16,2210,138,1.2982099056243896,0.004491581581532955,0.003459826810285449,0.3459826810285449
16,2211,138,2.14443302154541,0.0075307320803403854,0.0035117589868605137,0.35117589868605137
16,2212,138,1.3784595727920532,0.004374343901872635,0.003173356642946601,0.3173356642946601
16,2213,138,1.0234442949295044,0.004941158927977085,0.004827970638871193,0.4827970638871193
16,2214,138,1.9823153018951416,0.005565455183386803,0.0028075529262423515,0.28075529262423515
16,2215,138,1.2492719888687134,0.004892550874501467,0.003916321787983179,0.3916321787983179
16,2216,138,1.3999038934707642,0.00491119222715497,0.003508235327899456,0.3508235327899456
16,2217,138,1.4269353151321411,0.004441631492227316,0.0031127070542424917,0.31127070542424917
16,2218,138,1.9316980838775635,0.007726648822426796,0.003999925684183836,0.3999925684183836
16,2219,138,1.1577779054641724,0.004919613245874643,0.004249185789376497,0.4249185789376497
16,2220,138,1.7892742156982422,0.010552631691098213,0.005897716153413057,0.5897716153413057
16,2221,138,1.301995038986206,0.0065953610464930534,0.005065580829977989,0.5065580829977989
16,2222,138,1.3784210681915283,0.004430241882801056,0.0032139974646270275,0.32139974646270275
16,2223,138,2.7083725929260254,0.005282641854137182,0.0019504856318235397,0.19504856318235397
16,2224,139,1.3739862442016602,0.0071816472336649895,0.005226869601756334,0.5226869601756334
16,2225,139,1.1298770904541016,0.005523343104869127,0.004888446070253849,0.4888446070253849
16,2226,139,1.6454558372497559,0.007532007060945034,0.004577459301799536,0.4577459301799536
16,2227,139,1.934699296951294,0.010576393455266953,0.005466686096042395,0.5466686096042395
16,2228,139,2.532400131225586,0.008840595372021198,0.0034909946843981743,0.34909946843981743
16,2229,139,1.5016883611679077,0.006296626757830381,0.004193031694740057,0.4193031694740057
16,2230,139,1.7505323886871338,0.006653153337538242,0.0038006457034498453,0.38006457034498453
16,2231,139,1.4792029857635498,0.0071432217955589294,0.004829101730138063,0.48291017301380634
16,2232,139,1.4180043935775757,0.0031061519403010607,0.002190509345382452,0.2190509345382452
16,2233,139,1.350907802581787,0.0074925534427165985,0.005546309985220432,0.5546309985220432
16,2234,139,1.2957837581634521,0.0025361848529428244,0.0019572593737393618,0.19572593737393618
16,2235,139,1.3041164875030518,0.008397542871534824,0.006439258344471455,0.6439258344471455
16,2236,139,1.6289838552474976,0.002598570426926017,0.001595209469087422,0.1595209469087422
16,2237,139,1.2243365049362183,0.005677864421159029,0.004637503065168858,0.46375030651688576
16,2238,139,1.303830623626709,0.007061589043587446,0.005416032392531633,0.5416032392531633
16,2239,139,1.2917041778564453,0.008378054015338421,0.006486047059297562,0.6486047059297562
16,2240,140,2.773946523666382,0.010740090161561966,0.0038717726711183786,0.38717726711183786
16,2241,140,1.6439931392669678,0.010348149575293064,0.006294521037489176,0.6294521037489176
16,2242,140,1.4866774082183838,0.015023892745375633,0.010105684399604797,1.0105684399604797
16,2243,140,1.230507493019104,0.01220563892275095,0.009919190779328346,0.9919190779328346
16,2244,140,1.8777122497558594,0.007553189992904663,0.004022549372166395,0.4022549372166395
16,2245,140,1.3578150272369385,0.006782319862395525,0.004995024763047695,0.4995024763047695
16,2246,140,1.3046213388442993,0.0061302511021494865,0.0046988739632070065,0.46988739632070065
16,2247,140,1.5222095251083374,0.007368249353021383,0.0048404959961771965,0.48404959961771965
16,2248,140,1.6033079624176025,0.012585810385644436,0.007849901914596558,0.7849901914596558
16,2249,140,1.7958338260650635,0.008693921379745007,0.004841161426156759,0.4841161426156759
16,2250,140,1.494942307472229,0.006873643025755882,0.0045979321002960205,0.45979321002960205
16,2251,140,1.8105789422988892,0.0049454281106591225,0.0027314070612192154,0.27314070612192154
16,2252,140,1.359906554222107,0.004720749333500862,0.003471377771347761,0.3471377771347761
16,2253,140,1.4204747676849365,0.008724658749997616,0.006142072379589081,0.6142072379589081
16,2254,140,1.678380012512207,0.005663242656737566,0.0033742315135896206,0.33742315135896206
16,2255,140,1.366397500038147,0.010805165395140648,0.007907776162028313,0.7907776162028313
16,2256,141,1.3010845184326172,0.001713855774141848,0.001317251706495881,0.1317251706495881
16,2257,141,1.5583314895629883,0.006120043806731701,0.003927305340766907,0.3927305340766907
16,2258,141,2.1563549041748047,0.006161766592413187,0.0028574918396770954,0.28574918396770954
16,2259,141,1.290731430053711,0.0056429640389978886,0.0043719117529690266,0.43719117529690266
16,2260,141,1.0339999198913574,0.004705824423581362,0.004551087971776724,0.4551087971776724
16,2261,141,1.4850554466247559,0.012014459818601608,0.008090243674814701,0.8090243674814701
16,2262,141,1.6519160270690918,0.010024462826550007,0.0060683852061629295,0.606838520616293
16,2263,141,1.3189891576766968,0.00354100507684052,0.0026846355758607388,0.2684635575860739
16,2264,141,1.2111334800720215,0.005563713144510984,0.004593806806951761,0.4593806806951761
16,2265,141,1.7573339939117432,0.006206136662513018,0.003531563561409712,0.3531563561409712
16,2266,141,1.970423698425293,0.00620267353951931,0.0031478882301598787,0.3147888230159879
16,2267,141,2.0122032165527344,0.00846751220524311,0.004208080004900694,0.4208080004900694
16,2268,141,1.2785779237747192,0.006791810970753431,0.005312004126608372,0.5312004126608372
16,2269,141,1.410696029663086,0.006316247396171093,0.004477398004382849,0.4477398004382849
16,2270,141,1.4576921463012695,0.008498643524944782,0.005830204579979181,0.5830204579979181
16,2271,141,1.6748154163360596,0.005674318410456181,0.0033880260307341814,0.33880260307341814
16,2272,142,1.3138248920440674,0.01142093539237976,0.008692890405654907,0.8692890405654907
16,2273,142,1.2770648002624512,0.005033666733652353,0.0039415908977389336,0.39415908977389336
16,2274,142,1.4527199268341064,0.011684705503284931,0.008043330162763596,0.8043330162763596
16,2275,142,1.2964627742767334,0.008290761150419712,0.0063949087634682655,0.6394908763468266
16,2276,142,2.25223970413208,0.013329016976058483,0.005918116308748722,0.5918116308748722
16,2277,142,2.015826463699341,0.006798519752919674,0.003372571896761656,0.3372571896761656
16,2278,142,1.2810943126678467,0.006985712330788374,0.005452925805002451,0.5452925805002451
16,2279,142,2.017176389694214,0.007808053400367498,0.003870783606544137,0.3870783606544137
16,2280,142,1.413372278213501,0.006209946237504482,0.0043937088921666145,0.43937088921666145
16,2281,142,1.1879984140396118,0.006258494220674038,0.005268099717795849,0.5268099717795849
16,2282,142,2.869802713394165,0.019484320655465126,0.006789428647607565,0.6789428647607565
16,2283,142,1.3066120147705078,0.007250890601426363,0.005549382884055376,0.5549382884055376
16,2284,142,1.485948085784912,0.006862224545329809,0.0046180784702301025,0.46180784702301025
16,2285,142,1.7690186500549316,0.015608508139848709,0.008823257870972157,0.8823257870972157
16,2286,142,1.3229432106018066,0.004979888908565044,0.003764249850064516,0.3764249850064516
16,2287,142,1.2479861974716187,0.00468087662011385,0.0037507438100874424,0.37507438100874424
16,2288,143,1.5899169445037842,0.008155838586390018,0.005129726137965918,0.5129726137965918
16,2289,143,1.0892857313156128,0.004662992432713509,0.004280779976397753,0.4280779976397753
16,2290,143,1.6728715896606445,0.015424132347106934,0.009220153093338013,0.9220153093338013
16,2291,143,1.1802564859390259,0.009492266923189163,0.00804254598915577,0.8042545989155769
16,2292,143,1.331752061843872,0.004468502476811409,0.003355356166139245,0.3355356166139245
16,2293,143,0.9974507689476013,0.008723911829292774,0.008746207691729069,0.8746207691729069
16,2294,143,1.262891173362732,0.007881112396717072,0.006240531802177429,0.6240531802177429
16,2295,143,1.5215657949447632,0.009323680773377419,0.006127688102424145,0.6127688102424145
16,2296,143,1.2822099924087524,0.005099958274513483,0.003977475222200155,0.3977475222200155
16,2297,143,2.3424882888793945,0.016495073214173317,0.007041688542813063,0.7041688542813063
16,2298,143,1.5650770664215088,0.007142847869545221,0.004563895519822836,0.4563895519822836
16,2299,143,1.336402177810669,0.006333164870738983,0.004738966468721628,0.4738966468721628
16,2300,143,1.7288204431533813,0.013887818902730942,0.008033118210732937,0.8033118210732937
16,2301,143,1.5045585632324219,0.006015841383486986,0.003998409491032362,0.3998409491032362
16,2302,143,1.219001054763794,0.009771081618964672,0.00801564659923315,0.801564659923315
16,2303,143,1.3278522491455078,0.005343498196452856,0.004024166148155928,0.40241661481559277
16,2304,144,1.1391642093658447,0.005082583986222744,0.004461678210645914,0.4461678210645914
16,2305,144,1.3665181398391724,0.005089680664241314,0.003724561305716634,0.3724561305716634
16,2306,144,1.4709876775741577,0.006342635955661535,0.004311821423470974,0.4311821423470974
16,2307,144,1.2556473016738892,0.0035294312983751297,0.002810846082866192,0.2810846082866192
16,2308,144,1.2504938840866089,0.006815130822360516,0.005449951160699129,0.5449951160699129
16,2309,144,1.9071717262268066,0.0043772379867732525,0.002295146230608225,0.2295146230608225
16,2310,144,1.8497669696807861,0.0063803670927882195,0.003449281444773078,0.3449281444773078
16,2311,144,1.246124029159546,0.007488975767046213,0.006009815726429224,0.6009815726429224
16,2312,144,1.4525398015975952,0.00788842048496008,0.005430777557194233,0.5430777557194233
16,2313,144,1.3662407398223877,0.003288552165031433,0.0024070078507065773,0.24070078507065773
16,2314,144,1.3145897388458252,0.00579689908772707,0.00440966384485364,0.44096638448536396
16,2315,144,1.5338107347488403,0.006362429354339838,0.004148119129240513,0.4148119129240513
16,2316,144,1.4637701511383057,0.009661039337515831,0.006600106600672007,0.6600106600672007
16,2317,144,1.6021554470062256,0.004541682079434395,0.002834732411429286,0.2834732411429286
16,2318,144,1.7486109733581543,0.005221879109740257,0.002986301202327013,0.2986301202327013
16,2319,144,1.37613844871521,0.010326136834919453,0.007503705099225044,0.7503705099225044
16,2320,145,1.5164790153503418,0.006742490921169519,0.004446148406714201,0.4446148406714201
16,2321,145,1.6415133476257324,0.005393113475292921,0.003285452025011182,0.3285452025011182
16,2322,145,1.5028069019317627,0.009888576343655586,0.006580071058124304,0.6580071058124304
16,2323,145,1.9420223236083984,0.0054020145907998085,0.0027816439978778362,0.2781643997877836
16,2324,145,1.3205794095993042,0.005275582894682884,0.003994900267571211,0.3994900267571211
16,2325,145,1.5098156929016113,0.005762655753642321,0.0038167941384017467,0.3816794138401747
16,2326,145,1.4024196863174438,0.005065984092652798,0.0036123166792094707,0.3612316679209471
16,2327,145,1.2191884517669678,0.0036425061989575624,0.0029876481276005507,0.29876481276005507
16,2328,145,1.2649261951446533,0.0060347761027514935,0.004770852159708738,0.47708521597087383
16,2329,145,1.7326428890228271,0.005936639849096537,0.0034263492561876774,0.34263492561876774
16,2330,145,1.3399096727371216,0.007006575353443623,0.005229140166193247,0.5229140166193247
16,2331,145,1.6210325956344604,0.007354489993304014,0.004536916967481375,0.4536916967481375
16,2332,145,1.018598198890686,0.0057355379685759544,0.00563081493601203,0.563081493601203
16,2333,145,1.5832219123840332,0.010317000560462475,0.006516458932310343,0.6516458932310343
16,2334,145,1.3046684265136719,0.003955560270696878,0.003031851025298238,0.3031851025298238
16,2335,145,1.4015733003616333,0.0033471863716840744,0.0023881637025624514,0.23881637025624514
16,2336,146,1.8476063013076782,0.004312725737690926,0.002334223361685872,0.2334223361685872
16,2337,146,1.1237860918045044,0.007057419512420893,0.0062800380401313305,0.628003804013133
16,2338,146,1.146877408027649,0.005784289445728064,0.0050435117445886135,0.5043511744588614
16,2339,146,1.638575553894043,0.0025741250719875097,0.001570952939800918,0.1570952939800918
16,2340,146,1.4456086158752441,0.012207651510834694,0.008444644510746002,0.8444644510746002
16,2341,146,1.24931001663208,0.004003436304628849,0.003204517997801304,0.3204517997801304
16,2342,146,1.2661733627319336,0.0021038807462900877,0.0016616055509075522,0.16616055509075522
16,2343,146,1.4088847637176514,0.0038425347302109003,0.002727359067648649,0.2727359067648649
16,2344,146,1.2516179084777832,0.00604674220085144,0.004831140860915184,0.4831140860915184
16,2345,146,1.495851755142212,0.01030105073004961,0.0068864114582538605,0.688641145825386
16,2346,146,1.1937633752822876,0.0038186621386557817,0.0031988434493541718,0.3198843449354172
16,2347,146,1.258476972579956,0.006332519929856062,0.005031891632825136,0.5031891632825136
16,2348,146,2.0408222675323486,0.010210884734988213,0.005003319121897221,0.5003319121897221
16,2349,146,1.9066591262817383,0.007880988530814648,0.004133401904255152,0.4133401904255152
16,2350,146,1.348117709159851,0.002952730283141136,0.0021902613807469606,0.21902613807469606
16,2351,146,1.6575167179107666,0.006216123234480619,0.0037502627819776535,0.37502627819776535
16,2352,147,1.767022728919983,0.004990085028111935,0.002824007300660014,0.2824007300660014
16,2353,147,1.1900575160980225,0.003948180936276913,0.0033176387660205364,0.33176387660205364
16,2354,147,1.9421944618225098,0.0062097120098769665,0.003197265788912773,0.3197265788912773
16,2355,147,1.2169263362884521,0.005915950983762741,0.004861387889832258,0.4861387889832258
16,2356,147,1.2343876361846924,0.008663794957101345,0.00701869884505868,0.701869884505868
16,2357,147,1.2830321788787842,0.007062457036226988,0.005504504777491093,0.5504504777491093
16,2358,147,1.6208614110946655,0.004210464656352997,0.002597671002149582,0.2597671002149582
16,2359,147,1.6903456449508667,0.011386417783796787,0.006736147683113813,0.6736147683113813
16,2360,147,1.8104078769683838,0.010682791471481323,0.005900764837861061,0.5900764837861061
16,2361,147,1.1539251804351807,0.0025144307874143124,0.0021790240425616503,0.21790240425616503
16,2362,147,1.0852575302124023,0.005291379988193512,0.0048756906762719154,0.48756906762719154
16,2363,147,1.293816328048706,0.005551460199058056,0.004290763754397631,0.42907637543976307
16,2364,147,1.3509602546691895,0.007383972406387329,0.005465721245855093,0.5465721245855093
16,2365,147,1.2715137004852295,0.00809741485863924,0.0063683269545435905,0.636832695454359
16,2366,147,1.263635277748108,0.005620271898806095,0.004447700921446085,0.4447700921446085
16,2367,147,1.6393154859542847,0.0079258494079113,0.004834853112697601,0.48348531126976013
16,2368,148,1.3671207427978516,0.005884604994207621,0.004304378293454647,0.4304378293454647
16,2369,148,1.6466419696807861,0.010690171271562576,0.006492104381322861,0.6492104381322861
16,2370,148,1.6202759742736816,0.002868650248274207,0.001770470174960792,0.1770470174960792
16,2371,148,1.1277540922164917,0.002667739288881421,0.002365532796829939,0.2365532796829939
16,2372,148,1.3959071636199951,0.003806313732638955,0.002726767212152481,0.2726767212152481
16,2373,148,1.2188177108764648,0.009011426940560341,0.00739358039572835,0.739358039572835
16,2374,148,1.470274567604065,0.010089017450809479,0.006861995439976454,0.6861995439976454
16,2375,148,1.4861199855804443,0.008325689472258091,0.005602299701422453,0.5602299701422453
16,2376,148,1.4297983646392822,0.008863521739840508,0.0061991410329937935,0.6199141032993793
16,2377,148,1.643073558807373,0.006739780306816101,0.004101934842765331,0.4101934842765331
16,2378,148,1.496917486190796,0.010985851287841797,0.007338982541114092,0.7338982541114092
16,2379,148,1.642402172088623,0.006464074365794659,0.003935744054615498,0.39357440546154976
16,2380,148,1.6037311553955078,0.0065601482056081295,0.004090553615242243,0.4090553615242243
16,2381,148,1.1333338022232056,0.009796408005058765,0.00864388607442379,0.864388607442379
16,2382,148,1.8484549522399902,0.01022025104612112,0.005529077723622322,0.5529077723622322
16,2383,148,1.3546134233474731,0.007629091385751963,0.005631932523101568,0.5631932523101568
16,2384,149,1.9610466957092285,0.006787113379687071,0.0034609646536409855,0.34609646536409855
16,2385,149,1.6291033029556274,0.006528045050799847,0.004007140174508095,0.4007140174508095
16,2386,149,1.6116302013397217,0.016953548416495323,0.010519502684473991,1.0519502684473991
16,2387,149,1.2373124361038208,0.011404460296034813,0.009217122569680214,0.9217122569680214
16,2388,149,1.5226917266845703,0.009494220837950706,0.006235156208276749,0.6235156208276749
16,2389,149,1.6680700778961182,0.005331047344952822,0.003195937257260084,0.3195937257260084
16,2390,149,1.3783308267593384,0.01176849938929081,0.008538225665688515,0.8538225665688515
16,2391,149,1.7971465587615967,0.013202475383877754,0.007346354424953461,0.7346354424953461
16,2392,149,1.1102313995361328,0.009144552052021027,0.008236617781221867,0.8236617781221867
16,2393,149,1.817746639251709,0.013151047751307487,0.007234808057546616,0.7234808057546616
16,2394,149,1.6256370544433594,0.01276326272636652,0.007851237431168556,0.7851237431168556
16,2395,149,1.4913071393966675,0.006178408861160278,0.004142948426306248,0.41429484263062477
16,2396,149,1.4662830829620361,0.003114705439656973,0.0021242182701826096,0.21242182701826096
16,2397,149,1.0594019889831543,0.006956464610993862,0.006566407158970833,0.6566407158970833
16,2398,149,1.463284969329834,0.006896988954395056,0.004713360220193863,0.4713360220193863
16,2399,149,2.000213146209717,0.007279915269464254,0.0036395697388798,0.36395697388798
16,2400,150,1.790609359741211,0.011858591809868813,0.0066226571798324585,0.6622657179832458
16,2401,150,1.9089486598968506,0.014593428932130337,0.0076447464525699615,0.7644746452569962
16,2402,150,1.5634331703186035,0.008582214824855328,0.005489339120686054,0.5489339120686054
16,2403,150,1.467223882675171,0.003638510126620531,0.0024798603262752295,0.24798603262752295
16,2404,150,1.1533124446868896,0.00455040019005537,0.003945505246520042,0.39455052465200424
16,2405,150,1.875939130783081,0.013284904882311821,0.007081735413521528,0.7081735413521528
16,2406,150,1.9035519361495972,0.007126379292458296,0.0037437272258102894,0.37437272258102894
16,2407,150,1.1621781587600708,0.00397720979526639,0.003422203240916133,0.3422203240916133
16,2408,150,1.2886559963226318,0.004147273954004049,0.003218294121325016,0.3218294121325016
16,2409,150,1.2247190475463867,0.009419960901141167,0.007691528182476759,0.7691528182476759
16,2410,150,1.7511987686157227,0.01002009492367506,0.005721848923712969,0.5721848923712969
16,2411,150,1.845550537109375,0.011168642900884151,0.006051659118384123,0.6051659118384123
16,2412,150,1.3768178224563599,0.010969233699142933,0.007967091165482998,0.7967091165482998
16,2413,150,1.290679931640625,0.007177687715739012,0.00556116783991456,0.556116783991456
16,2414,150,1.0945897102355957,0.004832702688872814,0.004415081348270178,0.4415081348270178
16,2415,150,1.5659922361373901,0.010327150113880634,0.00659463694319129,0.659463694319129
16,2416,151,1.3160744905471802,0.01143677532672882,0.008690066635608673,0.8690066635608673
16,2417,151,1.54556143283844,0.011492472141981125,0.007435791194438934,0.7435791194438934
16,2418,151,1.7244945764541626,0.004440996330231428,0.0025752452202141285,0.25752452202141285
16,2419,151,1.3954509496688843,0.007072911597788334,0.005068548955023289,0.5068548955023289
16,2420,151,1.9715129137039185,0.014700498431921005,0.0074564553797245026,0.7456455379724503
16,2421,151,1.6095174551010132,0.00706607848405838,0.004390184301882982,0.4390184301882982
16,2422,151,2.0221495628356934,0.013794224709272385,0.006821564864367247,0.6821564864367247
16,2423,151,1.2212061882019043,0.007352516520768404,0.006020700559020042,0.6020700559020042
16,2424,151,1.3605618476867676,0.005876991897821426,0.0043195332400500774,0.43195332400500774
16,2425,151,1.5984032154083252,0.010381150990724564,0.006494700908660889,0.6494700908660889
16,2426,151,1.2984708547592163,0.01072959415614605,0.00826325360685587,0.8263253606855869
16,2427,151,2.1311089992523193,0.018623752519488335,0.008738995529711246,0.8738995529711246
16,2428,151,1.9249334335327148,0.014496669173240662,0.007530997507274151,0.7530997507274151
16,2429,151,1.3504793643951416,0.005860761273652315,0.004339763894677162,0.4339763894677162
16,2430,151,1.5513418912887573,0.010782383382320404,0.00695035932585597,0.695035932585597
16,2431,151,1.8224836587905884,0.012574578635394573,0.006899693515151739,0.6899693515151739
16,2432,152,1.3506959676742554,0.0070013077929615974,0.005183481611311436,0.5183481611311436
16,2433,152,1.0436161756515503,0.004795657936483622,0.004595231730490923,0.4595231730490923
16,2434,152,1.370983600616455,0.00963700469583273,0.00702926330268383,0.702926330268383
16,2435,152,1.8525149822235107,0.013464490883052349,0.007268222514539957,0.7268222514539957
16,2436,152,1.5638641119003296,0.010389585047960281,0.006643534637987614,0.6643534637987614
16,2437,152,1.3101749420166016,0.00814743060618639,0.006218582391738892,0.6218582391738892
16,2438,152,1.5263780355453491,0.007841205224394798,0.00513713201507926,0.513713201507926
16,2439,152,1.129180669784546,0.0022327671758830547,0.0019773337990045547,0.19773337990045547
16,2440,152,1.6882472038269043,0.004375882912427187,0.002591968048363924,0.2591968048363924
16,2441,152,1.6360536813735962,0.003075686516240239,0.0018799422541633248,0.18799422541633248
16,2442,152,1.4283843040466309,0.009207011200487614,0.006445751991122961,0.6445751991122961
16,2443,152,2.284515380859375,0.014116078615188599,0.006179025396704674,0.6179025396704674
16,2444,152,1.4169307947158813,0.007435882464051247,0.005247879773378372,0.5247879773378372
16,2445,152,1.5983073711395264,0.006600494962185621,0.004129678010940552,0.4129678010940552
16,2446,152,1.3338390588760376,0.00796797126531601,0.005973712541162968,0.5973712541162968
16,2447,152,1.4188802242279053,0.0033705008681863546,0.002375465352088213,0.2375465352088213
16,2448,153,1.414162516593933,0.006970775779336691,0.004929260816425085,0.4929260816425085
16,2449,153,1.4802887439727783,0.005259697325527668,0.0035531562753021717,0.35531562753021717
16,2450,153,1.6309494972229004,0.0033804341219365597,0.0020726786460727453,0.20726786460727453
16,2451,153,1.3193072080612183,0.007285416591912508,0.005522153340280056,0.5522153340280056
16,2452,153,1.1588020324707031,0.007802293170243502,0.006733068265020847,0.6733068265020847
16,2453,153,1.4929906129837036,0.006369857117533684,0.004266508389264345,0.4266508389264345
16,2454,153,1.3009535074234009,0.005107272882014513,0.003925791941583157,0.39257919415831566
16,2455,153,1.3706724643707275,0.0022330607753247023,0.001629171660169959,0.1629171660169959
16,2456,153,1.3683114051818848,0.004044889006763697,0.002956117270514369,0.2956117270514369
16,2457,153,1.39493989944458,0.007423806935548782,0.005321954842656851,0.5321954842656851
16,2458,153,1.0761960744857788,0.0034069435205310583,0.0031657274812459946,0.31657274812459946
16,2459,153,1.409164547920227,0.004211156629025936,0.002988406689837575,0.2988406689837575
16,2460,153,1.9690436124801636,0.008834789507091045,0.004486843012273312,0.44868430122733116
16,2461,153,1.773956298828125,0.008013379760086536,0.0045172362588346004,0.45172362588346004
16,2462,153,1.8128594160079956,0.006302325055003166,0.0034764555748552084,0.34764555748552084
16,2463,153,1.201391339302063,0.004187870770692825,0.0034858507569879293,0.34858507569879293
16,2464,154,1.1750061511993408,0.005453610327094793,0.004641346167773008,0.46413461677730083
16,2465,154,1.1461609601974487,0.008080054074525833,0.007049667648971081,0.7049667648971081
16,2466,154,1.4766277074813843,0.01799371838569641,0.012185683473944664,1.2185683473944664
16,2467,154,1.4788388013839722,0.0060645355843007565,0.004100876860320568,0.4100876860320568
16,2468,154,1.5388875007629395,0.005246923770755529,0.003409556346014142,0.3409556346014142
16,2469,154,1.4286078214645386,0.010250605642795563,0.007175241131335497,0.7175241131335497
16,2470,154,1.7056989669799805,0.005198459140956402,0.003047700272873044,0.3047700272873044
16,2471,154,1.2487279176712036,0.008387724868953228,0.006717015523463488,0.6717015523463488
16,2472,154,1.673449993133545,0.009383606724441051,0.0056073423475027084,0.5607342347502708
16,2473,154,1.4641376733779907,0.0048926458694040775,0.0033416568767279387,0.33416568767279387
16,2474,154,1.2655246257781982,0.0049273669719696045,0.0038935369811952114,0.38935369811952114
16,2475,154,1.3495166301727295,0.005053892731666565,0.003744965186342597,0.3744965186342597
16,2476,154,2.2512383460998535,0.006636864505708218,0.002948095090687275,0.2948095090687275
16,2477,154,2.093557357788086,0.0072537316009402275,0.0034647874999791384,0.34647874999791384
16,2478,154,1.3128798007965088,0.0051378896459937096,0.003913450054824352,0.3913450054824352
16,2479,154,1.2320023775100708,0.006740402430295944,0.005471095442771912,0.5471095442771912
16,2480,155,1.2253239154815674,0.008312329649925232,0.006783781573176384,0.6783781573176384
16,2481,155,1.8346588611602783,0.016466263681650162,0.008975109085440636,0.8975109085440636
16,2482,155,1.7470662593841553,0.009967978112399578,0.005705552641302347,0.5705552641302347
16,2483,155,1.287247657775879,0.007656973320990801,0.00594832981005311,0.594832981005311
16,2484,155,1.2677807807922363,0.0028403697069734335,0.002240426605567336,0.2240426605567336
16,2485,155,1.717602014541626,0.005010214168578386,0.0029169819317758083,0.29169819317758083
16,2486,155,1.3142218589782715,0.00788469985127449,0.005999519489705563,0.5999519489705563
16,2487,155,1.585450530052185,0.009238256141543388,0.005826896522194147,0.5826896522194147
16,2488,155,1.4453181028366089,0.0074614002369344234,0.005162462126463652,0.5162462126463652
16,2489,155,1.125583529472351,0.0053983028046786785,0.004796003922820091,0.4796003922820091
16,2490,155,1.3326770067214966,0.0069230711087584496,0.005194860510528088,0.5194860510528088
16,2491,155,1.4130456447601318,0.010923858731985092,0.007730719167739153,0.7730719167739153
16,2492,155,1.310017704963684,0.00797093566507101,0.006084601394832134,0.6084601394832134
16,2493,155,1.2129974365234375,0.005319161340594292,0.004385137930512428,0.43851379305124283
16,2494,155,1.2042557001113892,0.006622715387493372,0.0054994262754917145,0.5499426275491714
16,2495,155,1.5636292695999146,0.007958076894283295,0.005089490674436092,0.5089490674436092
16,2496,156,1.105642557144165,0.00271759950555861,0.0024579367600381374,0.24579367600381374
16,2497,156,1.5093955993652344,0.00561534333974123,0.003720259526744485,0.3720259526744485
16,2498,156,1.7607717514038086,0.007452722173184156,0.004232645034790039,0.4232645034790039
16,2499,156,1.1739438772201538,0.009791391901671886,0.008340596221387386,0.8340596221387386
16,2500,156,1.9555679559707642,0.016562053933739662,0.008469178341329098,0.8469178341329098
16,2501,156,1.2957080602645874,0.007698640692979097,0.005941647570580244,0.5941647570580244
16,2502,156,1.7499492168426514,0.01574167050421238,0.008995501324534416,0.8995501324534416
16,2503,156,1.3818501234054565,0.006452653557062149,0.004669575486332178,0.4669575486332178
16,2504,156,1.0681251287460327,0.005403605755418539,0.005058963317424059,0.5058963317424059
16,2505,156,1.3481106758117676,0.0056343236938118935,0.004179422277957201,0.4179422277957201
16,2506,156,1.703646183013916,0.006535765714943409,0.003836339805275202,0.3836339805275202
16,2507,156,1.460455060005188,0.009251590818166733,0.006334731820970774,0.6334731820970774
16,2508,156,1.3479280471801758,0.004782656207680702,0.0035481539089232683,0.35481539089232683
16,2509,156,1.1811044216156006,0.006108745001256466,0.005172061733901501,0.5172061733901501
16,2510,156,1.2571097612380981,0.005450600292533636,0.004335818812251091,0.4335818812251091
16,2511,156,1.4740945100784302,0.010025843977928162,0.006801357492804527,0.6801357492804527
16,2512,157,1.9259474277496338,0.008660810999572277,0.004496909212321043,0.4496909212321043
16,2513,157,1.074570894241333,0.005932151339948177,0.005520483944565058,0.5520483944565058
16,2514,157,1.1322413682937622,0.0049727801233530045,0.004391978960484266,0.43919789604842663
16,2515,157,1.6390817165374756,0.006597884930670261,0.004025354515761137,0.4025354515761137
16,2516,157,1.3133465051651,0.004673360381275415,0.003558360505849123,0.3558360505849123
16,2517,157,1.3413105010986328,0.007819757796823978,0.005829938687384129,0.5829938687384129
16,2518,157,1.196698784828186,0.006089383270591497,0.00508848438039422,0.508848438039422
16,2519,157,1.1312229633331299,0.006888074334710836,0.00608905078843236,0.608905078843236
16,2520,157,1.3000627756118774,0.004045110195875168,0.003111473051831126,0.3111473051831126
16,2521,157,1.3543050289154053,0.010273975320160389,0.0075861606746912,0.75861606746912
16,2522,157,1.4515901803970337,0.005691685248166323,0.00392100028693676,0.392100028693676
16,2523,157,0.9627099633216858,0.005223914049565792,0.005426259245723486,0.5426259245723486
16,2524,157,2.3773269653320312,0.013558093458414078,0.005703083239495754,0.5703083239495754
16,2525,157,1.2874209880828857,0.00525404280051589,0.0040810601785779,0.40810601785779
16,2526,157,1.2996373176574707,0.006743093486875296,0.005188442301005125,0.5188442301005125
16,2527,157,1.1926621198654175,0.004558539018034935,0.00382215459831059,0.382215459831059
16,2528,158,1.2974770069122314,0.006656247656792402,0.005130147095769644,0.5130147095769644
16,2529,158,1.8122624158859253,0.007265683729201555,0.004009178839623928,0.4009178839623928
16,2530,158,2.019411325454712,0.012404373846948147,0.006142569240182638,0.6142569240182638
16,2531,158,1.5694003105163574,0.0026734780985862017,0.0017035029595717788,0.17035029595717788
16,2532,158,1.806807279586792,0.0046625882387161255,0.0025805674958974123,0.25805674958974123
16,2533,158,1.2499605417251587,0.008614623919129372,0.006891916505992413,0.6891916505992413
16,2534,158,1.3508435487747192,0.009629028849303722,0.007128159981220961,0.7128159981220961
16,2535,158,1.471466064453125,0.008352399803698063,0.005676243454217911,0.5676243454217911
16,2536,158,1.1710610389709473,0.003963944967836142,0.0033849175088107586,0.33849175088107586
16,2537,158,1.0816547870635986,0.004767509177327156,0.004407607018947601,0.44076070189476013
16,2538,158,1.38036048412323,0.0048922267742455006,0.003544165985658765,0.3544165985658765
16,2539,158,1.5553162097930908,0.006460311356931925,0.004153696354478598,0.41536963544785976
16,2540,158,1.6656028032302856,0.007934433408081532,0.004763700999319553,0.47637009993195534
16,2541,158,1.298064112663269,0.00307199964299798,0.002366600790992379,0.23666007909923792
16,2542,158,1.9813721179962158,0.011820209212601185,0.005965668708086014,0.5965668708086014
16,2543,158,1.3863422870635986,0.007508497219532728,0.005416048690676689,0.5416048690676689
16,2544,159,1.5603618621826172,0.003958133980631828,0.0025366770569235086,0.25366770569235086
16,2545,159,1.988912582397461,0.004782427567988634,0.0024045438040047884,0.24045438040047884
16,2546,159,1.220261573791504,0.006532506551593542,0.005353365559130907,0.5353365559130907
16,2547,159,1.6050903797149658,0.008067198097705841,0.00502600846812129,0.502600846812129
16,2548,159,1.4263330698013306,0.014959463849663734,0.010488057509064674,1.0488057509064674
16,2549,159,1.1906633377075195,0.008032871410250664,0.006746551487594843,0.6746551487594843
16,2550,159,1.0488133430480957,0.006065021734684706,0.005782746709883213,0.5782746709883213
16,2551,159,1.243241310119629,0.004395106341689825,0.0035351996775716543,0.35351996775716543
16,2552,159,1.415067195892334,0.008244593627750874,0.005826291162520647,0.5826291162520647
16,2553,159,1.8928076028823853,0.0084343571215868,0.004456003196537495,0.44560031965374947
16,2554,159,1.3076043128967285,0.006840589456260204,0.0052313911728560925,0.5231391172856092
16,2555,159,1.31791353225708,0.004233895801007748,0.0032125748693943024,0.32125748693943024
16,2556,159,1.531303882598877,0.004242704249918461,0.002770648105069995,0.2770648105069995
16,2557,159,2.110116481781006,0.012739288620650768,0.0060372441075742245,0.6037244107574224
16,2558,159,1.5485690832138062,0.007726659066975117,0.0049895476549863815,0.49895476549863815
16,2559,159,1.2021733522415161,0.004952948074787855,0.004119995050132275,0.41199950501322746
32,0,0,9.338029861450195,1.5460457801818848,0.16556444764137268,16.556444764137268
32,1,0,13.998346328735352,1.7839335203170776,0.12743887305259705,12.743887305259705
32,2,0,9.611316680908203,1.1703792810440063,0.1217709630727768,12.17709630727768
32,3,0,16.038616180419922,1.149936556816101,0.07169798761606216,7.169798761606216
32,4,0,6.960422992706299,1.113229751586914,0.1599370837211609,15.993708372116089
32,5,0,11.137849807739258,0.5829940438270569,0.052343498915433884,5.234349891543388
32,6,0,4.598063945770264,0.5175459980964661,0.11255737394094467,11.255737394094467
32,7,0,12.331256866455078,0.7458715438842773,0.06048625335097313,6.048625335097313
32,8,0,6.921293258666992,0.6011298894882202,0.08685225248336792,8.685225248336792
32,9,0,5.318904399871826,0.37090566754341125,0.06973347067832947,6.973347067832947
32,10,0,5.331353664398193,0.5476265549659729,0.10271810740232468,10.271810740232468
32,11,0,4.964375972747803,0.4189867377281189,0.08439867198467255,8.439867198467255
32,12,0,5.837262153625488,0.2474992424249649,0.04239988327026367,4.239988327026367
32,13,0,4.8869194984436035,0.25206151604652405,0.051578816026449203,5.15788160264492
32,14,0,2.226189374923706,0.17091000080108643,0.07677244395017624,7.677244395017624
32,15,0,6.089439868927002,0.5632160902023315,0.09249062091112137,9.249062091112137
32,16,0,5.157301902770996,0.35326719284057617,0.06849844753742218,6.849844753742218
32,17,0,8.527933120727539,0.7508121728897095,0.0880415141582489,8.80415141582489
32,18,0,5.382154941558838,0.35072430968284607,0.06516429036855698,6.516429036855698
32,19,0,8.268102645874023,0.5330019593238831,0.06446484476327896,6.446484476327896
32,20,0,6.1502509117126465,0.510445237159729,0.08299583941698074,8.299583941698074
32,21,0,6.271258354187012,0.29804885387420654,0.04752616584300995,4.752616584300995
32,22,0,7.604460716247559,0.6896291375160217,0.09068744629621506,9.068744629621506
32,23,0,8.594562530517578,0.764113187789917,0.08890658617019653,8.890658617019653
32,24,0,7.256658554077148,0.46227002143859863,0.06370287388563156,6.370287388563156
32,25,0,9.086653709411621,0.9204298853874207,0.10129470378160477,10.129470378160477
32,26,0,7.705672740936279,0.9528883099555969,0.1236606240272522,12.36606240272522
32,27,0,5.357860088348389,0.4136335849761963,0.07720126956701279,7.720126956701279
32,28,0,5.598142623901367,0.43007150292396545,0.07682396471500397,7.682396471500397
32,29,0,5.978901386260986,0.35608839988708496,0.05955749750137329,5.955749750137329
32,30,0,7.665682792663574,0.9149281978607178,0.1193537786602974,11.93537786602974
32,31,0,6.127286911010742,0.3349744975566864,0.054669301956892014,5.466930195689201
32,32,1,6.009580612182617,0.398720383644104,0.06634745746850967,6.634745746850967
32,33,1,3.6250596046447754,0.2687058448791504,0.0741245299577713,7.41245299577713
32,34,1,6.9828619956970215,0.31702157855033875,0.045399948954582214,4.539994895458221
32,35,1,6.332250595092773,0.3809184432029724,0.06015530228614807,6.015530228614807
32,36,1,5.609406471252441,0.24559102952480316,0.04378199949860573,4.378199949860573
32,37,1,7.047003269195557,0.3957587778568268,0.05615986883640289,5.615986883640289
32,38,1,1.1993974447250366,0.02775956690311432,0.023144593462347984,2.3144593462347984
32,39,1,5.32238245010376,0.3025462329387665,0.056844137609004974,5.684413760900497
32,40,1,3.650266408920288,0.14668875932693481,0.04018576815724373,4.018576815724373
32,41,1,3.0808796882629395,0.08947432786226273,0.02904181182384491,2.904181182384491
32,42,1,5.642531871795654,0.24026717245578766,0.04258144646883011,4.258144646883011
32,43,1,4.737961292266846,0.1852119266986847,0.03909105807542801,3.909105807542801
32,44,1,1.6822372674942017,0.050209660083055496,0.029846955090761185,2.9846955090761185
32,45,1,6.434284687042236,0.20790542662143707,0.03231212869286537,3.231212869286537
32,46,1,7.459833145141602,0.4299301505088806,0.057632677257061005,5.7632677257061005
32,47,1,7.310298442840576,0.4382149577140808,0.05994487926363945,5.994487926363945
32,48,1,3.30549955368042,0.1638796180486679,0.04957786574959755,4.957786574959755
32,49,1,5.439220428466797,0.20328429341316223,0.03737379238009453,3.737379238009453
32,50,1,4.1739702224731445,0.22170643508434296,0.053116440773010254,5.311644077301025
32,51,1,5.385646820068359,0.2439514696598053,0.04529659450054169,4.529659450054169
32,52,1,7.933894157409668,0.49063578248023987,0.0618404746055603,6.18404746055603
32,53,1,5.595919609069824,0.21700121462345123,0.03877847269177437,3.877847269177437
32,54,1,6.16359806060791,0.23808255791664124,0.038627203553915024,3.8627203553915024
32,55,1,9.166342735290527,0.48652565479278564,0.05307740345597267,5.307740345597267
32,56,1,12.113619804382324,0.6056548357009888,0.04999784007668495,4.999784007668495
32,57,1,5.186613082885742,0.384818434715271,0.07419455051422119,7.419455051422119
32,58,1,4.918944358825684,0.30995720624923706,0.06301295012235641,6.3012950122356415
32,59,1,1.9519882202148438,0.05162252485752106,0.02644612453877926,2.644612453877926
32,60,1,4.527887344360352,0.33583012223243713,0.07416927814483643,7.416927814483643
32,61,1,3.8353748321533203,0.2207140028476715,0.05754691734910011,5.754691734910011
32,62,1,4.221983909606934,0.15483787655830383,0.036674197763204575,3.6674197763204575
32,63,1,6.075291156768799,0.32260364294052124,0.053100936114788055,5.3100936114788055
32,64,2,4.1779279708862305,0.16503196954727173,0.03950091451406479,3.950091451406479
32,65,2,3.526822090148926,0.08599579334259033,0.024383366107940674,2.4383366107940674
32,66,2,9.357808113098145,0.3405086398124695,0.036387648433446884,3.6387648433446884
32,67,2,1.8131283521652222,0.05987950786948204,0.03302552178502083,3.302552178502083
32,68,2,5.394227504730225,0.19302988052368164,0.0357845276594162,3.57845276594162
32,69,2,2.2619545459747314,0.056360505521297455,0.02491672709584236,2.491672709584236
32,70,2,3.7589447498321533,0.12034128606319427,0.032014645636081696,3.2014645636081696
32,71,2,3.3612570762634277,0.10770545899868011,0.0320432074368,3.2043207436800003
32,72,2,2.1878082752227783,0.07291725277900696,0.03332890570163727,3.332890570163727
32,73,2,1.7738772630691528,0.03710070624947548,0.020915035158395767,2.0915035158395767
32,74,2,6.348365783691406,0.25169599056243896,0.03964736685156822,3.964736685156822
32,75,2,3.8997578620910645,0.10127311944961548,0.02596907876431942,2.596907876431942
32,76,2,4.5098395347595215,0.13987600803375244,0.03101573884487152,3.101573884487152
32,77,2,3.2069897651672363,0.1076880395412445,0.03357916697859764,3.357916697859764
32,78,2,6.081233978271484,0.17254967987537384,0.028374122455716133,2.8374122455716133
32,79,2,2.6767187118530273,0.07529433816671371,0.028129342943429947,2.8129342943429947
32,80,2,2.9458048343658447,0.062445733696222305,0.02119819074869156,2.119819074869156
32,81,2,2.2366929054260254,0.13570164144039154,0.06067066267132759,6.067066267132759
32,82,2,3.3982903957366943,0.17007417976856232,0.05004698410630226,5.004698410630226
32,83,2,4.927090167999268,0.1379399597644806,0.027996232733130455,2.7996232733130455
32,84,2,3.1728618144989014,0.1099279522895813,0.03464630991220474,3.4646309912204742
32,85,2,1.5851774215698242,0.04503515362739563,0.0284101665019989,2.84101665019989
32,86,2,1.9261727333068848,0.041062112897634506,0.0213179811835289,2.13179811835289
32,87,2,4.648372650146484,0.14201503992080688,0.03055156022310257,3.055156022310257
32,88,2,2.9250855445861816,0.11976069211959839,0.04094262793660164,4.094262793660164
32,89,2,2.23274827003479,0.07402979582548141,0.03315635398030281,3.315635398030281
32,90,2,3.904513359069824,0.12291769683361053,0.031480927020311356,3.1480927020311356
32,91,2,6.983283042907715,0.2674858570098877,0.038303740322589874,3.8303740322589874
32,92,2,2.3980021476745605,0.08693739771842957,0.036254096776247025,3.6254096776247025
32,93,2,9.246622085571289,0.2580333352088928,0.02790568582713604,2.790568582713604
32,94,2,3.835843801498413,0.12882466614246368,0.033584438264369965,3.3584438264369965
32,95,2,3.3429062366485596,0.08792059868574142,0.026300648227334023,2.6300648227334023
32,96,3,8.601628303527832,0.5473463535308838,0.06363287568092346,6.363287568092346
32,97,3,4.2923994064331055,0.09804199635982513,0.0228408370167017,2.28408370167017
32,98,3,2.5521585941314697,0.1029161810874939,0.04032514989376068,4.032514989376068
32,99,3,4.4549689292907715,0.08350663632154465,0.018744606524705887,1.8744606524705887
32,100,3,1.4421327114105225,0.023692091926932335,0.0164285097271204,1.64285097271204
32,101,3,2.204267978668213,0.045245520770549774,0.020526325330138206,2.0526325330138206
32,102,3,6.53467321395874,0.22480891644954681,0.03440247103571892,3.440247103571892
32,103,3,2.2066972255706787,0.10004165023565292,0.04533546790480614,4.533546790480614
32,104,3,8.550309181213379,0.27944543957710266,0.032682497054338455,3.2682497054338455
32,105,3,1.5476608276367188,0.06568439304828644,0.042441077530384064,4.244107753038406
32,106,3,3.335693597793579,0.21763506531715393,0.06524432450532913,6.524432450532913
32,107,3,3.4473204612731934,0.10622171312570572,0.030812833458185196,3.0812833458185196
32,108,3,1.6562048196792603,0.0966709703207016,0.05836896970868111,5.836896970868111
32,109,3,1.6504110097885132,0.06485489755868912,0.03929620981216431,3.9296209812164307
32,110,3,1.9756569862365723,0.09311303496360779,0.04713016375899315,4.713016375899315
32,111,3,2.9075286388397217,0.08997008949518204,0.03094383515417576,3.094383515417576
32,112,3,4.337009429931641,0.1084456667304039,0.025004711002111435,2.5004711002111435
32,113,3,7.678938865661621,0.38697540760040283,0.05039438605308533,5.039438605308533
32,114,3,2.6910476684570312,0.07823728024959564,0.029073167592287064,2.9073167592287064
32,115,3,2.840686082839966,0.147627055644989,0.05196880176663399,5.196880176663399
32,116,3,4.632258415222168,0.13248592615127563,0.028600720688700676,2.8600720688700676
32,117,3,8.07716178894043,0.19028033316135406,0.023557821288704872,2.355782128870487
32,118,3,2.2431275844573975,0.12548738718032837,0.055943045765161514,5.594304576516151
32,119,3,1.2575851678848267,0.027807563543319702,0.02211187221109867,2.211187221109867
32,120,3,4.981096267700195,0.15111202001571655,0.030337100848555565,3.0337100848555565
32,121,3,2.7943825721740723,0.15775659680366516,0.05645490437746048,5.645490437746048
32,122,3,2.5650582313537598,0.07496114075183868,0.029223952442407608,2.922395244240761
32,123,3,2.211517333984375,0.0691470205783844,0.03126677870750427,3.1266778707504272
32,124,3,2.2297558784484863,0.07582387328147888,0.034005459398031235,3.4005459398031235
32,125,3,6.982727527618408,0.24055905640125275,0.03445058688521385,3.445058688521385
32,126,3,1.6897659301757812,0.08157216757535934,0.048274241387844086,4.827424138784409
32,127,3,2.344836473464966,0.14375895261764526,0.061308734118938446,6.130873411893845
32,128,4,5.335702896118164,0.13378790020942688,0.02507409080862999,2.507409080862999
32,129,4,2.518742799758911,0.07336942106485367,0.029129382222890854,2.9129382222890854
32,130,4,4.593006610870361,0.08120257407426834,0.01767961122095585,1.7679611220955849
32,131,4,1.5884597301483154,0.026220889762043953,0.016507117077708244,1.6507117077708244
32,132,4,4.663761615753174,0.1452033966779709,0.03113439492881298,3.113439492881298
32,133,4,1.370030164718628,0.042795661836862564,0.03123702108860016,3.123702108860016
32,134,4,4.846296787261963,0.054884493350982666,0.01132503803819418,1.132503803819418
32,135,4,2.7783331871032715,0.05670608580112457,0.02041010931134224,2.041010931134224
32,136,4,3.530771493911743,0.09101969748735428,0.025778982788324356,2.5778982788324356
32,137,4,2.462526559829712,0.07249559462070465,0.029439518228173256,2.9439518228173256
32,138,4,2.200263261795044,0.07187331467866898,0.03266577795147896,3.266577795147896
32,139,4,2.181952953338623,0.07597414404153824,0.034819331020116806,3.4819331020116806
32,140,4,3.3129284381866455,0.06357568502426147,0.01919017732143402,1.919017732143402
32,141,4,3.5627822875976562,0.05974254012107849,0.016768507659435272,1.6768507659435272
32,142,4,1.3115692138671875,0.09491527825593948,0.07236772030591965,7.236772030591965
32,143,4,4.768374443054199,0.08924029767513275,0.018715035170316696,1.8715035170316696
32,144,4,2.2387051582336426,0.07488992810249329,0.033452339470386505,3.3452339470386505
32,145,4,3.7253265380859375,0.07177708297967911,0.019267326220870018,1.9267326220870018
32,146,4,2.0254130363464355,0.08711288124322891,0.043009933084249496,4.30099330842495
32,147,4,4.352136135101318,0.08394482731819153,0.019288189709186554,1.9288189709186554
32,148,4,1.5264463424682617,0.0735279843211174,0.04816938564181328,4.816938564181328
32,149,4,2.312788963317871,0.07989436388015747,0.03454459831118584,3.4544598311185837
32,150,4,2.229998826980591,0.07472376525402069,0.033508431166410446,3.3508431166410446
32,151,4,2.938809871673584,0.059619348496198654,0.02028690278530121,2.028690278530121
32,152,4,2.5247902870178223,0.09484027326107025,0.03756362572312355,3.756362572312355
32,153,4,2.28955340385437,0.07299541682004929,0.031881947070360184,3.1881947070360184
32,154,4,2.851402521133423,0.08873159438371658,0.03111857920885086,3.111857920885086
32,155,4,2.567732810974121,0.052773162722587585,0.020552435889840126,2.0552435889840126
32,156,4,1.5017385482788086,0.04517959803342819,0.030084863305091858,3.008486330509186
32,157,4,3.14007568359375,0.06401177495718002,0.02038542367517948,2.038542367517948
32,158,4,1.7959100008010864,0.06273417174816132,0.034931689500808716,3.4931689500808716
32,159,4,2.09256911277771,0.07557906210422516,0.036117833107709885,3.6117833107709885
32,160,5,2.425384044647217,0.0554363913834095,0.02285674773156643,2.285674773156643
32,161,5,1.5557138919830322,0.09685512632131577,0.06225767359137535,6.225767359137535
32,162,5,4.545371055603027,0.1792525202035904,0.039436277002096176,3.9436277002096176
32,163,5,1.4859191179275513,0.015675583854317665,0.010549419559538364,1.0549419559538364
32,164,5,1.1607160568237305,0.05089424178004265,0.043847281485795975,4.3847281485795975
32,165,5,2.1194634437561035,0.06852109730243683,0.03232945501804352,3.232945501804352
32,166,5,1.4674937725067139,0.01664399541914463,0.011341782286763191,1.1341782286763191
32,167,5,2.504163980484009,0.058125294744968414,0.023211456835269928,2.321145683526993
32,168,5,1.919708013534546,0.07088387757539749,0.03692430257797241,3.692430257797241
32,169,5,5.633120536804199,0.12416151911020279,0.022041339427232742,2.2041339427232742
32,170,5,1.939028024673462,0.07159427553415298,0.03692276403307915,3.6922764033079147
32,171,5,3.116023302078247,0.05679823458194733,0.018227795138955116,1.8227795138955116
32,172,5,3.095327615737915,0.03842626512050629,0.012414280325174332,1.2414280325174332
32,173,5,1.349510669708252,0.06896419078111649,0.05110310763120651,5.110310763120651
32,174,5,1.608818769454956,0.0805094838142395,0.05004260689020157,5.004260689020157
32,175,5,1.5102829933166504,0.06339126080274582,0.04197310283780098,4.197310283780098
32,176,5,2.664214849472046,0.09217141568660736,0.03459608927369118,3.4596089273691177
32,177,5,4.476478099822998,0.13001106679439545,0.029043158516287804,2.9043158516287804
32,178,5,2.265101432800293,0.07451231777667999,0.03289579600095749,3.289579600095749
32,179,5,4.3471221923828125,0.1077471375465393,0.024785853922367096,2.4785853922367096
32,180,5,2.657768964767456,0.059445593506097794,0.022366726770997047,2.2366726770997047
32,181,5,5.419502258300781,0.07968316972255707,0.01470304187387228,1.470304187387228
32,182,5,2.5814602375030518,0.05774852633476257,0.022370489314198494,2.2370489314198494
32,183,5,1.8186603784561157,0.09640523046255112,0.053008925169706345,5.3008925169706345
32,184,5,2.835520029067993,0.11010131239891052,0.038829319179058075,3.8829319179058075
32,185,5,1.6530463695526123,0.05904284119606018,0.035717595368623734,3.5717595368623734
32,186,5,1.2654871940612793,0.0784936249256134,0.062026407569646835,6.2026407569646835
32,187,5,2.4417030811309814,0.07215428352355957,0.02955080196261406,2.955080196261406
32,188,5,1.7390106916427612,0.06312834471464157,0.03630129620432854,3.6301296204328537
32,189,5,1.1704387664794922,0.0530293732881546,0.045307260006666183,4.530726000666618
32,190,5,5.904475212097168,0.08632107079029083,0.014619600959122181,1.461960095912218
32,191,5,4.041926860809326,0.0496530756354332,0.012284506112337112,1.2284506112337112
32,192,6,2.2914879322052,0.052389658987522125,0.02286272495985031,2.286272495985031
32,193,6,1.4129654169082642,0.038822658360004425,0.02747601456940174,2.747601456940174
32,194,6,2.799497365951538,0.05080338567495346,0.01814732328057289,1.8147323280572891
32,195,6,1.7616443634033203,0.06399531662464142,0.03632703423500061,3.632703423500061
32,196,6,2.2539970874786377,0.050914742052555084,0.022588646039366722,2.258864603936672
32,197,6,3.7353193759918213,0.07865025103092194,0.021055830642580986,2.1055830642580986
32,198,6,4.904851913452148,0.06977013498544693,0.014224718324840069,1.4224718324840069
32,199,6,1.933781623840332,0.07113058865070343,0.03678315505385399,3.678315505385399
32,200,6,3.204287052154541,0.10196328908205032,0.03182089701294899,3.182089701294899
32,201,6,1.719590663909912,0.05099314823746681,0.029654236510396004,2.9654236510396004
32,202,6,4.146006107330322,0.08164948225021362,0.0196935273706913,1.96935273706913
32,203,6,2.5553717613220215,0.10161176323890686,0.039763983339071274,3.9763983339071274
32,204,6,1.8355916738510132,0.06273418664932251,0.0341765470802784,3.4176547080278397
32,205,6,2.001004695892334,0.045084837824106216,0.02253109961748123,2.253109961748123
32,206,6,1.3640475273132324,0.047241341322660446,0.03463320806622505,3.463320806622505
32,207,6,1.160101056098938,0.045355699956417084,0.03909633681178093,3.909633681178093
32,208,6,1.5820883512496948,0.045562922954559326,0.028799228370189667,2.8799228370189667
32,209,6,1.5044095516204834,0.07186245918273926,0.04776788130402565,4.776788130402565
32,210,6,2.0650885105133057,0.04029911011457443,0.019514471292495728,1.9514471292495728
32,211,6,8.319393157958984,0.10868164151906967,0.013063650578260422,1.3063650578260422
32,212,6,2.047565460205078,0.07309147715568542,0.03569677099585533,3.569677099585533
32,213,6,1.5879244804382324,0.0261886864900589,0.01649240031838417,1.649240031838417
32,214,6,1.268226146697998,0.028652628883719444,0.022592680528759956,2.2592680528759956
32,215,6,3.096269130706787,0.07879748195409775,0.025449171662330627,2.5449171662330627
32,216,6,0.9826974868774414,0.04615723714232445,0.046969935297966,4.6969935297966
32,217,6,3.1176722049713135,0.05128445476293564,0.016449598595499992,1.6449598595499992
32,218,6,1.1341642141342163,0.052226003259420395,0.046048007905483246,4.604800790548325
32,219,6,6.026210784912109,0.0893595814704895,0.014828485436737537,1.4828485436737537
32,220,6,3.4081850051879883,0.04186917096376419,0.012284887954592705,1.2284887954592705
32,221,6,3.115673542022705,0.051399845629930496,0.016497185453772545,1.6497185453772545
32,222,6,2.0888752937316895,0.07346119731664658,0.03516782447695732,3.516782447695732
32,223,6,2.1303555965423584,0.11453121900558472,0.053761549293994904,5.37615492939949
32,224,7,2.377234935760498,0.019614577293395996,0.008251004852354527,0.8251004852354527
32,225,7,2.6082677841186523,0.11793573200702667,0.045216113328933716,4.521611332893372
32,226,7,2.6444482803344727,0.05520977824926376,0.020877616479992867,2.0877616479992867
32,227,7,2.7010645866394043,0.09450815618038177,0.03498922660946846,3.498922660946846
32,228,7,2.866764545440674,0.08544353395700455,0.029804866760969162,2.980486676096916
32,229,7,2.682802677154541,0.11964736133813858,0.04459789767861366,4.459789767861366
32,230,7,1.7411773204803467,0.07050920277833939,0.0404951311647892,4.04951311647892
32,231,7,2.0487165451049805,0.07595229893922806,0.03707311302423477,3.707311302423477
32,232,7,1.9425232410430908,0.06722251325845718,0.03460577130317688,3.460577130317688
32,233,7,2.534883499145508,0.08626701682806015,0.0340319462120533,3.40319462120533
32,234,7,2.7212421894073486,0.08389121294021606,0.03082827851176262,3.082827851176262
32,235,7,2.2600181102752686,0.06057405099272728,0.026802463456988335,2.6802463456988335
32,236,7,4.282410621643066,0.05753438547253609,0.013435046188533306,1.3435046188533306
32,237,7,1.5218636989593506,0.06581440567970276,0.04324592649936676,4.324592649936676
32,238,7,2.896611452102661,0.03157705441117287,0.010901377536356449,1.090137753635645
32,239,7,1.8606277704238892,0.026733286678791046,0.014367885887622833,1.4367885887622833
32,240,7,4.299286842346191,0.07836262881755829,0.01822688989341259,1.822688989341259
32,241,7,2.072403907775879,0.05053109675645828,0.02438284270465374,2.438284270465374
32,242,7,3.5279088020324707,0.16455261409282684,0.046643104404211044,4.664310440421104
32,243,7,1.750733494758606,0.06651029735803604,0.037989962846040726,3.7989962846040726
32,244,7,2.6840951442718506,0.049704477190971375,0.018518149852752686,1.8518149852752686
32,245,7,1.5548789501190186,0.06767444312572479,0.04352393001317978,4.352393001317978
32,246,7,1.6427278518676758,0.03447733819484711,0.0209878571331501,2.09878571331501
32,247,7,1.6434496641159058,0.036244262009859085,0.02205377072095871,2.205377072095871
32,248,7,2.449125289916992,0.07657293230295181,0.031265418976545334,3.1265418976545334
32,249,7,2.160248041152954,0.09287920594215393,0.04299469664692879,4.299469664692879
32,250,7,3.4368093013763428,0.053139276802539825,0.015461805276572704,1.5461805276572704
32,251,7,1.6444939374923706,0.05253973975777626,0.03194887936115265,3.194887936115265
32,252,7,2.947047233581543,0.096186563372612,0.03263828530907631,3.263828530907631
32,253,7,2.0882649421691895,0.08071652799844742,0.038652434945106506,3.8652434945106506
32,254,7,3.4652371406555176,0.05039045587182045,0.014541705138981342,1.4541705138981342
32,255,7,2.0563344955444336,0.053100962191820145,0.025823114439845085,2.5823114439845085
32,256,8,1.1224467754364014,0.06106748804450035,0.054405685514211655,5.4405685514211655
32,257,8,3.4275946617126465,0.04938959330320358,0.014409403316676617,1.4409403316676617
32,258,8,1.904024600982666,0.02739356830716133,0.014387192204594612,1.4387192204594612
32,259,8,5.019245624542236,0.05252654477953911,0.010465027764439583,1.0465027764439583
32,260,8,1.6878929138183594,0.04219163954257965,0.02499663271009922,2.499663271009922
32,261,8,4.219830513000488,0.05388478934764862,0.012769420631229877,1.2769420631229877
32,262,8,1.0737245082855225,0.019485661759972572,0.018147729337215424,1.8147729337215424
32,263,8,1.0893782377243042,0.05380524694919586,0.04939078539609909,4.939078539609909
32,264,8,2.7975950241088867,0.06863908469676971,0.024535031989216805,2.4535031989216805
32,265,8,3.2261335849761963,0.05660612881183624,0.017546121031045914,1.7546121031045914
32,266,8,4.023613452911377,0.06118324026465416,0.015206043608486652,1.5206043608486652
32,267,8,3.5786049365997314,0.04164235293865204,0.011636476963758469,1.1636476963758469
32,268,8,2.4192590713500977,0.06157683581113815,0.025452766567468643,2.5452766567468643
32,269,8,1.8267909288406372,0.05691270902752876,0.03115447238087654,3.115447238087654
32,270,8,6.013251304626465,0.1607569307088852,0.026733778417110443,2.6733778417110443
32,271,8,1.692253828048706,0.05229366198182106,0.03090178407728672,3.090178407728672
32,272,8,1.6941230297088623,0.054030027240514755,0.031892623752355576,3.1892623752355576
32,273,8,3.551312208175659,0.026440061628818512,0.007445152848958969,0.7445152848958969
32,274,8,1.410938024520874,0.021555503830313683,0.01527742762118578,1.527742762118578
32,275,8,2.0535292625427246,0.03821270167827606,0.018608305603265762,1.8608305603265762
32,276,8,1.7775217294692993,0.05912769213318825,0.03326411917805672,3.3264119178056717
32,277,8,3.2036287784576416,0.05644559860229492,0.017619268968701363,1.7619268968701363
32,278,8,2.956944704055786,0.03289871662855148,0.011125915683805943,1.1125915683805943
32,279,8,1.8969099521636963,0.03474906459450722,0.018318774178624153,1.8318774178624153
32,280,8,2.0825071334838867,0.036352258175611496,0.01745600625872612,1.745600625872612
32,281,8,2.64369797706604,0.06429791450500488,0.02432120218873024,2.432120218873024
32,282,8,3.7389965057373047,0.055215023458004,0.014767337590456009,1.476733759045601
32,283,8,1.9127929210662842,0.05055253952741623,0.026428652927279472,2.6428652927279472
32,284,8,3.783165216445923,0.06019388884305954,0.015910986810922623,1.5910986810922623
32,285,8,3.194901466369629,0.05566095560789108,0.01742180623114109,1.742180623114109
32,286,8,6.110691070556641,0.13312241435050964,0.02178516425192356,2.178516425192356
32,287,8,1.745774507522583,0.05715571343898773,0.032739460468292236,3.2739460468292236
32,288,9,2.7140300273895264,0.057206444442272186,0.021078044548630714,2.1078044548630714
32,289,9,1.8699079751968384,0.04087625443935394,0.02186003513634205,2.186003513634205
32,290,9,3.5679335594177246,0.049444347620010376,0.013857978396117687,1.3857978396117687
32,291,9,4.997854709625244,0.10305938124656677,0.02062072418630123,2.062072418630123
32,292,9,2.3647232055664062,0.044527020305395126,0.018829695880413055,1.8829695880413055
32,293,9,1.2051725387573242,0.01481480710208416,0.01229268591850996,1.229268591850996
32,294,9,4.9925312995910645,0.054628610610961914,0.0109420670196414,1.09420670196414
32,295,9,4.2529096603393555,0.06327605247497559,0.014878297224640846,1.4878297224640846
32,296,9,2.4530858993530273,0.06003100797533989,0.024471629410982132,2.447162941098213
32,297,9,2.3161330223083496,0.04098612815141678,0.01769592985510826,1.769592985510826
32,298,9,1.9619240760803223,0.03583646938204765,0.0182659812271595,1.82659812271595
32,299,9,1.9455485343933105,0.02728996053338051,0.014026871882379055,1.4026871882379055
32,300,9,2.5309019088745117,0.043470222502946854,0.017175782471895218,1.7175782471895218
32,301,9,1.7341582775115967,0.0376298762857914,0.021699216216802597,2.1699216216802597
32,302,9,1.536329984664917,0.04253413528203964,0.02768554724752903,2.768554724752903
32,303,9,4.432171821594238,0.07901838421821594,0.01782836578786373,1.7828365787863731
32,304,9,1.2922170162200928,0.016901575028896332,0.013079517520964146,1.3079517520964146
32,305,9,4.139852523803711,0.07958120107650757,0.019223196431994438,1.9223196431994438
32,306,9,3.1414365768432617,0.0558585450053215,0.0177812110632658,1.77812110632658
32,307,9,1.9413350820541382,0.03418562561273575,0.017609337344765663,1.7609337344765663
32,308,9,4.378948211669922,0.04569098353385925,0.01043423730880022,1.043423730880022
32,309,9,3.8536365032196045,0.04662460461258888,0.012098859064280987,1.2098859064280987
32,310,9,2.099639415740967,0.05150140821933746,0.024528691545128822,2.4528691545128822
32,311,9,1.3653591871261597,0.03221164643764496,0.023592067882418633,2.3592067882418633
32,312,9,1.9233119487762451,0.0465068444609642,0.02418060414493084,2.418060414493084
32,313,9,2.381983995437622,0.04614929109811783,0.019374307245016098,1.9374307245016098
32,314,9,2.842787981033325,0.03506223484873772,0.012333749793469906,1.2333749793469906
32,315,9,1.6156753301620483,0.03190327435731888,0.019746093079447746,1.9746093079447746
32,316,9,2.621473789215088,0.06133703142404556,0.023397918790578842,2.339791879057884
32,317,9,2.5043771266937256,0.04909742996096611,0.019604647532105446,1.9604647532105446
32,318,9,2.254889726638794,0.023720409721136093,0.0105195427313447,1.05195427313447
32,319,9,4.09388542175293,0.0823015570640564,0.020103532820940018,2.0103532820940018
32,320,10,2.375072956085205,0.05147334933280945,0.021672323346138,2.1672323346138
32,321,10,3.9510605335235596,0.11367002129554749,0.028769496828317642,2.876949682831764
32,322,10,3.7587828636169434,0.1062619537115097,0.028270309790968895,2.8270309790968895
32,323,10,1.8860602378845215,0.026918411254882812,0.01427229680120945,1.427229680120945
32,324,10,4.712267875671387,0.12134647369384766,0.025751182809472084,2.5751182809472084
32,325,10,2.6469130516052246,0.051665157079696655,0.019519023597240448,1.9519023597240448
32,326,10,2.5837671756744385,0.05740578472614288,0.02221786230802536,2.221786230802536
32,327,10,2.340371608734131,0.0624367780983448,0.026678146794438362,2.667814679443836
32,328,10,3.4180502891540527,0.05528438463807106,0.01617424562573433,1.617424562573433
32,329,10,2.205815315246582,0.050147928297519684,0.022734418511390686,2.2734418511390686
32,330,10,3.29052734375,0.08293186873197556,0.025203214958310127,2.5203214958310127
32,331,10,2.665982961654663,0.03815757855772972,0.014312761835753918,1.4312761835753918
32,332,10,3.4629709720611572,0.059623077511787415,0.017217319458723068,1.7217319458723068
32,333,10,2.3452162742614746,0.09096772968769073,0.038788631558418274,3.8788631558418274
32,334,10,1.7396831512451172,0.026562990620732307,0.015268866904079914,1.5268866904079914
32,335,10,2.148761034011841,0.048988375812768936,0.022798428311944008,2.279842831194401
32,336,10,2.732137680053711,0.0749320462346077,0.027426160871982574,2.7426160871982574
32,337,10,1.86652410030365,0.04613521322607994,0.0247171800583601,2.47171800583601
32,338,10,3.3115251064300537,0.06320827454328537,0.01908736117184162,1.9087361171841621
32,339,10,1.993192195892334,0.042009733617305756,0.021076610311865807,2.1076610311865807
32,340,10,2.3791236877441406,0.040474701672792435,0.017012441530823708,1.7012441530823708
32,341,10,2.382741928100586,0.031140893697738647,0.013069352135062218,1.3069352135062218
32,342,10,1.9531561136245728,0.05409203842282295,0.02769468165934086,2.769468165934086
32,343,10,2.917471408843994,0.05958385393023491,0.02042311429977417,2.042311429977417
32,344,10,2.6620447635650635,0.03758386895060539,0.014118420891463757,1.4118420891463757
32,345,10,2.6573755741119385,0.05978406220674515,0.022497408092021942,2.249740809202194
32,346,10,3.5811285972595215,0.09892517328262329,0.027624022215604782,2.762402221560478
32,347,10,1.9555710554122925,0.04302320256829262,0.022000327706336975,2.2000327706336975
32,348,10,1.2180402278900146,0.019772304221987724,0.01623288355767727,1.623288355767727
32,349,10,2.3935461044311523,0.05108751356601715,0.021343860775232315,2.1343860775232315
32,350,10,4.796228408813477,0.1308063417673111,0.027272751554846764,2.7272751554846764
32,351,10,2.865662097930908,0.05420467257499695,0.018915235996246338,1.8915235996246338
32,352,11,2.771547794342041,0.04432080313563347,0.01599135436117649,1.599135436117649
32,353,11,1.8395671844482422,0.039719488471746445,0.021591758355498314,2.1591758355498314
32,354,11,5.381685733795166,0.09078826010227203,0.016869856044650078,1.6869856044650078
32,355,11,3.1226978302001953,0.046975962817668915,0.015043390914797783,1.5043390914797783
32,356,11,2.754335641860962,0.050688110291957855,0.018403025344014168,1.8403025344014168
32,357,11,2.385974645614624,0.03978339582681656,0.016673855483531952,1.6673855483531952
32,358,11,1.8766589164733887,0.019101664423942566,0.010178549215197563,1.0178549215197563
32,359,11,3.330359935760498,0.0820181593298912,0.02462741546332836,2.462741546332836
32,360,11,2.6803793907165527,0.044730208814144135,0.016688013449311256,1.6688013449311256
32,361,11,2.7342662811279297,0.03324694186449051,0.012159365229308605,1.2159365229308605
32,362,11,1.7667609453201294,0.025090860202908516,0.014201615937054157,1.4201615937054157
32,363,11,3.173116445541382,0.06148659437894821,0.01937735266983509,1.937735266983509
32,364,11,1.621268630027771,0.026697689667344093,0.016467159613966942,1.6467159613966942
32,365,11,1.7955108880996704,0.025087915360927582,0.013972577638924122,1.3972577638924122
32,366,11,3.6876440048217773,0.06433738023042679,0.017446743324398994,1.7446743324398994
32,367,11,3.09989857673645,0.059099145233631134,0.01906486414372921,1.906486414372921
32,368,11,2.196399450302124,0.022835448384284973,0.010396764613687992,1.0396764613687992
32,369,11,2.6764183044433594,0.03385796397924423,0.012650475837290287,1.2650475837290287
32,370,11,2.7517013549804688,0.04119900241494179,0.014972192235291004,1.4972192235291004
32,371,11,3.25433611869812,0.03884236514568329,0.011935573071241379,1.1935573071241379
32,372,11,2.9873194694519043,0.05063122138381004,0.01694871298968792,1.694871298968792
32,373,11,1.305593729019165,0.026874888688325882,0.02058441936969757,2.058441936969757
32,374,11,3.157089948654175,0.07019807398319244,0.02223505638539791,2.223505638539791
32,375,11,2.159881114959717,0.03903231769800186,0.018071511760354042,1.8071511760354042
32,376,11,1.2419923543930054,0.01487035397440195,0.011972983367741108,1.1972983367741108
32,377,11,1.8622064590454102,0.02126658707857132,0.01142010185867548,1.142010185867548
32,378,11,1.7579345703125,0.02470172569155693,0.014051561243832111,1.4051561243832111
32,379,11,1.8288109302520752,0.029385626316070557,0.01606816053390503,1.606816053390503
32,380,11,1.8507447242736816,0.027296090498566628,0.014748706482350826,1.4748706482350826
32,381,11,1.9398940801620483,0.03595617413520813,0.018535122275352478,1.8535122275352478
32,382,11,2.794222354888916,0.04422394558787346,0.01582692377269268,1.582692377269268
32,383,11,2.544161319732666,0.04712296277284622,0.018522001802921295,1.8522001802921295
32,384,12,2.9811930656433105,0.04121776670217514,0.01382592972368002,1.382592972368002
32,385,12,1.7391891479492188,0.03602344170212746,0.020712779834866524,2.0712779834866524
32,386,12,1.9700515270233154,0.04027470573782921,0.020443478599190712,2.044347859919071
32,387,12,3.3880372047424316,0.07597295194864273,0.02242388390004635,2.242388390004635
32,388,12,3.5269806385040283,0.05247282236814499,0.01487754750996828,1.487754750996828
32,389,12,2.173839569091797,0.03322388604283333,0.015283504500985146,1.5283504500985146
32,390,12,1.9927551746368408,0.04304668679833412,0.021601593121886253,2.1601593121886253
32,391,12,2.9300336837768555,0.06737924367189407,0.02299606427550316,2.299606427550316
32,392,12,1.6159194707870483,0.020801033824682236,0.01287256833165884,1.287256833165884
32,393,12,2.3738033771514893,0.03220563009381294,0.013567101210355759,1.3567101210355759
32,394,12,4.336993217468262,0.04362727701663971,0.010059337131679058,1.0059337131679058
32,395,12,3.017493963241577,0.05640501156449318,0.01869266666471958,1.8692666664719582
32,396,12,2.0920825004577637,0.04003109782934189,0.01913456991314888,1.913456991314888
32,397,12,2.86745023727417,0.049233824014663696,0.017169896513223648,1.7169896513223648
32,398,12,2.667861223220825,0.05611930042505264,0.021035315468907356,2.1035315468907356
32,399,12,1.7056502103805542,0.022150330245494843,0.012986443936824799,1.2986443936824799
32,400,12,4.238731384277344,0.05948622524738312,0.0140339694917202,1.40339694917202
32,401,12,2.04789400100708,0.06167874485254288,0.03011813387274742,3.011813387274742
32,402,12,1.864006519317627,0.04002711921930313,0.021473702043294907,2.1473702043294907
32,403,12,3.1422653198242188,0.06659065932035446,0.021191928535699844,2.1191928535699844
32,404,12,1.8337653875350952,0.02819693647325039,0.01537652313709259,1.537652313709259
32,405,12,2.807631015777588,0.04049528390169144,0.014423293061554432,1.4423293061554432
32,406,12,1.5061004161834717,0.03327281400561333,0.022092029452323914,2.2092029452323914
32,407,12,1.978230357170105,0.03162183240056038,0.01598490960896015,1.5984909608960152
32,408,12,1.9566988945007324,0.04531429708003998,0.023158544674515724,2.3158544674515724
32,409,12,2.6765058040618896,0.04374580830335617,0.016344372183084488,1.6344372183084488
32,410,12,2.2942137718200684,0.03530391305685043,0.015388240106403828,1.5388240106403828
32,411,12,3.9003915786743164,0.07640913873910904,0.019590120762586594,1.9590120762586594
32,412,12,2.048060655593872,0.03324691206216812,0.01623336225748062,1.6233362257480621
32,413,12,2.656687021255493,0.0491817407310009,0.018512433394789696,1.8512433394789696
32,414,12,2.49326229095459,0.06266108900308609,0.02513216808438301,2.513216808438301
32,415,12,2.242124080657959,0.03139374405145645,0.014001786708831787,1.4001786708831787
32,416,13,2.319550037384033,0.04092865437269211,0.017645083367824554,1.7645083367824554
32,417,13,1.2254326343536377,0.01440587267279625,0.011755743995308876,1.1755743995308876
32,418,13,2.8747076988220215,0.037475861608982086,0.01303640753030777,1.303640753030777
32,419,13,2.7329812049865723,0.04661581665277481,0.017056765034794807,1.7056765034794807
32,420,13,1.5304455757141113,0.023378117009997368,0.015275366604328156,1.5275366604328156
32,421,13,2.0035688877105713,0.03726436197757721,0.018598992377519608,1.8598992377519608
32,422,13,2.1073734760284424,0.0364176444709301,0.01728105917572975,1.7281059175729752
32,423,13,2.271336793899536,0.04036182165145874,0.01777007430791855,1.7770074307918549
32,424,13,1.814933180809021,0.04064055532217026,0.022392315790057182,2.2392315790057182
32,425,13,1.848228931427002,0.01884830743074417,0.010198037140071392,1.0198037140071392
32,426,13,2.3703904151916504,0.039714645594358444,0.016754474490880966,1.6754474490880966
32,427,13,2.1009926795959473,0.037712883204221725,0.0179500300437212,1.79500300437212
32,428,13,3.4598870277404785,0.07313282787799835,0.02113734558224678,2.113734558224678
32,429,13,2.3458311557769775,0.032601792365312576,0.013897757045924664,1.3897757045924664
32,430,13,2.1798386573791504,0.04248584806919098,0.01949036307632923,1.9490363076329231
32,431,13,1.6983267068862915,0.03624667227268219,0.021342579275369644,2.1342579275369644
32,432,13,2.5537338256835938,0.033759474754333496,0.013219652697443962,1.3219652697443962
32,433,13,1.296972393989563,0.021895579993724823,0.016882071271538734,1.6882071271538734
32,434,13,2.7039265632629395,0.04215307533740997,0.015589578077197075,1.5589578077197075
32,435,13,2.361440658569336,0.04969758540391922,0.02104545198380947,2.104545198380947
32,436,13,1.2879292964935303,0.01597798988223076,0.01240595243871212,1.240595243871212
32,437,13,2.982985496520996,0.048452652990818024,0.01624300703406334,1.624300703406334
32,438,13,1.9045330286026,0.0225764699280262,0.011854071170091629,1.185407117009163
32,439,13,1.8138976097106934,0.026193693280220032,0.014440557919442654,1.4440557919442654
32,440,13,1.9825794696807861,0.04252520948648453,0.021449435502290726,2.1449435502290726
32,441,13,1.5625944137573242,0.02440716326236725,0.015619640238583088,1.5619640238583088
32,442,13,2.560495138168335,0.029647905379533768,0.01157897338271141,1.157897338271141
32,443,13,2.4372458457946777,0.033059217035770416,0.013564170338213444,1.3564170338213444
32,444,13,2.5095126628875732,0.04344042390584946,0.017310302704572678,1.7310302704572678
32,445,13,1.6011943817138672,0.02098388597369194,0.013105145655572414,1.3105145655572414
32,446,13,2.1122891902923584,0.03421398252248764,0.016197584569454193,1.6197584569454193
32,447,13,2.2215874195098877,0.04504527151584625,0.020276164636015892,2.027616463601589
32,448,14,2.1629905700683594,0.024550989270210266,0.011350483633577824,1.1350483633577824
32,449,14,1.588495135307312,0.023104127496480942,0.014544663950800896,1.4544663950800896
32,450,14,1.653627634048462,0.021346719935536385,0.012909024953842163,1.2909024953842163
32,451,14,1.921856164932251,0.02198667638003826,0.011440333910286427,1.1440333910286427
32,452,14,1.6709094047546387,0.024525899440050125,0.014678174629807472,1.4678174629807472
32,453,14,2.0972166061401367,0.037779152393341064,0.01801394857466221,1.8013948574662209
32,454,14,2.320765972137451,0.033472731709480286,0.01442313939332962,1.442313939332962
32,455,14,2.0045430660247803,0.023923076689243317,0.011934428475797176,1.1934428475797176
32,456,14,1.8531603813171387,0.021461516618728638,0.01158103533089161,1.158103533089161
32,457,14,1.6856876611709595,0.02233830839395523,0.01325174793601036,1.325174793601036
32,458,14,2.5482125282287598,0.028415648266673088,0.01115120854228735,1.115120854228735
32,459,14,2.2422733306884766,0.02416892908513546,0.010778761468827724,1.0778761468827724
32,460,14,1.6894038915634155,0.018976226449012756,0.011232498101890087,1.1232498101890087
32,461,14,1.6500773429870605,0.02497478574514389,0.015135523863136768,1.5135523863136768
32,462,14,1.677306056022644,0.01949739083647728,0.011624230071902275,1.1624230071902275
32,463,14,1.8614437580108643,0.030338356271386147,0.016298294067382812,1.6298294067382812
32,464,14,1.9335094690322876,0.028679082170128822,0.01483265683054924,1.483265683054924
32,465,14,2.2476022243499756,0.02413090690970421,0.010736288502812386,1.0736288502812386
32,466,14,1.9916363954544067,0.02410167269408703,0.01210144255310297,1.210144255310297
32,467,14,1.6139090061187744,0.02282145246863365,0.014140482991933823,1.4140482991933823
32,468,14,2.2876923084259033,0.04245102405548096,0.0185562651604414,1.8556265160441399
32,469,14,1.2786353826522827,0.018671046942472458,0.014602323062717915,1.4602323062717915
32,470,14,2.7004599571228027,0.02660602144896984,0.009852403774857521,0.9852403774857521
32,471,14,1.7263203859329224,0.02592766284942627,0.01501903310418129,1.501903310418129
32,472,14,1.7935513257980347,0.029063785448670387,0.016204601153731346,1.6204601153731346
32,473,14,1.5222563743591309,0.02629419043660164,0.01727316901087761,1.727316901087761
32,474,14,2.4805822372436523,0.04490980505943298,0.018104542046785355,1.8104542046785355
32,475,14,1.9585171937942505,0.035151105374097824,0.017947815358638763,1.7947815358638763
32,476,14,1.6661620140075684,0.039529379457235336,0.023724811151623726,2.3724811151623726
32,477,14,1.8164254426956177,0.0350838378071785,0.01931476965546608,1.931476965546608
32,478,14,1.8399465084075928,0.0329727940261364,0.017920518293976784,1.7920518293976784
32,479,14,2.2997312545776367,0.023296372964978218,0.010130041278898716,1.0130041278898716
32,480,15,2.51031494140625,0.04594928398728371,0.018304191529750824,1.8304191529750824
32,481,15,1.8057578802108765,0.03929165005683899,0.021759090945124626,2.1759090945124626
32,482,15,2.965712308883667,0.04111667349934578,0.013864012435078621,1.386401243507862
32,483,15,3.5921921730041504,0.04265962168574333,0.011875650845468044,1.1875650845468044
32,484,15,2.125169277191162,0.037490084767341614,0.017640987411141396,1.7640987411141396
32,485,15,1.9207675457000732,0.032239656895399094,0.016784777864813805,1.6784777864813805
32,486,15,1.9025886058807373,0.047728098928928375,0.025085873901844025,2.5085873901844025
32,487,15,1.8216005563735962,0.021226653829216957,0.01165274903178215,1.165274903178215
32,488,15,2.4406795501708984,0.022287817671895027,0.009131807833909988,0.9131807833909988
32,489,15,1.936070203781128,0.03221835196018219,0.016641106456518173,1.6641106456518173
32,490,15,2.001983880996704,0.039387937635183334,0.019674452021718025,1.9674452021718025
32,491,15,1.7669401168823242,0.021831708028912544,0.01235565822571516,1.235565822571516
32,492,15,1.675173044204712,0.03826313093304634,0.022841300815343857,2.2841300815343857
32,493,15,1.5722708702087402,0.014803021214902401,0.009415057487785816,0.9415057487785816
32,494,15,2.055906295776367,0.04478627070784569,0.02178419753909111,2.178419753909111
32,495,15,2.393462657928467,0.06070986017584801,0.025364866480231285,2.5364866480231285
32,496,15,1.7956401109695435,0.022343270480632782,0.012443067505955696,1.2443067505955696
32,497,15,1.3149104118347168,0.028676573187112808,0.021808765828609467,2.1808765828609467
32,498,15,2.1296825408935547,0.030008850619196892,0.014090762473642826,1.4090762473642826
32,499,15,2.712977409362793,0.033018846064805984,0.012170704081654549,1.2170704081654549
32,500,15,1.7260642051696777,0.027892308309674263,0.016159484162926674,1.6159484162926674
32,501,15,1.376589298248291,0.009560810402035713,0.006945288740098476,0.6945288740098476
32,502,15,2.6536333560943604,0.040525224059820175,0.015271598473191261,1.5271598473191261
32,503,15,1.7086158990859985,0.02826238051056862,0.016541097313165665,1.6541097313165665
32,504,15,1.3026694059371948,0.0333976224064827,0.025637833401560783,2.5637833401560783
32,505,15,2.5307812690734863,0.027433570474386215,0.010839961469173431,1.0839961469173431
32,506,15,2.7882726192474365,0.0338313989341259,0.01213346142321825,1.213346142321825
32,507,15,2.6830391883850098,0.03266342729330063,0.012174040079116821,1.2174040079116821
32,508,15,2.3454668521881104,0.04264785349369049,0.01818309724330902,1.818309724330902
32,509,15,1.8758840560913086,0.027185749262571335,0.014492233283817768,1.4492233283817768
32,510,15,2.4466845989227295,0.05083120986819267,0.02077554725110531,2.077554725110531
32,511,15,1.93254816532135,0.023618273437023163,0.012221311219036579,1.222131121903658
32,512,16,1.7856963872909546,0.017552204430103302,0.009829333052039146,0.9829333052039146
32,513,16,1.1699106693267822,0.016904134303331375,0.014449081383645535,1.4449081383645535
32,514,16,1.7995344400405884,0.019823184236884117,0.011015729047358036,1.1015729047358036
32,515,16,1.3149796724319458,0.011879265308380127,0.009033801034092903,0.9033801034092903
32,516,16,1.9192787408828735,0.029106680303812027,0.015165426768362522,1.5165426768362522
32,517,16,2.3446736335754395,0.02771022357046604,0.011818371713161469,1.1818371713161469
32,518,16,2.582009792327881,0.04076184332370758,0.01578686572611332,1.578686572611332
32,519,16,2.2001633644104004,0.03809867054224014,0.017316291108727455,1.7316291108727455
32,520,16,1.9372721910476685,0.021190127357840538,0.010938125662505627,1.0938125662505627
32,521,16,1.459761142730713,0.017250122502446175,0.011817085556685925,1.1817085556685925
32,522,16,3.1657931804656982,0.050150759518146515,0.015841452404856682,1.5841452404856682
32,523,16,1.6003254652023315,0.024674544110894203,0.015418454073369503,1.5418454073369503
32,524,16,2.837235927581787,0.049530938267707825,0.01745746284723282,1.7457462847232819
32,525,16,2.538118362426758,0.025105509907007217,0.009891386143863201,0.9891386143863201
32,526,16,1.7775866985321045,0.016024384647607803,0.00901468563824892,0.901468563824892
32,527,16,1.7752313613891602,0.023284466937184334,0.013116300106048584,1.3116300106048584
32,528,16,2.676988363265991,0.03444226086139679,0.012866048142313957,1.2866048142313957
32,529,16,1.8783632516860962,0.024778543040156364,0.013191561214625835,1.3191561214625835
32,530,16,1.4700899124145508,0.017048820853233337,0.01159712765365839,1.159712765365839
32,531,16,1.5873937606811523,0.029915595427155495,0.018845731392502785,1.8845731392502785
32,532,16,2.4755475521087646,0.029953505843877792,0.01209974940866232,1.209974940866232
32,533,16,1.9512375593185425,0.022105928510427475,0.011329183354973793,1.1329183354973793
32,534,16,2.308825969696045,0.04426846653223038,0.019173583015799522,1.9173583015799522
32,535,16,2.3081576824188232,0.038001179695129395,0.016463857144117355,1.6463857144117355
32,536,16,1.6042240858078003,0.016457831487059593,0.010259060189127922,1.0259060189127922
32,537,16,1.7526453733444214,0.01862223632633686,0.01062521617859602,1.062521617859602
32,538,16,1.9677578210830688,0.030873578041791916,0.015689725056290627,1.5689725056290627
32,539,16,1.7708017826080322,0.02719315141439438,0.015356406569480896,1.5356406569480896
32,540,16,1.4303398132324219,0.019065719097852707,0.013329503126442432,1.3329503126442432
32,541,16,3.37530517578125,0.05753238871693611,0.017045091837644577,1.7045091837644577
32,542,16,1.7940353155136108,0.03142201900482178,0.01751471683382988,1.751471683382988
32,543,16,1.9727070331573486,0.03243747353553772,0.016443127766251564,1.6443127766251564
32,544,17,1.417142391204834,0.029587430879473686,0.02087823487818241,2.087823487818241
32,545,17,2.3072688579559326,0.02445273846387863,0.010598131455481052,1.0598131455481052
32,546,17,1.4976893663406372,0.020297976210713387,0.013552861288189888,1.3552861288189888
32,547,17,1.9608654975891113,0.022747494280338287,0.011600742116570473,1.1600742116570473
32,548,17,1.5594342947006226,0.036467600613832474,0.023385146632790565,2.3385146632790565
32,549,17,1.7256438732147217,0.020158283412456512,0.011681601405143738,1.1681601405143738
32,550,17,3.730842351913452,0.05993587523698807,0.016064971685409546,1.6064971685409546
32,551,17,2.6783177852630615,0.025414317846298218,0.009488910436630249,0.9488910436630249
32,552,17,2.087556838989258,0.020341631025075912,0.009744228795170784,0.9744228795170784
32,553,17,2.358055353164673,0.02105901762843132,0.008930671028792858,0.8930671028792858
32,554,17,1.59811270236969,0.028885547071695328,0.01807478815317154,1.807478815317154
32,555,17,1.689480185508728,0.03220536559820175,0.019062291830778122,1.9062291830778122
32,556,17,4.58933162689209,0.07521180808544159,0.01638840138912201,1.638840138912201
32,557,17,1.475193738937378,0.022669974714517593,0.015367455780506134,1.5367455780506134
32,558,17,2.4341628551483154,0.05579302832484245,0.022920828312635422,2.292082831263542
32,559,17,2.007005214691162,0.032380905002355576,0.01613394170999527,1.613394170999527
32,560,17,1.721041202545166,0.025330187752842903,0.014717943966388702,1.4717943966388702
32,561,17,2.0135624408721924,0.0338207483291626,0.016796473413705826,1.6796473413705826
32,562,17,2.043203592300415,0.020606495440006256,0.010085385292768478,1.0085385292768478
32,563,17,1.694828987121582,0.019978852942585945,0.011788123287260532,1.1788123287260532
32,564,17,1.8090170621871948,0.027948293834924698,0.015449436381459236,1.5449436381459236
32,565,17,1.820256233215332,0.019677987322211266,0.010810558684170246,1.0810558684170246
32,566,17,1.701857089996338,0.033372364938259125,0.01960938237607479,1.960938237607479
32,567,17,1.778841257095337,0.0331103689968586,0.01861344836652279,1.861344836652279
32,568,17,1.75397789478302,0.041773464530706406,0.023816414177417755,2.3816414177417755
32,569,17,1.336578130722046,0.018056809902191162,0.013509729877114296,1.3509729877114296
32,570,17,1.4847674369812012,0.022426554933190346,0.015104422345757484,1.5104422345757484
32,571,17,2.490325450897217,0.028688110411167145,0.011519824154675007,1.1519824154675007
32,572,17,2.1954023838043213,0.020260263234376907,0.009228496812283993,0.9228496812283993
32,573,17,2.9245777130126953,0.03654578700661659,0.01249609049409628,1.249609049409628
32,574,17,1.4263681173324585,0.02471895143389702,0.017329994589090347,1.7329994589090347
32,575,17,2.609471082687378,0.042036138474941254,0.01610906422138214,1.6109064221382141
32,576,18,1.4792855978012085,0.014562931843101978,0.00984457042068243,0.984457042068243
32,577,18,1.353906512260437,0.017823945730924606,0.013164827600121498,1.3164827600121498
32,578,18,2.3045308589935303,0.018574588000774384,0.008060029707849026,0.8060029707849026
32,579,18,2.5893542766571045,0.035200975835323334,0.013594499789178371,1.3594499789178371
32,580,18,1.8002278804779053,0.027616940438747406,0.015340802259743214,1.5340802259743214
32,581,18,2.045865535736084,0.015095571987330914,0.007378574926406145,0.7378574926406145
32,582,18,1.5761561393737793,0.02613862231373787,0.016583777964115143,1.6583777964115143
32,583,18,1.9780710935592651,0.018773077055811882,0.009490597993135452,0.9490597993135452
32,584,18,1.5116679668426514,0.01953081227838993,0.01292004156857729,1.292004156857729
32,585,18,2.0003340244293213,0.03068050928413868,0.015337693504989147,1.5337693504989147
32,586,18,2.1752254962921143,0.02611927129328251,0.012007615529000759,1.200761552900076
32,587,18,2.242292642593384,0.03328825160861015,0.014845632016658783,1.4845632016658783
32,588,18,1.6591776609420776,0.02488921768963337,0.015000935643911362,1.5000935643911362
32,589,18,1.3680047988891602,0.012391632422804832,0.009058179333806038,0.9058179333806038
32,590,18,1.9736037254333496,0.027067160233855247,0.013714587315917015,1.3714587315917015
32,591,18,2.0326738357543945,0.02325471304357052,0.011440454982221127,1.1440454982221127
32,592,18,2.0343358516693115,0.0229119174182415,0.011262603104114532,1.1262603104114532
32,593,18,1.9638712406158447,0.01835782453417778,0.009347774088382721,0.9347774088382721
32,594,18,1.6216540336608887,0.020253051072359085,0.012489131651818752,1.2489131651818752
32,595,18,1.4953725337982178,0.016784168779850006,0.011224071495234966,1.1224071495234966
32,596,18,1.7081438302993774,0.023528702557086945,0.013774426653981209,1.3774426653981209
32,597,18,1.7136154174804688,0.018441688269376755,0.010761859826743603,1.0761859826743603
32,598,18,1.6884493827819824,0.02615160122513771,0.015488531440496445,1.5488531440496445
32,599,18,2.249329090118408,0.03437891602516174,0.015284075401723385,1.5284075401723385
32,600,18,2.2682723999023438,0.03299493342638016,0.014546283520758152,1.4546283520758152
32,601,18,1.745796799659729,0.020439771935343742,0.011707990430295467,1.1707990430295467
32,602,18,2.2827277183532715,0.03247543424367905,0.01422659121453762,1.422659121453762
32,603,18,1.2854082584381104,0.016908198595046997,0.013153951615095139,1.3153951615095139
32,604,18,3.632711410522461,0.04486461728811264,0.01235017366707325,1.235017366707325
32,605,18,1.7666500806808472,0.03518383949995041,0.019915567710995674,1.9915567710995674
32,606,18,2.507598400115967,0.022099165245890617,0.008812880143523216,0.8812880143523216
32,607,18,1.192044734954834,0.007951372303068638,0.006670364178717136,0.6670364178717136
32,608,19,4.282418727874756,0.04262787476181984,0.009954158216714859,0.9954158216714859
32,609,19,1.2535831928253174,0.01658698357641697,0.013231657445430756,1.3231657445430756
32,610,19,1.7711613178253174,0.02284218743443489,0.012896728701889515,1.2896728701889515
32,611,19,1.9607300758361816,0.008860159665346146,0.004518806468695402,0.4518806468695402
32,612,19,1.7400286197662354,0.026396915316581726,0.015170391649007797,1.5170391649007797
32,613,19,2.0785140991210938,0.024804480373859406,0.011933756060898304,1.1933756060898304
32,614,19,2.6198863983154297,0.03897153213620186,0.014875276014208794,1.4875276014208794
32,615,19,1.588532567024231,0.03099985048174858,0.019514771178364754,1.9514771178364754
32,616,19,1.683989405632019,0.018362604081630707,0.010904227383434772,1.0904227383434772
32,617,19,2.221909761428833,0.02764274924993515,0.01244098600000143,1.244098600000143
32,618,19,2.136859178543091,0.028441958129405975,0.01331016980111599,1.331016980111599
32,619,19,1.8122045993804932,0.01864663138985634,0.010289473459124565,1.0289473459124565
32,620,19,2.115993022918701,0.023351795971393585,0.011035856790840626,1.1035856790840626
32,621,19,1.7132258415222168,0.02236171066761017,0.013052401132881641,1.3052401132881641
32,622,19,1.5181334018707275,0.015124814584851265,0.009962770156562328,0.9962770156562328
32,623,19,1.7279021739959717,0.0188381876796484,0.01090234611183405,1.090234611183405
32,624,19,1.3839279413223267,0.013474306091666222,0.009736277163028717,0.9736277163028717
32,625,19,1.8942592144012451,0.015528417192399502,0.008197619579732418,0.8197619579732418
32,626,19,1.4273300170898438,0.013369102962315083,0.00936651136726141,0.936651136726141
32,627,19,1.952184796333313,0.023507824167609215,0.012041802518069744,1.2041802518069744
32,628,19,1.662744164466858,0.01772998459637165,0.010663086548447609,1.066308654844761
32,629,19,1.5053645372390747,0.026467233896255493,0.017581943422555923,1.7581943422555923
32,630,19,1.2915865182876587,0.017445998266339302,0.013507417403161526,1.3507417403161526
32,631,19,1.7360750436782837,0.021585926413536072,0.012433751486241817,1.2433751486241817
32,632,19,1.7782106399536133,0.014877240173518658,0.008366410620510578,0.8366410620510578
32,633,19,1.245773434638977,0.012294096872210503,0.009868646040558815,0.9868646040558815
32,634,19,1.7247225046157837,0.02606912888586521,0.015114969573915005,1.5114969573915005
32,635,19,1.4376599788665771,0.02045983448624611,0.014231344684958458,1.4231344684958458
32,636,19,1.9057142734527588,0.029172811657190323,0.015308071859180927,1.5308071859180927
32,637,19,1.5267918109893799,0.02795730158686638,0.018311141058802605,1.8311141058802605
32,638,19,1.4402613639831543,0.020848894491791725,0.014475771225988865,1.4475771225988865
32,639,19,1.8278628587722778,0.01999497227370739,0.010938988998532295,1.0938988998532295
32,640,20,1.5917370319366455,0.02099309302866459,0.013188795186579227,1.3188795186579227
32,641,20,1.5756222009658813,0.014734819531440735,0.009351746179163456,0.9351746179163456
32,642,20,1.9693526029586792,0.022491218522191048,0.011420615017414093,1.1420615017414093
32,643,20,2.554915428161621,0.042254235595464706,0.016538409516215324,1.6538409516215324
32,644,20,1.864578366279602,0.0211301539093256,0.011332402937114239,1.1332402937114239
32,645,20,1.262515664100647,0.014792386442422867,0.011716596782207489,1.171659678220749
32,646,20,2.629624366760254,0.037444692105054855,0.014239558950066566,1.4239558950066566
32,647,20,2.4050469398498535,0.02883884683251381,0.011990970931947231,1.1990970931947231
32,648,20,2.3915066719055176,0.03342849016189575,0.013978004455566406,1.3978004455566406
32,649,20,1.3936982154846191,0.02171231247484684,0.015578920021653175,1.5578920021653175
32,650,20,1.2903081178665161,0.0158520620316267,0.012285485863685608,1.2285485863685608
32,651,20,1.6697204113006592,0.02451089210808277,0.014679638668894768,1.4679638668894768
32,652,20,2.0610132217407227,0.023826535791158676,0.011560593731701374,1.1560593731701374
32,653,20,1.4000099897384644,0.018087534233927727,0.012919574975967407,1.2919574975967407
32,654,20,2.2221803665161133,0.029107583686709404,0.013098658993840218,1.3098658993840218
32,655,20,1.8130364418029785,0.0209244042634964,0.011541083455085754,1.1541083455085754
32,656,20,1.9843037128448486,0.030951177701354027,0.015598004683852196,1.5598004683852196
32,657,20,1.6586155891418457,0.020422082394361496,0.012312727980315685,1.2312727980315685
32,658,20,1.6720781326293945,0.018153900280594826,0.01085708849132061,1.085708849132061
32,659,20,1.7627372741699219,0.026152027770876884,0.014836032874882221,1.4836032874882221
32,660,20,1.4393699169158936,0.018419107422232628,0.012796645984053612,1.2796645984053612
32,661,20,1.520401954650879,0.014360846020281315,0.009445426985621452,0.9445426985621452
32,662,20,1.7865610122680664,0.0287599079310894,0.016097914427518845,1.6097914427518845
32,663,20,1.607364296913147,0.02398003451526165,0.014918854460120201,1.4918854460120201
32,664,20,2.088883876800537,0.031071672216057777,0.014874772168695927,1.4874772168695927
32,665,20,2.1113805770874023,0.019108213484287262,0.009050103835761547,0.9050103835761547
32,666,20,2.591722011566162,0.039156701415777206,0.015108372084796429,1.5108372084796429
32,667,20,2.1823067665100098,0.02773827500641346,0.012710529379546642,1.2710529379546642
32,668,20,1.8446651697158813,0.024015339091420174,0.013018806464970112,1.3018806464970112
32,669,20,1.7380154132843018,0.026345686987042427,0.015158488415181637,1.5158488415181637
32,670,20,2.088489055633545,0.04076144099235535,0.019517190754413605,1.9517190754413605
32,671,20,2.406576156616211,0.0363052561879158,0.015085853636264801,1.50858536362648
32,672,21,1.8087397813796997,0.022879019379615784,0.012649149633944035,1.2649149633944035
32,673,21,1.4092930555343628,0.0157004501670599,0.011140656657516956,1.1140656657516956
32,674,21,1.950390338897705,0.03730364888906479,0.019126247614622116,1.9126247614622116
32,675,21,1.726527214050293,0.019517548382282257,0.011304512619972229,1.130451261997223
32,676,21,1.55973219871521,0.013218198902904987,0.00847465917468071,0.847465917468071
32,677,21,1.5990724563598633,0.0277269184589386,0.017339376732707024,1.7339376732707024
32,678,21,1.0665514469146729,0.00912084523588419,0.00855171587318182,0.855171587318182
32,679,21,1.7181141376495361,0.030952075496315956,0.018015144392848015,1.8015144392848015
32,680,21,1.7188031673431396,0.020283443853259087,0.011800911277532578,1.1800911277532578
32,681,21,2.1502127647399902,0.01667756214737892,0.007756237871944904,0.7756237871944904
32,682,21,1.6976277828216553,0.02367183193564415,0.013944065198302269,1.394406519830227
32,683,21,1.6820696592330933,0.022151146084070206,0.013168982230126858,1.3168982230126858
32,684,21,1.757027268409729,0.015576109290122986,0.008865035139024258,0.8865035139024258
32,685,21,1.8583225011825562,0.02815888449549675,0.01515285111963749,1.515285111963749
32,686,21,1.5093845129013062,0.020257804542779922,0.013421235606074333,1.3421235606074333
32,687,21,1.9760606288909912,0.0280931256711483,0.014216732233762741,1.421673223376274
32,688,21,1.4696718454360962,0.016821805387735367,0.011445960029959679,1.1445960029959679
32,689,21,2.0347132682800293,0.03026881255209446,0.01487620547413826,1.487620547413826
32,690,21,1.7711633443832397,0.020495286211371422,0.011571652255952358,1.1571652255952358
32,691,21,1.8187520503997803,0.02557864785194397,0.01406384538859129,1.406384538859129
32,692,21,2.053762674331665,0.022829700261354446,0.011116036213934422,1.1116036213934422
32,693,21,1.5052456855773926,0.01859765686094761,0.012355229817330837,1.2355229817330837
32,694,21,1.7627440690994263,0.028263520449399948,0.016033818945288658,1.6033818945288658
32,695,21,1.9560080766677856,0.019161762669682503,0.009796361438930035,0.9796361438930035
32,696,21,1.6817501783370972,0.020767347887158394,0.012348651885986328,1.2348651885986328
32,697,21,1.9673675298690796,0.021117541939020157,0.010733908042311668,1.0733908042311668
32,698,21,3.0953726768493652,0.030699707567691803,0.00991793628782034,0.9917936287820339
32,699,21,1.2476751804351807,0.0134661253541708,0.010792973451316357,1.0792973451316357
32,700,21,1.7926673889160156,0.016118232160806656,0.008991200476884842,0.8991200476884842
32,701,21,1.9356220960617065,0.019443903118371964,0.010045299306511879,1.004529930651188
32,702,21,1.7162989377975464,0.015505935065448284,0.009034519083797932,0.9034519083797932
32,703,21,1.4950470924377441,0.02044968120753765,0.013678285293281078,1.3678285293281078
32,704,22,1.531626582145691,0.026179693639278412,0.017092738300561905,1.7092738300561905
32,705,22,1.5527523756027222,0.021518709138035774,0.013858429156243801,1.3858429156243801
32,706,22,1.8066250085830688,0.019479725509881973,0.010782384313642979,1.0782384313642979
32,707,22,1.9833792448043823,0.029555348679423332,0.014901511371135712,1.4901511371135712
32,708,22,1.2256247997283936,0.011658611707389355,0.009512382559478283,0.9512382559478283
32,709,22,1.9268789291381836,0.01710207387804985,0.008875531144440174,0.8875531144440174
32,710,22,1.62239670753479,0.015030655078589916,0.009264475665986538,0.9264475665986538
32,711,22,2.1191790103912354,0.025607459247112274,0.012083670124411583,1.2083670124411583
32,712,22,2.2113089561462402,0.02394394762814045,0.010827952064573765,1.0827952064573765
32,713,22,1.366640567779541,0.018549282103776932,0.013572904281318188,1.3572904281318188
32,714,22,1.5633728504180908,0.02033386379480362,0.013006406836211681,1.3006406836211681
32,715,22,1.3907564878463745,0.01561267301440239,0.011226029135286808,1.1226029135286808
32,716,22,1.861756443977356,0.017467044293880463,0.00938202440738678,0.938202440738678
32,717,22,1.5097062587738037,0.01944798417389393,0.01288196537643671,1.288196537643671
32,718,22,2.1473770141601562,0.022345835343003273,0.01040610671043396,1.040610671043396
32,719,22,1.9059937000274658,0.02397279441356659,0.012577583082020283,1.2577583082020283
32,720,22,2.0479679107666016,0.028479866683483124,0.013906402513384819,1.390640251338482
32,721,22,1.6063369512557983,0.012810934334993362,0.00797524768859148,0.797524768859148
32,722,22,1.5780119895935059,0.02568700537085533,0.016278080642223358,1.6278080642223358
32,723,22,1.9010505676269531,0.019009340554475784,0.009999386966228485,0.9999386966228485
32,724,22,1.4813556671142578,0.017137520015239716,0.011568808928132057,1.1568808928132057
32,725,22,2.0281665325164795,0.028516652062535286,0.014060311019420624,1.4060311019420624
32,726,22,2.814645290374756,0.0380476675927639,0.013517748564481735,1.3517748564481735
32,727,22,1.7711800336837769,0.017553556710481644,0.00991065613925457,0.991065613925457
32,728,22,1.8945693969726562,0.02608855441212654,0.013770176097750664,1.3770176097750664
32,729,22,2.2252585887908936,0.026615776121616364,0.011960756033658981,1.1960756033658981
32,730,22,1.6196461915969849,0.011451896280050278,0.007070615887641907,0.7070615887641907
32,731,22,1.3697744607925415,0.014370104297995567,0.010490854270756245,1.0490854270756245
32,732,22,2.484644889831543,0.04306506738066673,0.01733248308300972,1.733248308300972
32,733,22,1.7979316711425781,0.03444831818342209,0.019159970805048943,1.9159970805048943
32,734,22,1.369551420211792,0.016548290848731995,0.012083000503480434,1.2083000503480434
32,735,22,1.4660940170288086,0.02216038480401039,0.015115254558622837,1.5115254558622837
32,736,23,1.5238434076309204,0.024514567106962204,0.016087327152490616,1.6087327152490616
32,737,23,1.5067168474197388,0.012812800705432892,0.008503788150846958,0.8503788150846958
32,738,23,1.6077691316604614,0.019856054335832596,0.012350065633654594,1.2350065633654594
32,739,23,1.8925859928131104,0.016872795298695564,0.008915206417441368,0.8915206417441368
32,740,23,1.2489389181137085,0.015057051554322243,0.012055874802172184,1.2055874802172184
32,741,23,1.515822410583496,0.02402334101498127,0.01584838703274727,1.5848387032747269
32,742,23,1.4272536039352417,0.01889362558722496,0.013237749226391315,1.3237749226391315
32,743,23,1.580649733543396,0.015511658042669296,0.009813469834625721,0.9813469834625721
32,744,23,1.6182942390441895,0.0184023380279541,0.011371441185474396,1.1371441185474396
32,745,23,1.4869091510772705,0.02364824339747429,0.015904296189546585,1.5904296189546585
32,746,23,1.969179391860962,0.02250789664685726,0.011430089361965656,1.1430089361965656
32,747,23,1.9437426328659058,0.024704208597540855,0.012709609232842922,1.2709609232842922
32,748,23,1.4901275634765625,0.027790293097496033,0.01864960603415966,1.864960603415966
32,749,23,1.3870033025741577,0.01922122947871685,0.013858099468052387,1.3858099468052387
32,750,23,1.8629834651947021,0.02937287837266922,0.015766579657793045,1.5766579657793045
32,751,23,1.7908272743225098,0.01502014510333538,0.008387266658246517,0.8387266658246517
32,752,23,1.881537914276123,0.02705414965748787,0.014378742314875126,1.4378742314875126
32,753,23,1.7140017747879028,0.017332473769783974,0.010112284682691097,1.0112284682691097
32,754,23,1.7672773599624634,0.011357858777046204,0.0064267548732459545,0.6426754873245955
32,755,23,2.0176165103912354,0.02260575257241726,0.011204186826944351,1.1204186826944351
32,756,23,1.8998725414276123,0.017125459387898445,0.009014003910124302,0.9014003910124302
32,757,23,1.4938215017318726,0.019682452082633972,0.013175906613469124,1.3175906613469124
32,758,23,1.4064016342163086,0.009460893459618092,0.006727021187543869,0.6727021187543869
32,759,23,1.641631007194519,0.025658033788204193,0.01562959887087345,1.5629598870873451
32,760,23,1.4271514415740967,0.011636110953986645,0.008153381757438183,0.8153381757438183
32,761,23,1.8251467943191528,0.015510533936321735,0.0084982393309474,0.8498239330947399
32,762,23,1.7388089895248413,0.013169626705348492,0.007573935203254223,0.7573935203254223
32,763,23,1.7398262023925781,0.02026173658668995,0.011645839549601078,1.1645839549601078
32,764,23,1.6095874309539795,0.01612229272723198,0.010016413405537605,1.0016413405537605
32,765,23,1.589491844177246,0.024946382269263268,0.01569456420838833,1.5694564208388329
32,766,23,1.7740023136138916,0.022125937044620514,0.01247232686728239,1.247232686728239
32,767,23,1.7725938558578491,0.020300600677728653,0.011452483013272285,1.1452483013272285
32,768,24,2.2059178352355957,0.024053722620010376,0.010904178954660892,1.0904178954660892
32,769,24,1.624099612236023,0.02404310181736946,0.01480395719408989,1.480395719408989
32,770,24,1.7983803749084473,0.025052174925804138,0.013930409215390682,1.3930409215390682
32,771,24,1.6125710010528564,0.02355019375681877,0.01460412796586752,1.460412796586752
32,772,24,1.517305612564087,0.022409625351428986,0.014769354835152626,1.4769354835152626
32,773,24,1.781004548072815,0.02130505070090294,0.011962378397583961,1.1962378397583961
32,774,24,1.7309504747390747,0.020947791635990143,0.012101900763809681,1.210190076380968
32,775,24,1.7555598020553589,0.01832662522792816,0.010439191944897175,1.0439191944897175
32,776,24,2.5493345260620117,0.02414511702954769,0.009471145458519459,0.9471145458519459
32,777,24,1.4404937028884888,0.025231627747416496,0.017515959218144417,1.7515959218144417
32,778,24,1.7039155960083008,0.022019969299435616,0.012923157773911953,1.2923157773911953
32,779,24,1.6335200071334839,0.021832840517163277,0.013365517370402813,1.3365517370402813
32,780,24,1.1686005592346191,0.017041794955730438,0.014583079144358635,1.4583079144358635
32,781,24,1.7779757976531982,0.03838706761598587,0.021590320393443108,2.1590320393443108
32,782,24,1.4317115545272827,0.018337443470954895,0.012808057479560375,1.2808057479560375
32,783,24,1.655268907546997,0.02586919441819191,0.0156283937394619,1.5628393739461899
32,784,24,1.423488736152649,0.017007580026984215,0.0119478153064847,1.19478153064847
32,785,24,1.6349602937698364,0.021647624671459198,0.013240459375083447,1.3240459375083447
32,786,24,2.439720392227173,0.016429515555500984,0.006734179798513651,0.6734179798513651
32,787,24,1.487013578414917,0.02179352194070816,0.014655900187790394,1.4655900187790394
32,788,24,1.5668751001358032,0.018503351137042046,0.011809078976511955,1.1809078976511955
32,789,24,1.4052386283874512,0.01182998064905405,0.008418485522270203,0.8418485522270203
32,790,24,2.142742872238159,0.028792008757591248,0.013436987064778805,1.3436987064778805
32,791,24,1.8842542171478271,0.020761074498295784,0.01101819146424532,1.101819146424532
32,792,24,1.5811834335327148,0.014998488128185272,0.009485608898103237,0.9485608898103237
32,793,24,1.6036771535873413,0.022581184282898903,0.014080879278481007,1.4080879278481007
32,794,24,2.0853939056396484,0.013830519281327724,0.006632089614868164,0.6632089614868164
32,795,24,2.2290825843811035,0.029212897643446922,0.013105345889925957,1.3105345889925957
32,796,24,1.962080717086792,0.027612991631031036,0.014073320664465427,1.4073320664465427
32,797,24,1.6644036769866943,0.025208741426467896,0.015145809389650822,1.5145809389650822
32,798,24,2.6196348667144775,0.017293376848101616,0.006601445376873016,0.6601445376873016
32,799,24,1.633988618850708,0.022722605615854263,0.013906219974160194,1.3906219974160194
32,800,25,3.2339155673980713,0.03142726048827171,0.009718021377921104,0.9718021377921104
32,801,25,1.3955250978469849,0.011300258338451385,0.008097495883703232,0.8097495883703232
32,802,25,1.4935731887817383,0.017500020563602448,0.011716881766915321,1.1716881766915321
32,803,25,1.9500616788864136,0.026174074038863182,0.01342217717319727,1.342217717319727
32,804,25,1.2788474559783936,0.01865161955356598,0.014584709890186787,1.4584709890186787
32,805,25,1.9422414302825928,0.0166004691272974,0.008547067642211914,0.8547067642211914
32,806,25,2.337705135345459,0.02474839799106121,0.01058662123978138,1.058662123978138
32,807,25,1.7664873600006104,0.014188366010785103,0.008031966164708138,0.8031966164708138
32,808,25,1.4167308807373047,0.020239640027284622,0.014286156743764877,1.4286156743764877
32,809,25,2.211845874786377,0.018432393670082092,0.008333489298820496,0.8333489298820496
32,810,25,1.420213222503662,0.022085579112172127,0.015550890006124973,1.5550890006124973
32,811,25,1.2304482460021973,0.024819308891892433,0.020170949399471283,2.0170949399471283
32,812,25,1.5518227815628052,0.011680195108056068,0.0075267585925757885,0.7526758592575788
32,813,25,1.2023334503173828,0.021169589832425117,0.017607087269425392,1.7607087269425392
32,814,25,1.9997113943099976,0.023426637053489685,0.01171500887721777,1.171500887721777
32,815,25,2.2927045822143555,0.017544444650411606,0.007652292028069496,0.7652292028069496
32,816,25,1.7946146726608276,0.013822360895574093,0.007702133152633905,0.7702133152633905
32,817,25,1.3371081352233887,0.021750735118985176,0.016266997903585434,1.6266997903585434
32,818,25,2.8376142978668213,0.03902881592512131,0.013754094950854778,1.3754094950854778
32,819,25,1.9240646362304688,0.025941966101527214,0.01348289754241705,1.348289754241705
32,820,25,1.7507003545761108,0.01416272483766079,0.008089748211205006,0.8089748211205006
32,821,25,1.5981380939483643,0.01879027858376503,0.011757606640458107,1.1757606640458107
32,822,25,1.4003194570541382,0.02492198720574379,0.017797358334064484,1.7797358334064484
32,823,25,1.5171103477478027,0.017811447381973267,0.01174037717282772,1.174037717282772
32,824,25,1.1807149648666382,0.013723712414503098,0.011623222380876541,1.1623222380876541
32,825,25,1.5496704578399658,0.02014085091650486,0.012996860779821873,1.2996860779821873
32,826,25,2.3206844329833984,0.02360164001584053,0.010170120745897293,1.0170120745897293
32,827,25,2.1887285709381104,0.023589331656694412,0.010777641087770462,1.0777641087770462
32,828,25,1.5498915910720825,0.03121841698884964,0.020142322406172752,2.0142322406172752
32,829,25,1.7754106521606445,0.02622314728796482,0.014770187437534332,1.4770187437534332
32,830,25,1.6484887599945068,0.024116653949022293,0.014629553072154522,1.4629553072154522
32,831,25,1.7473419904708862,0.01938260905444622,0.011092624627053738,1.1092624627053738
32,832,26,2.8257007598876953,0.03635958582162857,0.012867458164691925,1.2867458164691925
32,833,26,1.299254059791565,0.015623318962752819,0.012024837546050549,1.2024837546050549
32,834,26,1.9158151149749756,0.02423427626490593,0.012649590149521828,1.2649590149521828
32,835,26,1.6503928899765015,0.014263654127717018,0.008642581291496754,0.8642581291496754
32,836,26,1.4427000284194946,0.02209380641579628,0.01531420648097992,1.531420648097992
32,837,26,1.809327244758606,0.02109673246741295,0.011659987270832062,1.1659987270832062
32,838,26,2.00528621673584,0.02241826057434082,0.01117958128452301,1.117958128452301
32,839,26,1.9753471612930298,0.0257232878357172,0.013022160157561302,1.3022160157561302
32,840,26,1.510655164718628,0.01742137409746647,0.011532329954206944,1.1532329954206944
32,841,26,1.3607512712478638,0.021449176594614983,0.015762746334075928,1.5762746334075928
32,842,26,1.5844123363494873,0.015994250774383545,0.010094752535223961,1.009475253522396
32,843,26,1.3277217149734497,0.02300981990993023,0.01733030378818512,1.733030378818512
32,844,26,1.5504260063171387,0.016947908326983452,0.01093113049864769,1.093113049864769
32,845,26,1.9421484470367432,0.030338579788804054,0.015621143393218517,1.5621143393218517
32,846,26,1.7785418033599854,0.02322811260819435,0.013060200959444046,1.3060200959444046
32,847,26,1.6891534328460693,0.0328005887567997,0.01941835880279541,1.941835880279541
32,848,26,1.4431027173995972,0.01994500495493412,0.013820918276906013,1.3820918276906013
32,849,26,2.014828681945801,0.01909693144261837,0.009478190913796425,0.9478190913796425
32,850,26,2.7203726768493652,0.029029835015535355,0.01067127101123333,1.067127101123333
32,851,26,2.0867061614990234,0.018959328532218933,0.009085767902433872,0.9085767902433872
32,852,26,1.409353256225586,0.02017327770590782,0.014313854277133942,1.4313854277133942
32,853,26,1.5514061450958252,0.018814247101545334,0.012127222493290901,1.2127222493290901
32,854,26,1.6980130672454834,0.020861217752099037,0.01228566374629736,1.228566374629736
32,855,26,1.4338958263397217,0.01695283129811287,0.011822916567325592,1.1822916567325592
32,856,26,1.8952685594558716,0.016232747584581375,0.00856488011777401,0.856488011777401
32,857,26,1.6852763891220093,0.03107980638742447,0.01844196394085884,1.844196394085884
32,858,26,2.0287139415740967,0.03201960027217865,0.015783201903104782,1.5783201903104782
32,859,26,1.9906188249588013,0.019272565841674805,0.009681696072220802,0.9681696072220802
32,860,26,3.267070770263672,0.0424148291349411,0.012982524931430817,1.2982524931430817
32,861,26,1.5267025232315063,0.014758959412574768,0.009667214006185532,0.9667214006185532
32,862,26,1.6496046781539917,0.020033730193972588,0.012144564650952816,1.2144564650952816
32,863,26,1.6162562370300293,0.026182645931839943,0.016199564561247826,1.6199564561247826
32,864,27,1.3631483316421509,0.012955684214830399,0.009504236280918121,0.9504236280918121
32,865,27,2.065516233444214,0.023592276498675346,0.011421975679695606,1.1421975679695606
32,866,27,1.7692291736602783,0.01626512035727501,0.00919333752244711,0.9193337522447109
32,867,27,2.094566583633423,0.02486882358789444,0.011873016133904457,1.1873016133904457
32,868,27,2.0494298934936523,0.011270834133028984,0.005499497056007385,0.5499497056007385
32,869,27,1.8709447383880615,0.024524133652448654,0.013107887469232082,1.3107887469232082
32,870,27,1.9068087339401245,0.02382383868098259,0.01249408908188343,1.249408908188343
32,871,27,1.93728506565094,0.03435669466853142,0.017734454944729805,1.7734454944729805
32,872,27,1.2077593803405762,0.01029972080141306,0.008527957834303379,0.8527957834303379
32,873,27,1.6919972896575928,0.010730293579399586,0.006341791246086359,0.6341791246086359
32,874,27,1.5030182600021362,0.01804311014711857,0.01200458500534296,1.200458500534296
32,875,27,1.818747639656067,0.028234103694558144,0.015523926354944706,1.5523926354944706
32,876,27,1.8126451969146729,0.025201093405485153,0.01390293799340725,1.390293799340725
32,877,27,1.4292445182800293,0.02095564268529415,0.014662041328847408,1.4662041328847408
32,878,27,1.2743556499481201,0.012417992576956749,0.009744526818394661,0.9744526818394661
32,879,27,1.5544594526290894,0.016880830749869347,0.010859615169465542,1.0859615169465542
32,880,27,1.1895842552185059,0.014194187708199024,0.011932057328522205,1.1932057328522205
32,881,27,1.2803176641464233,0.018167350441217422,0.014189721085131168,1.4189721085131168
32,882,27,1.741697072982788,0.01894247531890869,0.01087587233632803,1.087587233632803
32,883,27,1.7650223970413208,0.012180868536233902,0.006901254411786795,0.6901254411786795
32,884,27,1.2735226154327393,0.015401611104607582,0.012093707919120789,1.2093707919120789
32,885,27,1.6960225105285645,0.01969987340271473,0.011615336872637272,1.1615336872637272
32,886,27,1.7324459552764893,0.020157570019364357,0.011635323986411095,1.1635323986411095
32,887,27,1.7762490510940552,0.014013802632689476,0.007889548316597939,0.7889548316597939
32,888,27,1.6624977588653564,0.017776435241103172,0.010692606680095196,1.0692606680095196
32,889,27,1.2483385801315308,0.014789199456572533,0.01184710580855608,1.184710580855608
32,890,27,1.2514760494232178,0.014687726274132729,0.011736322194337845,1.1736322194337845
32,891,27,1.524966835975647,0.022060077637434006,0.01446593925356865,1.446593925356865
32,892,27,1.820194959640503,0.025349950417876244,0.013927052728831768,1.3927052728831768
32,893,27,1.7323009967803955,0.021616755053400993,0.01247863657772541,1.247863657772541
32,894,27,1.7989931106567383,0.020497161895036697,0.011393685825169086,1.1393685825169086
32,895,27,2.0542502403259277,0.01666710525751114,0.008113473653793335,0.8113473653793335
32,896,28,2.1317806243896484,0.015912093222141266,0.007464226335287094,0.7464226335287094
32,897,28,1.476427435874939,0.018601568415760994,0.012599039822816849,1.2599039822816849
32,898,28,1.2926418781280518,0.018000928685069084,0.013925689272582531,1.392568927258253
32,899,28,1.6982312202453613,0.016855966299772263,0.009925601072609425,0.9925601072609425
32,900,28,1.6045327186584473,0.014415133744478226,0.008984006941318512,0.8984006941318512
32,901,28,1.4951103925704956,0.011005774140357971,0.007361178286373615,0.7361178286373615
32,902,28,1.4183878898620605,0.013227131217718124,0.009325467981398106,0.9325467981398106
32,903,28,1.4772621393203735,0.015339374542236328,0.010383650660514832,1.0383650660514832
32,904,28,2.528583526611328,0.030529595911502838,0.012073793448507786,1.2073793448507786
32,905,28,1.3505481481552124,0.019450463354587555,0.014401903375983238,1.4401903375983238
32,906,28,1.7473068237304688,0.01778062991797924,0.010176020674407482,1.0176020674407482
32,907,28,1.342940092086792,0.011749832890927792,0.008749335072934628,0.8749335072934628
32,908,28,2.4865686893463135,0.012149184942245483,0.004885923583060503,0.4885923583060503
32,909,28,1.4173773527145386,0.012777123600244522,0.009014624170958996,0.9014624170958996
32,910,28,1.5855567455291748,0.02240816131234169,0.014132676646113396,1.4132676646113396
32,911,28,1.4921873807907104,0.015544542111456394,0.01041728537529707,1.041728537529707
32,912,28,1.6944080591201782,0.016344167292118073,0.009645945392549038,0.9645945392549038
32,913,28,1.5181243419647217,0.013559800572693348,0.008931943215429783,0.8931943215429783
32,914,28,1.5186986923217773,0.007974209263920784,0.005250685382634401,0.5250685382634401
32,915,28,1.4850544929504395,0.017831116914749146,0.012007045559585094,1.2007045559585094
32,916,28,1.3916873931884766,0.017369601875543594,0.01248096488416195,1.248096488416195
32,917,28,1.5227627754211426,0.016576429829001427,0.010885760188102722,1.0885760188102722
32,918,28,2.5032057762145996,0.02381610870361328,0.009514243341982365,0.9514243341982365
32,919,28,1.354733943939209,0.018461795523762703,0.013627616688609123,1.3627616688609123
32,920,28,1.8952099084854126,0.018012292683124542,0.009504115208983421,0.9504115208983421
32,921,28,1.3821251392364502,0.010984889231622219,0.007947824895381927,0.7947824895381927
32,922,28,1.858422875404358,0.02246466837823391,0.012088028714060783,1.2088028714060783
32,923,28,1.7050539255142212,0.020616885274648666,0.01209163200110197,1.209163200110197
32,924,28,2.6576952934265137,0.03150152415037155,0.011852947995066643,1.1852947995066643
32,925,28,1.7983732223510742,0.013464879244565964,0.007487255148589611,0.7487255148589611
32,926,28,1.627949595451355,0.019655905663967133,0.01207402627915144,1.207402627915144
32,927,28,1.7257425785064697,0.016606777906417847,0.009622975252568722,0.9622975252568722
32,928,29,1.9130630493164062,0.01769629865884781,0.009250243194401264,0.9250243194401264
32,929,29,1.8572142124176025,0.022180836647748947,0.011943068355321884,1.1943068355321884
32,930,29,1.5603077411651611,0.020582033321261406,0.013191008940339088,1.3191008940339088
32,931,29,1.4754960536956787,0.02539251558482647,0.017209477722644806,1.7209477722644806
32,932,29,1.948256015777588,0.027908820658922195,0.014325027354061604,1.4325027354061604
32,933,29,1.6977593898773193,0.019625060260295868,0.011559388600289822,1.1559388600289822
32,934,29,1.4013279676437378,0.017115533351898193,0.012213795445859432,1.2213795445859432
32,935,29,2.0471482276916504,0.02120833471417427,0.01035994105041027,1.035994105041027
32,936,29,1.563920497894287,0.0173841193318367,0.011115730740129948,1.1115730740129948
32,937,29,1.496618628501892,0.01577352173626423,0.010539439506828785,1.0539439506828785
32,938,29,1.813334345817566,0.019255386665463448,0.01061877328902483,1.061877328902483
32,939,29,1.6046864986419678,0.014075636863708496,0.008771580643951893,0.8771580643951893
32,940,29,2.146874189376831,0.028703730553388596,0.013370011001825333,1.3370011001825333
32,941,29,1.7784918546676636,0.019910305738449097,0.011195050552487373,1.1195050552487373
32,942,29,1.5446653366088867,0.02233395352959633,0.014458765275776386,1.4458765275776386
32,943,29,1.6065919399261475,0.018463285639882088,0.011492205783724785,1.1492205783724785
32,944,29,2.7752068042755127,0.05227958410978317,0.01883808523416519,1.8838085234165192
32,945,29,1.8785178661346436,0.021755216643214226,0.011581053957343102,1.1581053957343102
32,946,29,1.9447399377822876,0.02788502350449562,0.014338689856231213,1.4338689856231213
32,947,29,1.581977367401123,0.018972087651491165,0.011992641724646091,1.1992641724646091
32,948,29,1.6517058610916138,0.02068682573735714,0.01252452190965414,1.252452190965414
32,949,29,1.3352816104888916,0.015165399760007858,0.01135745458304882,1.135745458304882
32,950,29,2.2206671237945557,0.019771669059991837,0.008903481997549534,0.8903481997549534
32,951,29,2.3641388416290283,0.021381119266152382,0.009043935686349869,0.9043935686349869
32,952,29,2.340837001800537,0.02247270941734314,0.009600288234651089,0.9600288234651089
32,953,29,1.720121145248413,0.017065290361642838,0.009920981712639332,0.9920981712639332
32,954,29,2.171722650527954,0.023254796862602234,0.010707995854318142,1.0707995854318142
32,955,29,1.778183937072754,0.015667514875531197,0.008810964412987232,0.8810964412987232
32,956,29,1.2961968183517456,0.008623684756457806,0.00665306719020009,0.665306719020009
32,957,29,1.423699140548706,0.021956011652946472,0.015421805903315544,1.5421805903315544
32,958,29,1.6159244775772095,0.018017811700701714,0.011150157079100609,1.1150157079100609
32,959,29,1.7268333435058594,0.023647217079997063,0.013693977147340775,1.3693977147340775
32,960,30,1.2854923009872437,0.01447356678545475,0.011259162798523903,1.1259162798523903
32,961,30,1.3086788654327393,0.013210363686084747,0.01009442750364542,1.009442750364542
32,962,30,1.3455140590667725,0.014359141699969769,0.010671863332390785,1.0671863332390785
32,963,30,1.6074681282043457,0.01667596399784088,0.010374056175351143,1.0374056175351143
32,964,30,1.6296961307525635,0.015908200293779373,0.009761451743543148,0.9761451743543148
32,965,30,2.574509382247925,0.028450964018702507,0.011051023378968239,1.1051023378968239
32,966,30,1.9834017753601074,0.02815086394548416,0.014193222858011723,1.4193222858011723
32,967,30,1.6763287782669067,0.020318258553743362,0.012120688334107399,1.21206883341074
32,968,30,1.2531946897506714,0.018677880987524986,0.014904213137924671,1.4904213137924671
32,969,30,1.9259278774261475,0.018870621919631958,0.009798198007047176,0.9798198007047176
32,970,30,1.715511441230774,0.027891652658581734,0.01625850610435009,1.625850610435009
32,971,30,1.641035795211792,0.02568385936319828,0.015651004388928413,1.5651004388928413
32,972,30,2.4849002361297607,0.031428903341293335,0.012647953815758228,1.2647953815758228
32,973,30,2.064592123031616,0.030290039256215096,0.014671198092401028,1.4671198092401028
32,974,30,1.3649684190750122,0.014367878437042236,0.010526161640882492,1.0526161640882492
32,975,30,1.8455182313919067,0.018306640908122063,0.009919512085616589,0.9919512085616589
32,976,30,1.4255833625793457,0.019328709691762924,0.013558456674218178,1.3558456674218178
32,977,30,1.4183666706085205,0.013785824179649353,0.009719506837427616,0.9719506837427616
32,978,30,1.7720613479614258,0.014147219248116016,0.007983481511473656,0.7983481511473656
32,979,30,1.2189801931381226,0.01619999296963215,0.013289791531860828,1.3289791531860828
32,980,30,1.9545003175735474,0.028337260708212852,0.014498468488454819,1.4498468488454819
32,981,30,1.2921106815338135,0.012932776473462582,0.010009031742811203,1.0009031742811203
32,982,30,1.9427140951156616,0.025442222133278847,0.013096225447952747,1.3096225447952747
32,983,30,1.6588842868804932,0.02375675179064274,0.014320921152830124,1.4320921152830124
32,984,30,1.7625449895858765,0.016888462007045746,0.009581861086189747,0.9581861086189747
32,985,30,1.5773625373840332,0.01360573060810566,0.008625620044767857,0.8625620044767857
32,986,30,1.9723083972930908,0.023389700800180435,0.011859048157930374,1.1859048157930374
32,987,30,1.3479065895080566,0.011771248653531075,0.008732985705137253,0.8732985705137253
32,988,30,1.1539278030395508,0.010542120784521103,0.009135858155786991,0.9135858155786991
32,989,30,2.066749334335327,0.020338594913482666,0.009840861894190311,0.9840861894190311
32,990,30,1.5468488931655884,0.01589372754096985,0.010274906642735004,1.0274906642735004
32,991,30,1.966040849685669,0.015150818973779678,0.007706258445978165,0.7706258445978165
32,992,31,1.7913366556167603,0.030054016038775444,0.01677742414176464,1.677742414176464
32,993,31,1.8590983152389526,0.01585940271615982,0.008530695922672749,0.8530695922672749
32,994,31,1.2610355615615845,0.00655367411673069,0.0051970575004816055,0.5197057500481606
32,995,31,1.665461540222168,0.01460645068436861,0.008770211599767208,0.8770211599767208
32,996,31,1.563476324081421,0.009870439767837524,0.006313136778771877,0.6313136778771877
32,997,31,1.3115030527114868,0.016400549560785294,0.012505155056715012,1.2505155056715012
32,998,31,2.1803057193756104,0.01976586878299713,0.009065641090273857,0.9065641090273857
32,999,31,1.6477712392807007,0.017498118802905083,0.010619265027344227,1.0619265027344227
32,1000,31,1.5738714933395386,0.013340549543499947,0.008476263843476772,0.8476263843476772
32,1001,31,1.4740159511566162,0.020800767466425896,0.01411162968724966,1.411162968724966
32,1002,31,1.3408082723617554,0.01923445798456669,0.014345420524477959,1.4345420524477959
32,1003,31,1.6656955480575562,0.016467152163386345,0.009886051528155804,0.9886051528155804
32,1004,31,1.5869749784469604,0.02854616940021515,0.01798778772354126,1.798778772354126
32,1005,31,1.604730248451233,0.0129926186054945,0.008096450008451939,0.8096450008451939
32,1006,31,1.822476863861084,0.0236673504114151,0.012986365705728531,1.298636570572853
32,1007,31,1.4766572713851929,0.0179032851010561,0.01212419755756855,1.212419755756855
32,1008,31,1.3185968399047852,0.015015237964689732,0.011387284845113754,1.1387284845113754
32,1009,31,3.8310699462890625,0.04609578102827072,0.012032090686261654,1.2032090686261654
32,1010,31,1.4882622957229614,0.014018246904015541,0.009419204667210579,0.9419204667210579
32,1011,31,1.606874942779541,0.012151995673775673,0.007562502287328243,0.7562502287328243
32,1012,31,1.2377201318740845,0.013928413391113281,0.011253281496465206,1.1253281496465206
32,1013,31,1.922346830368042,0.017348183318972588,0.009024481289088726,0.9024481289088726
32,1014,31,2.1966962814331055,0.02749776281416416,0.012517780996859074,1.2517780996859074
32,1015,31,1.1345785856246948,0.0186444278806448,0.016432909294962883,1.6432909294962883
32,1016,31,1.6763594150543213,0.012606984004378319,0.007520454004406929,0.7520454004406929
32,1017,31,1.52872633934021,0.025010082870721817,0.016360078006982803,1.6360078006982803
32,1018,31,1.4594066143035889,0.01113465428352356,0.007629576604813337,0.7629576604813337
32,1019,31,1.3572921752929688,0.014984577894210815,0.011040053330361843,1.1040053330361843
32,1020,31,1.6029746532440186,0.013446735218167305,0.008388613350689411,0.8388613350689411
32,1021,31,1.6645481586456299,0.014297553338110447,0.008589450269937515,0.8589450269937515
32,1022,31,1.737078070640564,0.011407379060983658,0.006566992960870266,0.6566992960870266
32,1023,31,1.5020880699157715,0.016266848891973495,0.01082949060946703,1.082949060946703
32,1024,32,1.7899647951126099,0.01982235535979271,0.011074159294366837,1.1074159294366837
32,1025,32,1.2273601293563843,0.012623420916497707,0.010285018011927605,1.0285018011927605
32,1026,32,1.3643691539764404,0.02019093930721283,0.014798736199736595,1.4798736199736595
32,1027,32,1.316493272781372,0.01218660268932581,0.00925686676055193,0.925686676055193
32,1028,32,1.6190916299819946,0.015509509481489658,0.009579142555594444,0.9579142555594444
32,1029,32,1.4732588529586792,0.016302404925227165,0.01106553990393877,1.106553990393877
32,1030,32,1.4236605167388916,0.01020727027207613,0.007169736083596945,0.7169736083596945
32,1031,32,1.8134260177612305,0.014128987677395344,0.007791323121637106,0.7791323121637106
32,1032,32,1.738539695739746,0.02641446143388748,0.015193476341664791,1.519347634166479
32,1033,32,1.3110718727111816,0.01607077568769455,0.012257738038897514,1.2257738038897514
32,1034,32,1.3660953044891357,0.017180638387799263,0.012576457113027573,1.2576457113027573
32,1035,32,1.735317349433899,0.020422914996743202,0.011768979951739311,1.1768979951739311
32,1036,32,2.333524465560913,0.01964426226913929,0.008418279699981213,0.8418279699981213
32,1037,32,1.4736559391021729,0.017404012382030487,0.011810092255473137,1.1810092255473137
32,1038,32,2.1444411277770996,0.013169752433896065,0.006141345016658306,0.6141345016658306
32,1039,32,1.7947715520858765,0.020144833251833916,0.011224176734685898,1.1224176734685898
32,1040,32,1.879638910293579,0.012605329975485802,0.006706250831484795,0.6706250831484795
32,1041,32,2.123945713043213,0.035633448511362076,0.016777005046606064,1.6777005046606064
32,1042,32,1.0737069845199585,0.013958374038338661,0.013000170700252056,1.3000170700252056
32,1043,32,1.125216007232666,0.010878870263695717,0.009668250568211079,0.9668250568211079
32,1044,32,1.1601498126983643,0.012041381560266018,0.01037916075438261,1.037916075438261
32,1045,32,1.4160079956054688,0.012830743566155434,0.009061207994818687,0.9061207994818687
32,1046,32,1.6888519525527954,0.019112668931484222,0.011316959746181965,1.1316959746181965
32,1047,32,1.3012133836746216,0.013283192180097103,0.010208312422037125,1.0208312422037125
32,1048,32,2.1881237030029297,0.02831973508000374,0.012942474335432053,1.2942474335432053
32,1049,32,1.2673678398132324,0.013348907232284546,0.010532780550420284,1.0532780550420284
32,1050,32,1.290683627128601,0.012060817331075668,0.00934451911598444,0.934451911598444
32,1051,32,1.2706713676452637,0.013570735231041908,0.010679972358047962,1.0679972358047962
32,1052,32,2.482865810394287,0.03188903629779816,0.012843640521168709,1.2843640521168709
32,1053,32,1.63956880569458,0.020170023664832115,0.012302028946578503,1.2302028946578503
32,1054,32,1.397507667541504,0.015605844557285309,0.011166911572217941,1.1166911572217941
32,1055,32,1.586120367050171,0.019163209944963455,0.0120818130671978,1.20818130671978
32,1056,33,1.409290075302124,0.013989238068461418,0.009926442988216877,0.9926442988216877
32,1057,33,1.7022781372070312,0.01269492320716381,0.007457607891410589,0.7457607891410589
32,1058,33,1.8633570671081543,0.01731191948056221,0.009290714748203754,0.9290714748203754
32,1059,33,1.2864327430725098,0.01123904250562191,0.008736595511436462,0.8736595511436462
32,1060,33,1.2862310409545898,0.014099417254328728,0.010961807332932949,1.096180733293295
32,1061,33,2.290005922317505,0.024344641715288162,0.010630820877850056,1.0630820877850056
32,1062,33,1.4320943355560303,0.006454420741647482,0.0045069800689816475,0.45069800689816475
32,1063,33,1.6290959119796753,0.016008608043193817,0.00982668250799179,0.9826682507991791
32,1064,33,1.3047634363174438,0.011211393401026726,0.008592663332819939,0.8592663332819939
32,1065,33,1.7021363973617554,0.024146413430571556,0.014185945503413677,1.4185945503413677
32,1066,33,2.1515920162200928,0.015098443254828453,0.0070173353888094425,0.7017335388809443
32,1067,33,1.4916541576385498,0.01898573525249958,0.012727973982691765,1.2727973982691765
32,1068,33,2.1069717407226562,0.025987286120653152,0.012333950959146023,1.2333950959146023
32,1069,33,1.2347041368484497,0.013571611605584621,0.010991792194545269,1.099179219454527
32,1070,33,1.356412649154663,0.01287749782204628,0.009493790566921234,0.9493790566921234
32,1071,33,2.0456862449645996,0.018446238711476326,0.009017139673233032,0.9017139673233032
32,1072,33,2.0377538204193115,0.020899761468172073,0.010256273671984673,1.0256273671984673
32,1073,33,1.7930002212524414,0.022822989150881767,0.012728937901556492,1.2728937901556492
32,1074,33,1.1949292421340942,0.014600276947021484,0.012218528427183628,1.2218528427183628
32,1075,33,1.981149435043335,0.023015381768345833,0.011617186479270458,1.1617186479270458
32,1076,33,2.479423999786377,0.024091264232993126,0.009716476313769817,0.9716476313769817
32,1077,33,2.0946693420410156,0.019208300858736038,0.009170087054371834,0.9170087054371834
32,1078,33,2.5038623809814453,0.027205368503928185,0.010865360498428345,1.0865360498428345
32,1079,33,1.627216100692749,0.02156507968902588,0.0132527444511652,1.32527444511652
32,1080,33,1.4034051895141602,0.02230021171271801,0.015890073031187057,1.5890073031187057
32,1081,33,1.7262067794799805,0.01467663049697876,0.008502244018018246,0.8502244018018246
32,1082,33,1.3929797410964966,0.014194030314683914,0.010189688764512539,1.018968876451254
32,1083,33,1.907362699508667,0.019332170486450195,0.010135550051927567,1.0135550051927567
32,1084,33,1.6438038349151611,0.016336504369974136,0.009938232600688934,0.9938232600688934
32,1085,33,1.3697013854980469,0.011117405258119106,0.008116663433611393,0.8116663433611393
32,1086,33,2.008496046066284,0.033125441521406174,0.016492659226059914,1.6492659226059914
32,1087,33,1.5529123544692993,0.023549415171146393,0.015164677985012531,1.5164677985012531
32,1088,34,1.6783527135849,0.015472594648599625,0.009218917228281498,0.9218917228281498
32,1089,34,1.6457270383834839,0.0234728641808033,0.014262914657592773,1.4262914657592773
32,1090,34,1.4758694171905518,0.026166854426264763,0.01772978901863098,1.7729789018630981
32,1091,34,1.374090313911438,0.010140798054635525,0.007380008231848478,0.7380008231848478
32,1092,34,2.151041269302368,0.02059471234679222,0.00957429874688387,0.9574298746883869
32,1093,34,1.5935187339782715,0.016250336542725563,0.010197768919169903,1.0197768919169903
32,1094,34,2.0038888454437256,0.015520947054028511,0.007745413109660149,0.7745413109660149
32,1095,34,1.9270045757293701,0.02103017270565033,0.010913400910794735,1.0913400910794735
32,1096,34,1.2400577068328857,0.010952461510896683,0.008832219056785107,0.8832219056785107
32,1097,34,2.082486152648926,0.026410259306430817,0.012682081200182438,1.2682081200182438
32,1098,34,1.3446505069732666,0.017513012513518333,0.01302421186119318,1.302421186119318
32,1099,34,1.4228618144989014,0.007697699591517448,0.005410011857748032,0.5410011857748032
32,1100,34,1.1639463901519775,0.015019196085631847,0.012903683818876743,1.2903683818876743
32,1101,34,1.8300561904907227,0.019751831889152527,0.010793019086122513,1.0793019086122513
32,1102,34,1.4333341121673584,0.014459784142673016,0.010088215582072735,1.0088215582072735
32,1103,34,1.568946123123169,0.017179416492581367,0.010949653573334217,1.0949653573334217
32,1104,34,1.5542933940887451,0.018361177295446396,0.011813199147582054,1.1813199147582054
32,1105,34,1.770899772644043,0.013768961653113365,0.007775121834129095,0.7775121834129095
32,1106,34,1.5438158512115479,0.01394626498222351,0.009033632464706898,0.9033632464706898
32,1107,34,1.4264509677886963,0.012996479868888855,0.009111059829592705,0.9111059829592705
32,1108,34,1.3467601537704468,0.014192677102982998,0.01053838524967432,1.053838524967432
32,1109,34,1.372897744178772,0.014906077645719051,0.010857383720576763,1.0857383720576763
32,1110,34,1.7190721035003662,0.0155494911596179,0.009045281447470188,0.9045281447470188
32,1111,34,1.2692197561264038,0.013690437190234661,0.01078649889677763,1.078649889677763
32,1112,34,1.6729713678359985,0.017446767538785934,0.010428611189126968,1.0428611189126968
32,1113,34,1.2196894884109497,0.007996202446520329,0.00655593303963542,0.655593303963542
32,1114,34,1.4841645956039429,0.010754956863820553,0.0072464719414711,0.72464719414711
32,1115,34,1.2625129222869873,0.018575850874185562,0.014713394455611706,1.4713394455611706
32,1116,34,2.0349576473236084,0.02348405122756958,0.011540314182639122,1.1540314182639122
32,1117,34,2.9988932609558105,0.027976136654615402,0.009328820742666721,0.9328820742666721
32,1118,34,2.1538445949554443,0.025814838707447052,0.011985469609498978,1.1985469609498978
32,1119,34,1.1953604221343994,0.01059359684586525,0.008862261660397053,0.8862261660397053
32,1120,35,1.8881474733352661,0.016987580806016922,0.00899695698171854,0.899695698171854
32,1121,35,1.83722984790802,0.020965173840522766,0.01141129620373249,1.141129620373249
32,1122,35,1.9761079549789429,0.022242030128836632,0.011255472898483276,1.1255472898483276
32,1123,35,1.5562081336975098,0.01769952103495598,0.011373491957783699,1.13734919577837
32,1124,35,1.510963797569275,0.021846506744623184,0.014458656311035156,1.4458656311035156
32,1125,35,1.7428953647613525,0.019909046590328217,0.01142297312617302,1.142297312617302
32,1126,35,2.4390177726745605,0.03599110618233681,0.014756393618881702,1.4756393618881702
32,1127,35,1.7890713214874268,0.02747158892452717,0.01535522285848856,1.535522285848856
32,1128,35,1.4603978395462036,0.015146078541874886,0.010371200740337372,1.0371200740337372
32,1129,35,1.660004734992981,0.02181188203394413,0.013139650225639343,1.3139650225639343
32,1130,35,1.3701893091201782,0.006116499193012714,0.004463980905711651,0.4463980905711651
32,1131,35,1.9912302494049072,0.020575739443302155,0.010333179496228695,1.0333179496228695
32,1132,35,1.3621081113815308,0.011891854926943779,0.008730477653443813,0.8730477653443813
32,1133,35,1.8779280185699463,0.01648511365056038,0.008778352290391922,0.8778352290391922
32,1134,35,1.4566081762313843,0.018142536282539368,0.012455330230295658,1.2455330230295658
32,1135,35,1.6320970058441162,0.017316052690148354,0.010609695687890053,1.0609695687890053
32,1136,35,1.4051179885864258,0.020694011822342873,0.014727597124874592,1.4727597124874592
32,1137,35,1.0768307447433472,0.015496290288865566,0.014390646480023861,1.439064648002386
32,1138,35,1.9249191284179688,0.02681036666035652,0.013928048312664032,1.3928048312664032
32,1139,35,1.737872838973999,0.016989003866910934,0.009775746613740921,0.9775746613740921
32,1140,35,1.4949694871902466,0.011284212581813335,0.007548122201114893,0.7548122201114893
32,1141,35,1.2385406494140625,0.009780285879969597,0.007896620780229568,0.7896620780229568
32,1142,35,1.151214361190796,0.017721891403198242,0.015394085086882114,1.5394085086882114
32,1143,35,2.778035879135132,0.05668959394097328,0.020406357944011688,2.040635794401169
32,1144,35,2.080742835998535,0.028563816100358963,0.013727701269090176,1.3727701269090176
32,1145,35,1.4575811624526978,0.02024073153734207,0.013886520639061928,1.3886520639061928
32,1146,35,2.3701488971710205,0.027237914502620697,0.011492068879306316,1.1492068879306316
32,1147,35,1.8886919021606445,0.03117695078253746,0.016507165506482124,1.6507165506482124
32,1148,35,3.00797176361084,0.03970416262745857,0.013199646025896072,1.3199646025896072
32,1149,35,1.4515588283538818,0.008558450266718864,0.005896040704101324,0.5896040704101324
32,1150,35,1.3071526288986206,0.015131233260035515,0.011575720272958279,1.1575720272958279
32,1151,35,1.9438180923461914,0.018553974106907845,0.009545118547976017,0.9545118547976017
32,1152,36,1.8279920816421509,0.01463884487748146,0.008008155971765518,0.8008155971765518
32,1153,36,2.38742733001709,0.024215368553996086,0.010142871178686619,1.0142871178686619
32,1154,36,1.5806254148483276,0.013433719053864479,0.00849898997694254,0.8498989976942539
32,1155,36,1.0833666324615479,0.01002516783773899,0.00925371702760458,0.925371702760458
32,1156,36,1.8855867385864258,0.02968308888375759,0.015742097049951553,1.5742097049951553
32,1157,36,1.942589521408081,0.019957778975367546,0.010273801162838936,1.0273801162838936
32,1158,36,1.537807822227478,0.010047432035207748,0.00653360690921545,0.653360690921545
32,1159,36,1.9813753366470337,0.017618726938962936,0.008892170153558254,0.8892170153558254
32,1160,36,1.6513046026229858,0.016824962571263313,0.010188890621066093,1.0188890621066093
32,1161,36,1.5908734798431396,0.025092996656894684,0.015773093327879906,1.5773093327879906
32,1162,36,1.6419597864151,0.016176292672753334,0.009851819835603237,0.9851819835603237
32,1163,36,1.5187156200408936,0.02441447786986828,0.01607573963701725,1.607573963701725
32,1164,36,1.3823151588439941,0.02006460539996624,0.014515217393636703,1.4515217393636703
32,1165,36,2.0779497623443604,0.02721640095114708,0.013097718358039856,1.3097718358039856
32,1166,36,1.1764721870422363,0.013100848533213139,0.0111357057467103,1.11357057467103
32,1167,36,2.1170451641082764,0.01777813769876957,0.008397618308663368,0.8397618308663368
32,1168,36,1.5931074619293213,0.017215250059962273,0.01080608181655407,1.080608181655407
32,1169,36,2.3154401779174805,0.019152391701936722,0.008271598257124424,0.8271598257124424
32,1170,36,1.673506259918213,0.02810690738260746,0.016795221716165543,1.6795221716165543
32,1171,36,1.3741933107376099,0.012483629398047924,0.00908433273434639,0.908433273434639
32,1172,36,2.9021453857421875,0.03753932937979698,0.012935027480125427,1.2935027480125427
32,1173,36,1.4668188095092773,0.013312242925167084,0.00907558761537075,0.907558761537075
32,1174,36,1.1663992404937744,0.011273914016783237,0.009665570221841335,0.9665570221841335
32,1175,36,1.308119535446167,0.006384746637195349,0.004880858585238457,0.4880858585238457
32,1176,36,1.2256672382354736,0.011120302602648735,0.009072856046259403,0.9072856046259403
32,1177,36,1.63430917263031,0.014289651066064835,0.00874354224652052,0.8743542246520519
32,1178,36,1.6330153942108154,0.01817009039223194,0.011126711033284664,1.1126711033284664
32,1179,36,1.37168550491333,0.01472161803394556,0.010732502676546574,1.0732502676546574
32,1180,36,1.9371225833892822,0.017202401533722878,0.008880388922989368,0.8880388922989368
32,1181,36,1.2196441888809204,0.013833308592438698,0.011342085897922516,1.1342085897922516
32,1182,36,2.07673716545105,0.024911023676395416,0.011995269916951656,1.1995269916951656
32,1183,36,2.036921739578247,0.01604839600622654,0.007878749631345272,0.7878749631345272
32,1184,37,1.4423748254776,0.01605897955596447,0.01113370805978775,1.113370805978775
32,1185,37,1.340938925743103,0.013978210277855396,0.010424195788800716,1.0424195788800716
32,1186,37,1.426227331161499,0.02082594484090805,0.014602121897041798,1.4602121897041798
32,1187,37,1.2208890914916992,0.014315388165414333,0.011725380085408688,1.1725380085408688
32,1188,37,1.8972480297088623,0.019855644553899765,0.010465497151017189,1.046549715101719
32,1189,37,1.416465163230896,0.017370570451021194,0.012263323180377483,1.2263323180377483
32,1190,37,1.6409964561462402,0.019130267202854156,0.011657713912427425,1.1657713912427425
32,1191,37,1.4645302295684814,0.014809135347604752,0.01011186745017767,1.011186745017767
32,1192,37,1.473414659500122,0.015760837122797966,0.01069681067019701,1.069681067019701
32,1193,37,1.3180855512619019,0.012912090867757797,0.009796095080673695,0.9796095080673695
32,1194,37,2.0948121547698975,0.02257487177848816,0.010776561684906483,1.0776561684906483
32,1195,37,1.9829803705215454,0.015125504694879055,0.007627662271261215,0.7627662271261215
32,1196,37,1.917378306388855,0.02308463118970394,0.012039685621857643,1.2039685621857643
32,1197,37,1.4411113262176514,0.015158912166953087,0.010518904775381088,1.0518904775381088
32,1198,37,1.620133638381958,0.01517792884260416,0.009368319064378738,0.9368319064378738
32,1199,37,2.5043418407440186,0.025930017232894897,0.010354024358093739,1.0354024358093739
32,1200,37,1.634685754776001,0.021372003480792046,0.013074074871838093,1.3074074871838093
32,1201,37,1.422303557395935,0.01416691206395626,0.009960540570318699,0.9960540570318699
32,1202,37,2.3562827110290527,0.025746069848537445,0.010926562361419201,1.09265623614192
32,1203,37,2.2887039184570312,0.02718716859817505,0.011878849007189274,1.1878849007189274
32,1204,37,1.6288923025131226,0.012744026258587837,0.00782373733818531,0.782373733818531
32,1205,37,1.7887452840805054,0.01220338698476553,0.006822316907346249,0.6822316907346249
32,1206,37,1.1540064811706543,0.007194750010967255,0.0062345839105546474,0.6234583910554647
32,1207,37,1.4277592897415161,0.014195142313838005,0.009942252188920975,0.9942252188920975
32,1208,37,2.298963785171509,0.024563273414969444,0.010684497654438019,1.0684497654438019
32,1209,37,2.248892307281494,0.02064841240644455,0.009181592613458633,0.9181592613458633
32,1210,37,1.3541004657745361,0.009517860598862171,0.007028917782008648,0.7028917782008648
32,1211,37,1.1927430629730225,0.011497859843075275,0.009639846161007881,0.9639846161007881
32,1212,37,1.6857112646102905,0.020178325474262238,0.011970214545726776,1.1970214545726776
32,1213,37,1.5249110460281372,0.024145200848579407,0.015833841636776924,1.5833841636776924
32,1214,37,1.4017431735992432,0.017891786992549896,0.01276395469903946,1.276395469903946
32,1215,37,1.3418595790863037,0.014706475660204887,0.010959772393107414,1.0959772393107414
32,1216,38,1.5878653526306152,0.009998217225074768,0.006296640262007713,0.6296640262007713
32,1217,38,1.0534083843231201,0.008831431157886982,0.008383672684431076,0.8383672684431076
32,1218,38,1.9257971048355103,0.025796709582209587,0.013395341113209724,1.3395341113209724
32,1219,38,1.970939040184021,0.020358264446258545,0.010329220443964005,1.0329220443964005
32,1220,38,1.3550976514816284,0.00935959443449974,0.006906951777637005,0.6906951777637005
32,1221,38,1.7965792417526245,0.02442891150712967,0.013597458600997925,1.3597458600997925
32,1222,38,1.50396728515625,0.01626594550907612,0.010815358720719814,1.0815358720719814
32,1223,38,1.4700038433074951,0.013965224847197533,0.009500128217041492,0.9500128217041492
32,1224,38,1.83176589012146,0.019171269610524178,0.010466004721820354,1.0466004721820354
32,1225,38,1.1462109088897705,0.012451843358576298,0.010863483883440495,1.0863483883440495
32,1226,38,2.6755259037017822,0.028866063803434372,0.01078893058001995,1.078893058001995
32,1227,38,1.8596222400665283,0.016091564670205116,0.008653135970234871,0.8653135970234871
32,1228,38,1.9500178098678589,0.02909809537231922,0.014921964146196842,1.4921964146196842
32,1229,38,1.3124682903289795,0.013057470321655273,0.0099487891420722,0.9948789142072201
32,1230,38,1.5691944360733032,0.014089720323681831,0.008978950791060925,0.8978950791060925
32,1231,38,1.8693265914916992,0.014957898296415806,0.00800175778567791,0.800175778567791
32,1232,38,1.4478486776351929,0.01270207017660141,0.00877306517213583,0.877306517213583
32,1233,38,1.8597468137741089,0.013261520303785801,0.00713082030415535,0.713082030415535
32,1234,38,1.2109174728393555,0.0062765455804765224,0.005183297675102949,0.5183297675102949
32,1235,38,1.488783359527588,0.01281984243541956,0.008610952645540237,0.8610952645540237
32,1236,38,1.7091801166534424,0.014793828129768372,0.008655511774122715,0.8655511774122715
32,1237,38,1.2327871322631836,0.01732013188302517,0.014049571938812733,1.4049571938812733
32,1238,38,1.6941133737564087,0.017767254263162613,0.010487642139196396,1.0487642139196396
32,1239,38,1.3918794393539429,0.023521848022937775,0.016899343580007553,1.6899343580007553
32,1240,38,1.7824182510375977,0.015914762392640114,0.008928747847676277,0.8928747847676277
32,1241,38,1.8443129062652588,0.023763667792081833,0.0128848347812891,1.28848347812891
32,1242,38,1.8814417123794556,0.028284018859267235,0.015033162198960781,1.503316219896078
32,1243,38,1.1400253772735596,0.01146798487752676,0.010059411637485027,1.0059411637485027
32,1244,38,1.9712222814559937,0.02106628566980362,0.01068691536784172,1.068691536784172
32,1245,38,1.24189031124115,0.00953945703804493,0.007681400515139103,0.7681400515139103
32,1246,38,1.4235203266143799,0.013164861127734184,0.009248102083802223,0.9248102083802223
32,1247,38,1.3779911994934082,0.010489189997315407,0.0076119424775242805,0.761194247752428
32,1248,39,1.3305702209472656,0.016562599688768387,0.01244774553924799,1.244774553924799
32,1249,39,1.414930820465088,0.010758212767541409,0.0076033491641283035,0.7603349164128304
32,1250,39,1.5767953395843506,0.016258884221315384,0.010311347432434559,1.0311347432434559
32,1251,39,1.3989382982254028,0.014297839254140854,0.01022049318999052,1.022049318999052
32,1252,39,1.6008566617965698,0.023591507226228714,0.014736801385879517,1.4736801385879517
32,1253,39,1.100866675376892,0.011405901052057743,0.010360837914049625,1.0360837914049625
32,1254,39,1.4892382621765137,0.023474471643567085,0.01576273702085018,1.5762737020850182
32,1255,39,1.8226878643035889,0.020876668393611908,0.0114537812769413,1.14537812769413
32,1256,39,1.9159467220306396,0.0180453322827816,0.009418494068086147,0.9418494068086147
32,1257,39,1.8670499324798584,0.01733173243701458,0.009282950311899185,0.9282950311899185
32,1258,39,1.7956584692001343,0.0190281942486763,0.010596778243780136,1.0596778243780136
32,1259,39,1.931609869003296,0.018700385466217995,0.00968124344944954,0.9681243449449539
32,1260,39,1.3421649932861328,0.021048802882432938,0.015682723373174667,1.5682723373174667
32,1261,39,1.7168790102005005,0.022195853292942047,0.012928023934364319,1.2928023934364319
32,1262,39,1.1082712411880493,0.01385338045656681,0.012499990873038769,1.2499990873038769
32,1263,39,1.3335270881652832,0.020319022238254547,0.01523705292493105,1.523705292493105
32,1264,39,1.6741106510162354,0.017855145037174225,0.010665451176464558,1.0665451176464558
32,1265,39,2.168067216873169,0.03161260113120079,0.014581006020307541,1.458100602030754
32,1266,39,1.4499146938323975,0.014305426739156246,0.009866392239928246,0.9866392239928246
32,1267,39,1.7293590307235718,0.016891032457351685,0.009767221286892891,0.9767221286892891
32,1268,39,1.282588005065918,0.012804079800844193,0.00998300313949585,0.998300313949585
32,1269,39,1.3640109300613403,0.010021575726568699,0.007347137201577425,0.7347137201577425
32,1270,39,1.2572635412216187,0.01754782721400261,0.013957158662378788,1.3957158662378788
32,1271,39,1.3825427293777466,0.01408497802913189,0.010187733918428421,1.018773391842842
32,1272,39,1.3154555559158325,0.010976694524288177,0.008344405330717564,0.8344405330717564
32,1273,39,1.4857244491577148,0.016618162393569946,0.01118522509932518,1.118522509932518
32,1274,39,1.5298166275024414,0.014505214989185333,0.009481669403612614,0.9481669403612614
32,1275,39,2.0375075340270996,0.021874403581023216,0.010735863819718361,1.073586381971836
32,1276,39,1.325648307800293,0.010517553426325321,0.00793389417231083,0.7933894172310829
32,1277,39,1.6561692953109741,0.0203145369887352,0.012265978381037712,1.2265978381037712
32,1278,39,1.5006928443908691,0.016080453991889954,0.010715353302657604,1.0715353302657604
32,1279,39,1.4859461784362793,0.014946348965168,0.010058472864329815,1.0058472864329815
32,1280,40,1.3176906108856201,0.01244091521948576,0.009441453963518143,0.9441453963518143
32,1281,40,1.3787741661071777,0.014715366065502167,0.010672789067029953,1.0672789067029953
32,1282,40,2.5822815895080566,0.029372990131378174,0.011374820955097675,1.1374820955097675
32,1283,40,1.1811864376068115,0.010459891520440578,0.008855410851538181,0.8855410851538181
32,1284,40,1.1465272903442383,0.017017748206853867,0.014842863194644451,1.4842863194644451
32,1285,40,1.2640308141708374,0.01167183555662632,0.009233822114765644,0.9233822114765644
32,1286,40,1.7586320638656616,0.01656346209347248,0.009418378584086895,0.9418378584086895
32,1287,40,1.2729679346084595,0.010388323105871677,0.008160710334777832,0.8160710334777832
32,1288,40,2.078221559524536,0.017506113275885582,0.008423603139817715,0.8423603139817715
32,1289,40,1.113716721534729,0.011247340589761734,0.010098923929035664,1.0098923929035664
32,1290,40,1.4610857963562012,0.011605734005570412,0.007943225093185902,0.7943225093185902
32,1291,40,1.706167459487915,0.0144230667501688,0.00845348834991455,0.8453488349914551
32,1292,40,1.540372610092163,0.01569458842277527,0.010188826359808445,1.0188826359808445
32,1293,40,1.7061917781829834,0.020443394780158997,0.011981885880231857,1.1981885880231857
32,1294,40,1.254708170890808,0.007695040665566921,0.006132932845503092,0.6132932845503092
32,1295,40,1.0806241035461426,0.010367950424551964,0.009594409726560116,0.9594409726560116
32,1296,40,1.4362303018569946,0.02008937858045101,0.013987574726343155,1.3987574726343155
32,1297,40,1.2766698598861694,0.014516043476760387,0.011370240710675716,1.1370240710675716
32,1298,40,1.4029587507247925,0.015161066316068172,0.010806494392454624,1.0806494392454624
32,1299,40,2.0138044357299805,0.014921539463102818,0.007409627083688974,0.7409627083688974
32,1300,40,1.5136971473693848,0.01576068252325058,0.010412044823169708,1.0412044823169708
32,1301,40,1.5903096199035645,0.016663361340761185,0.010478060692548752,1.0478060692548752
32,1302,40,1.5832371711730957,0.02077980525791645,0.01312488503754139,1.312488503754139
32,1303,40,2.110219717025757,0.028161052614450455,0.013345080427825451,1.334508042782545
32,1304,40,1.3592044115066528,0.006684795022010803,0.004918167367577553,0.4918167367577553
32,1305,40,1.3363771438598633,0.016124024987220764,0.01206547487527132,1.206547487527132
32,1306,40,1.2942125797271729,0.01264934428036213,0.009773775935173035,0.9773775935173035
32,1307,40,1.466068983078003,0.02262883260846138,0.015435039065778255,1.5435039065778255
32,1308,40,1.74782133102417,0.021509941667318344,0.012306716293096542,1.2306716293096542
32,1309,40,1.24081552028656,0.009207245893776417,0.007420318201184273,0.7420318201184273
32,1310,40,2.0791893005371094,0.025740157812833786,0.012379901483654976,1.2379901483654976
32,1311,40,1.9904100894927979,0.017262909561395645,0.008673042058944702,0.8673042058944702
32,1312,41,1.5939545631408691,0.02084159292280674,0.013075399212539196,1.3075399212539196
32,1313,41,1.3431874513626099,0.01621299795806408,0.012070540338754654,1.2070540338754654
32,1314,41,1.5831072330474854,0.01637982577085495,0.010346630588173866,1.0346630588173866
32,1315,41,3.277391195297241,0.04353718459606171,0.01328409742563963,1.328409742563963
32,1316,41,1.6165918111801147,0.025355173274874687,0.01568433828651905,1.568433828651905
32,1317,41,1.4656968116760254,0.017806384712457657,0.012148750014603138,1.2148750014603138
32,1318,41,1.5593791007995605,0.017833644524216652,0.011436374858021736,1.1436374858021736
32,1319,41,1.9319342374801636,0.020724568516016006,0.010727367363870144,1.0727367363870144
32,1320,41,1.3934290409088135,0.013224131427705288,0.00949035119265318,0.9490351192653179
32,1321,41,1.561968207359314,0.02526712603867054,0.016176465898752213,1.6176465898752213
32,1322,41,1.831956148147583,0.023994911462068558,0.013097972609102726,1.3097972609102726
32,1323,41,1.1456985473632812,0.017023174092173576,0.014858336187899113,1.4858336187899113
32,1324,41,1.6961714029312134,0.017347197979688644,0.010227266699075699,1.0227266699075699
32,1325,41,2.027683734893799,0.020832184702157974,0.010273882187902927,1.0273882187902927
32,1326,41,2.178438901901245,0.024961477145552635,0.011458423919975758,1.1458423919975758
32,1327,41,1.7954684495925903,0.031290631741285324,0.017427558079361916,1.7427558079361916
32,1328,41,1.302024245262146,0.008084500208497047,0.0062091778963804245,0.6209177896380424
32,1329,41,1.7134150266647339,0.016298187896609306,0.009512107819318771,0.9512107819318771
32,1330,41,1.5671488046646118,0.023937668651342392,0.015274662524461746,1.5274662524461746
32,1331,41,1.5645573139190674,0.015596553683280945,0.009968669153749943,0.9968669153749943
32,1332,41,1.7576282024383545,0.02973591908812523,0.016918208450078964,1.6918208450078964
32,1333,41,1.6312763690948486,0.016036754474043846,0.009830801747739315,0.9830801747739315
32,1334,41,2.007019281387329,0.022122861817479134,0.011022744700312614,1.1022744700312614
32,1335,41,2.0710790157318115,0.028512105345726013,0.013766787946224213,1.3766787946224213
32,1336,41,1.898021936416626,0.030443888157606125,0.01603979803621769,1.603979803621769
32,1337,41,1.0450928211212158,0.01033727452158928,0.009891250170767307,0.9891250170767307
32,1338,41,1.8262802362442017,0.014130767434835434,0.0077374582178890705,0.773745821788907
32,1339,41,1.27201509475708,0.01762797124683857,0.013858303427696228,1.3858303427696228
32,1340,41,1.7112873792648315,0.02762613818049431,0.01614348217844963,1.614348217844963
32,1341,41,1.5944362878799438,0.016939032822847366,0.010623837821185589,1.0623837821185589
32,1342,41,1.7320636510849,0.036411140114068985,0.021021826192736626,2.1021826192736626
32,1343,41,1.5916353464126587,0.014016972854733467,0.008806648664176464,0.8806648664176464
32,1344,42,1.6111674308776855,0.01423670258373022,0.008836264722049236,0.8836264722049236
32,1345,42,1.4227516651153564,0.019483042880892754,0.013693916611373425,1.3693916611373425
32,1346,42,1.550911784172058,0.013146949000656605,0.008476915769279003,0.8476915769279003
32,1347,42,1.2507085800170898,0.01728910207748413,0.01382344588637352,1.382344588637352
32,1348,42,1.0939043760299683,0.01971604861319065,0.01802355796098709,1.802355796098709
32,1349,42,1.677703619003296,0.017421983182430267,0.010384422726929188,1.0384422726929188
32,1350,42,1.3092374801635742,0.017290322110056877,0.013206406496465206,1.3206406496465206
32,1351,42,1.3720098733901978,0.01472713053226471,0.010733982548117638,1.0733982548117638
32,1352,42,1.4338792562484741,0.013928307220339775,0.009713724255561829,0.9713724255561829
32,1353,42,1.6225630044937134,0.014653482474386692,0.009031071327626705,0.9031071327626705
32,1354,42,1.846174716949463,0.013609050773084164,0.007371485698968172,0.7371485698968172
32,1355,42,1.640292763710022,0.01552683673799038,0.009465893730521202,0.9465893730521202
32,1356,42,1.7259190082550049,0.015742141753435135,0.009121020324528217,0.9121020324528217
32,1357,42,1.7300190925598145,0.011485623195767403,0.006639015395194292,0.6639015395194292
32,1358,42,1.6077953577041626,0.009229855611920357,0.005740690510720015,0.5740690510720015
32,1359,42,1.6228760480880737,0.02123129740357399,0.013082513585686684,1.3082513585686684
32,1360,42,1.9608603715896606,0.011352567933499813,0.005789584945887327,0.5789584945887327
32,1361,42,1.7418339252471924,0.01602226309478283,0.009198501706123352,0.9198501706123352
32,1362,42,1.799229383468628,0.0162302628159523,0.009020674973726273,0.9020674973726273
32,1363,42,1.4471354484558105,0.019994402304291725,0.013816538266837597,1.3816538266837597
32,1364,42,1.200523018836975,0.015928607434034348,0.013268056325614452,1.3268056325614452
32,1365,42,1.8888459205627441,0.019945811480283737,0.010559787042438984,1.0559787042438984
32,1366,42,1.5190811157226562,0.014473123475909233,0.009527551010251045,0.9527551010251045
32,1367,42,2.166546106338501,0.03326617181301117,0.01535447221249342,1.535447221249342
32,1368,42,1.8880438804626465,0.02597447857260704,0.013757348991930485,1.3757348991930485
32,1369,42,2.2011992931365967,0.026334863156080246,0.011963870376348495,1.1963870376348495
32,1370,42,1.2929267883300781,0.010655899532139301,0.008241687901318073,0.8241687901318073
32,1371,42,1.4047331809997559,0.015249048359692097,0.01085547637194395,1.085547637194395
32,1372,42,1.7750195264816284,0.013201368972659111,0.0074373092502355576,0.7437309250235558
32,1373,42,1.9106634855270386,0.018536843359470367,0.009701783768832684,0.9701783768832684
32,1374,42,1.9221551418304443,0.016748102381825447,0.008713189512491226,0.8713189512491226
32,1375,42,1.6911410093307495,0.01445489376783371,0.008547420613467693,0.8547420613467693
32,1376,43,2.1567413806915283,0.03143789991736412,0.014576573856174946,1.4576573856174946
32,1377,43,2.859445333480835,0.03970153629779816,0.013884348794817924,1.3884348794817924
32,1378,43,1.5815988779067993,0.016871949657797813,0.010667653754353523,1.0667653754353523
32,1379,43,1.9570794105529785,0.021343860775232315,0.010905975475907326,1.0905975475907326
32,1380,43,2.073590040206909,0.020488398149609566,0.009880640543997288,0.9880640543997288
32,1381,43,2.0222275257110596,0.021078335121273994,0.010423325002193451,1.042332500219345
32,1382,43,1.4533213376998901,0.016032535582780838,0.011031651869416237,1.1031651869416237
32,1383,43,1.6097612380981445,0.015595105476677418,0.009687837213277817,0.9687837213277817
32,1384,43,1.3374110460281372,0.013138804584741592,0.009824058972299099,0.9824058972299099
32,1385,43,1.5904064178466797,0.02195003256201744,0.01380152441561222,1.380152441561222
32,1386,43,1.4464776515960693,0.014046073891222477,0.00971053633838892,0.971053633838892
32,1387,43,1.8850107192993164,0.024956388399004936,0.013239388354122639,1.3239388354122639
32,1388,43,1.7940768003463745,0.022324802353978157,0.012443616054952145,1.2443616054952145
32,1389,43,1.1765843629837036,0.008085784502327442,0.006872252095490694,0.6872252095490694
32,1390,43,1.4238157272338867,0.007984792813658714,0.005608024075627327,0.5608024075627327
32,1391,43,1.5707417726516724,0.015807930380105972,0.010063990950584412,1.0063990950584412
32,1392,43,2.046441078186035,0.017008962109684944,0.008311484009027481,0.8311484009027481
32,1393,43,1.534427523612976,0.017633646726608276,0.011492003686726093,1.1492003686726093
32,1394,43,1.408578634262085,0.013943674974143505,0.009899110533297062,0.9899110533297062
32,1395,43,1.71065092086792,0.01901238225400448,0.011114121414721012,1.1114121414721012
32,1396,43,1.236274242401123,0.00620421115309,0.005018474999815226,0.5018474999815226
32,1397,43,0.9651100635528564,0.006003995425999165,0.006221047602593899,0.6221047602593899
32,1398,43,1.5771657228469849,0.02366909384727478,0.01500735990703106,1.500735990703106
32,1399,43,1.8267650604248047,0.020560381934046745,0.011255077086389065,1.1255077086389065
32,1400,43,1.2634809017181396,0.015044610016047955,0.011907271109521389,1.190727110952139
32,1401,43,1.4316743612289429,0.01318584568798542,0.009210087358951569,0.9210087358951569
32,1402,43,1.6535824537277222,0.013032494112849236,0.007881369441747665,0.7881369441747665
32,1403,43,1.6116836071014404,0.013446835801005363,0.0083433473482728,0.83433473482728
32,1404,43,1.351324200630188,0.012844730168581009,0.00950529146939516,0.9505291469395161
32,1405,43,1.332972764968872,0.011207883246243,0.00840818602591753,0.840818602591753
32,1406,43,1.590267539024353,0.016607273370027542,0.010443069040775299,1.04430690407753
32,1407,43,1.4399302005767822,0.01688464730978012,0.0117260180413723,1.17260180413723
32,1408,44,1.7822495698928833,0.025820139795541763,0.014487387612462044,1.4487387612462044
32,1409,44,1.547879695892334,0.027574904263019562,0.017814630642533302,1.7814630642533302
32,1410,44,1.4277280569076538,0.01849386654794216,0.01295335404574871,1.295335404574871
32,1411,44,1.4531350135803223,0.02266535721719265,0.01559755764901638,1.559755764901638
32,1412,44,1.719773292541504,0.023353740572929382,0.013579546473920345,1.3579546473920345
32,1413,44,1.7843283414840698,0.022442487999796867,0.012577555142343044,1.2577555142343044
32,1414,44,1.3208460807800293,0.012788873165845871,0.009682334028184414,0.9682334028184414
32,1415,44,1.5519133806228638,0.021211078390479088,0.013667695224285126,1.3667695224285126
32,1416,44,1.8568150997161865,0.02478616312146187,0.013348751701414585,1.3348751701414585
32,1417,44,1.1811931133270264,0.01997855305671692,0.016913875937461853,1.6913875937461853
32,1418,44,1.4945907592773438,0.024216309189796448,0.016202636063098907,1.6202636063098907
32,1419,44,2.2001779079437256,0.02462172694504261,0.011190788820385933,1.1190788820385933
32,1420,44,2.4487626552581787,0.02927594818174839,0.01195540465414524,1.195540465414524
32,1421,44,1.0066885948181152,0.010880470275878906,0.010808179154992104,1.0808179154992104
32,1422,44,1.3565495014190674,0.012084032408893108,0.008907918818295002,0.8907918818295002
32,1423,44,2.1444005966186523,0.03693394362926483,0.017223434522747993,1.7223434522747993
32,1424,44,1.705166220664978,0.014983359724283218,0.008787037804722786,0.8787037804722786
32,1425,44,1.533453106880188,0.019174467772245407,0.012504111044108868,1.2504111044108868
32,1426,44,2.1082396507263184,0.033237308263778687,0.01576543226838112,1.5765432268381119
32,1427,44,1.4909979104995728,0.022002095356583595,0.014756623655557632,1.4756623655557632
32,1428,44,1.7815310955047607,0.024799112230539322,0.013920111581683159,1.3920111581683159
32,1429,44,2.1046721935272217,0.020810065791010857,0.009887556545436382,0.9887556545436382
32,1430,44,2.2794930934906006,0.03386127948760986,0.014854741282761097,1.4854741282761097
32,1431,44,1.5938156843185425,0.028203915804624557,0.017695846036076546,1.7695846036076546
32,1432,44,1.57781982421875,0.020237445831298828,0.012826208025217056,1.2826208025217056
32,1433,44,2.100782632827759,0.022106872871518135,0.010523160919547081,1.052316091954708
32,1434,44,1.2883285284042358,0.00921138096600771,0.007149869576096535,0.7149869576096535
32,1435,44,1.9222033023834229,0.012753081507980824,0.006634616293013096,0.6634616293013096
32,1436,44,1.1771495342254639,0.009036497212946415,0.0076765925623476505,0.767659256234765
32,1437,44,1.2584939002990723,0.013397331349551678,0.010645527392625809,1.0645527392625809
32,1438,44,2.3186233043670654,0.03254757076501846,0.014037455432116985,1.4037455432116985
32,1439,44,2.1257753372192383,0.03138274326920509,0.01476296316832304,1.476296316832304
32,1440,45,1.5129034519195557,0.014479144476354122,0.009570435620844364,0.9570435620844364
32,1441,45,1.3456569910049438,0.026584459468722343,0.01975574716925621,1.975574716925621
32,1442,45,1.1126747131347656,0.007913009263575077,0.007111700251698494,0.7111700251698494
32,1443,45,1.6159512996673584,0.024302534759044647,0.015039150603115559,1.5039150603115559
32,1444,45,1.2901731729507446,0.016897782683372498,0.013097298331558704,1.3097298331558704
32,1445,45,1.320866346359253,0.013449687510728836,0.010182473808526993,1.0182473808526993
32,1446,45,2.2226366996765137,0.04067249223589897,0.01829920895397663,1.8299208953976631
32,1447,45,1.336320161819458,0.014654362574219704,0.010966205969452858,1.0966205969452858
32,1448,45,1.7221041917800903,0.016244255006313324,0.009432794526219368,0.9432794526219368
32,1449,45,1.7844860553741455,0.027156250551342964,0.015217967331409454,1.5217967331409454
32,1450,45,1.5890302658081055,0.01722109317779541,0.010837486013770103,1.0837486013770103
32,1451,45,1.2683181762695312,0.014004576951265335,0.011041847988963127,1.1041847988963127
32,1452,45,1.6035690307617188,0.013902327045798302,0.008669615723192692,0.8669615723192692
32,1453,45,2.7472076416015625,0.02925446256995201,0.010648799128830433,1.0648799128830433
32,1454,45,1.9094696044921875,0.028548220172524452,0.014950864017009735,1.4950864017009735
32,1455,45,1.2774507999420166,0.011376856826245785,0.008905906230211258,0.8905906230211258
32,1456,45,2.529715061187744,0.022027794271707535,0.008707618340849876,0.8707618340849876
32,1457,45,1.7993141412734985,0.020638085901737213,0.011469973251223564,1.1469973251223564
32,1458,45,1.116959810256958,0.009983316995203495,0.008937937207520008,0.8937937207520008
32,1459,45,1.7122273445129395,0.029423637315630913,0.01718442142009735,1.718442142009735
32,1460,45,1.264057993888855,0.011286471970379353,0.008928760886192322,0.8928760886192322
32,1461,45,1.991410493850708,0.02567962184548378,0.012895192950963974,1.2895192950963974
32,1462,45,2.7115695476531982,0.03244810178875923,0.011966538615524769,1.1966538615524769
32,1463,45,1.7820435762405396,0.02880151942372322,0.016162073239684105,1.6162073239684105
32,1464,45,2.1753597259521484,0.018551692366600037,0.008528103120625019,0.8528103120625019
32,1465,45,2.009723663330078,0.03618956729769707,0.01800723560154438,1.800723560154438
32,1466,45,1.3830597400665283,0.021503984928131104,0.015548123978078365,1.5548123978078365
32,1467,45,1.8453881740570068,0.016433361917734146,0.008905097842216492,0.8905097842216492
32,1468,45,1.7530895471572876,0.019550181925296783,0.011151844635605812,1.1151844635605812
32,1469,45,1.6708881855010986,0.02103763446211815,0.012590689584612846,1.2590689584612846
32,1470,45,1.2703380584716797,0.010018570348620415,0.007886539213359356,0.7886539213359356
32,1471,45,1.4468148946762085,0.020625513046979904,0.014255806803703308,1.4255806803703308
32,1472,46,1.6392474174499512,0.027641067281365395,0.0168620478361845,1.6862047836184502
32,1473,46,1.5224791765213013,0.014219528995454311,0.009339720010757446,0.9339720010757446
32,1474,46,1.745363473892212,0.014381115324795246,0.008239610120654106,0.8239610120654106
32,1475,46,1.3699685335159302,0.015989121049642563,0.011671159416437149,1.167115941643715
32,1476,46,1.1910598278045654,0.008847692050039768,0.0074284193105995655,0.7428419310599566
32,1477,46,1.1819236278533936,0.016365380957722664,0.01384639460593462,1.384639460593462
32,1478,46,1.3771202564239502,0.013494463637471199,0.009799045510590076,0.9799045510590076
32,1479,46,1.6796847581863403,0.01274842768907547,0.007589774206280708,0.7589774206280708
32,1480,46,2.229613780975342,0.029515061527490616,0.013237746432423592,1.3237746432423592
32,1481,46,1.7039878368377686,0.019243376329541206,0.011293142102658749,1.1293142102658749
32,1482,46,2.4175214767456055,0.021798988804221153,0.009017081931233406,0.9017081931233406
32,1483,46,1.5899884700775146,0.013284510932862759,0.008355098776519299,0.8355098776519299
32,1484,46,1.701346516609192,0.013356576673686504,0.007850592024624348,0.7850592024624348
32,1485,46,1.4862918853759766,0.014426413923501968,0.009706312790513039,0.9706312790513039
32,1486,46,1.4203951358795166,0.011644352227449417,0.00819796696305275,0.819796696305275
32,1487,46,1.6011958122253418,0.011909888125956059,0.007438120897859335,0.7438120897859335
32,1488,46,1.6273467540740967,0.014549024403095245,0.008940334431827068,0.8940334431827068
32,1489,46,1.368406057357788,0.01567208766937256,0.011452805250883102,1.1452805250883102
32,1490,46,2.4004266262054443,0.020923051983118057,0.00871638860553503,0.871638860553503
32,1491,46,2.1648190021514893,0.029669295996427536,0.013705208897590637,1.3705208897590637
32,1492,46,2.0206456184387207,0.012724829837679863,0.006297408137470484,0.6297408137470484
32,1493,46,1.6815599203109741,0.015247315168380737,0.009067364037036896,0.9067364037036896
32,1494,46,1.2033387422561646,0.018242279067635536,0.015159720554947853,1.5159720554947853
32,1495,46,1.649152398109436,0.011408371850848198,0.006917718332260847,0.6917718332260847
32,1496,46,2.0607614517211914,0.023272547870874405,0.011293179355561733,1.1293179355561733
32,1497,46,1.8870748281478882,0.01674787327647209,0.008875044994056225,0.8875044994056225
32,1498,46,1.7327876091003418,0.015012412331998348,0.008663734421133995,0.8663734421133995
32,1499,46,1.2971045970916748,0.014072515070438385,0.010849175043404102,1.0849175043404102
32,1500,46,1.6254647970199585,0.020798133686184883,0.012795191258192062,1.2795191258192062
32,1501,46,1.8544604778289795,0.021368151530623436,0.011522570624947548,1.1522570624947548
32,1502,46,1.4823193550109863,0.012943670153617859,0.008732038550078869,0.8732038550078869
32,1503,46,1.1763627529144287,0.01822003908455372,0.015488453209400177,1.5488453209400177
32,1504,47,1.3371012210845947,0.01278637070208788,0.009562754072248936,0.9562754072248936
32,1505,47,2.869811534881592,0.03890599310398102,0.013556985184550285,1.3556985184550285
32,1506,47,1.5178273916244507,0.02695789374411106,0.01776084303855896,1.776084303855896
32,1507,47,1.9825425148010254,0.019149156287312508,0.00965888798236847,0.9658887982368469
32,1508,47,1.2247593402862549,0.015927014872431755,0.013004199601709843,1.3004199601709843
32,1509,47,1.0997912883758545,0.013768114149570465,0.012518842704594135,1.2518842704594135
32,1510,47,1.3547013998031616,0.012354519218206406,0.009119736030697823,0.9119736030697823
32,1511,47,2.1787750720977783,0.02651497721672058,0.0121696712449193,1.21696712449193
32,1512,47,1.856560468673706,0.025675656273961067,0.013829690404236317,1.3829690404236317
32,1513,47,1.4866944551467896,0.016370994970202446,0.01101167406886816,1.101167406886816
32,1514,47,1.2200708389282227,0.0062935976311564445,0.005158387124538422,0.5158387124538422
32,1515,47,1.8468976020812988,0.02754129469394684,0.014912193641066551,1.4912193641066551
32,1516,47,1.359037160873413,0.01308026909828186,0.009624659083783627,0.9624659083783627
32,1517,47,0.9789702296257019,0.010612750425934792,0.010840728878974915,1.0840728878974915
32,1518,47,1.564699411392212,0.020317142829298973,0.012984693981707096,1.2984693981707096
32,1519,47,2.8505265712738037,0.04055977240204811,0.014228870160877705,1.4228870160877705
32,1520,47,1.2814198732376099,0.01669357717037201,0.013027406297624111,1.3027406297624111
32,1521,47,1.7771869897842407,0.018782787024974823,0.0105688301846385,1.05688301846385
32,1522,47,1.2237272262573242,0.008616121485829353,0.007040883880108595,0.7040883880108595
32,1523,47,1.7883024215698242,0.020756572484970093,0.011606858111917973,1.1606858111917973
32,1524,47,1.4837586879730225,0.016665156930685043,0.011231716722249985,1.1231716722249985
32,1525,47,1.875247597694397,0.02019650489091873,0.010770047083497047,1.0770047083497047
32,1526,47,1.5930277109146118,0.01749533973634243,0.010982445441186428,1.0982445441186428
32,1527,47,1.6906497478485107,0.013509346172213554,0.007990623824298382,0.7990623824298382
32,1528,47,1.669022560119629,0.023339036852121353,0.013983655720949173,1.3983655720949173
32,1529,47,1.845555305480957,0.015986450016498566,0.00866213534027338,0.866213534027338
32,1530,47,1.5351217985153198,0.01872323825955391,0.012196581810712814,1.2196581810712814
32,1531,47,2.787144660949707,0.026627663522958755,0.009553742595016956,0.9553742595016956
32,1532,47,1.9748642444610596,0.03023926168680191,0.015312070958316326,1.5312070958316326
32,1533,47,1.5342990159988403,0.019679827615618706,0.012826591730117798,1.2826591730117798
32,1534,47,1.3927664756774902,0.024729644879698753,0.017755772918462753,1.7755772918462753
32,1535,47,1.248160481452942,0.0247210543602705,0.019805990159511566,1.9805990159511566
32,1536,48,1.4095784425735474,0.018094398081302643,0.012836744077503681,1.2836744077503681
32,1537,48,1.643540859222412,0.020978404209017754,0.012764151208102703,1.2764151208102703
32,1538,48,1.7975348234176636,0.025180064141750336,0.014008109457790852,1.4008109457790852
32,1539,48,1.335585117340088,0.014249911531805992,0.010669414885342121,1.0669414885342121
32,1540,48,1.6400096416473389,0.012263750657439232,0.0074778529815375805,0.747785298153758
32,1541,48,1.067158579826355,0.01181936077773571,0.011075543239712715,1.1075543239712715
32,1542,48,2.064387559890747,0.016145549714565277,0.007820988073945045,0.7820988073945045
32,1543,48,1.4139344692230225,0.016140799969434738,0.011415521614253521,1.141552161425352
32,1544,48,1.5182698965072632,0.017701443284749985,0.011658957228064537,1.1658957228064537
32,1545,48,1.5525243282318115,0.01936294324696064,0.012471909634768963,1.2471909634768963
32,1546,48,1.61122727394104,0.0300266295671463,0.01863587461411953,1.863587461411953
32,1547,48,1.3618955612182617,0.012087767012417316,0.008875693194568157,0.8875693194568157
32,1548,48,1.4187967777252197,0.017707400023937225,0.01248057559132576,1.248057559132576
32,1549,48,1.9072812795639038,0.015806160867214203,0.008287273347377777,0.8287273347377777
32,1550,48,1.2055855989456177,0.013143442571163177,0.010902123525738716,1.0902123525738716
32,1551,48,2.0314760208129883,0.03329586610198021,0.016389986500144005,1.6389986500144005
32,1552,48,1.4194978475570679,0.014294048771262169,0.010069792158901691,1.0069792158901691
32,1553,48,1.3447151184082031,0.010774172842502594,0.00801223423331976,0.8012234233319759
32,1554,48,1.6876800060272217,0.022276531904935837,0.013199499808251858,1.3199499808251858
32,1555,48,1.5320900678634644,0.017599061131477356,0.0114869624376297,1.14869624376297
32,1556,48,1.9328148365020752,0.01280724536627531,0.006626214366406202,0.6626214366406202
32,1557,48,1.6449471712112427,0.01419212855398655,0.008627710863947868,0.8627710863947868
32,1558,48,1.2776514291763306,0.012215055525302887,0.009560554288327694,0.9560554288327694
32,1559,48,1.5677151679992676,0.014424575492739677,0.009201018139719963,0.9201018139719963
32,1560,48,1.278696060180664,0.00900824461132288,0.007044867612421513,0.7044867612421513
32,1561,48,1.448341965675354,0.014686344191432,0.010140107944607735,1.0140107944607735
32,1562,48,1.3154606819152832,0.014326273463666439,0.010890689678490162,1.0890689678490162
32,1563,48,1.7230534553527832,0.017252672463655472,0.010012848302721977,1.0012848302721977
32,1564,48,1.3080570697784424,0.011910708621144295,0.009105648845434189,0.9105648845434189
32,1565,48,1.5021052360534668,0.018346387892961502,0.012213783338665962,1.2213783338665962
32,1566,48,2.50224232673645,0.03582290560007095,0.014316321350634098,1.4316321350634098
32,1567,48,2.071193218231201,0.025038229301571846,0.012088794261217117,1.2088794261217117
32,1568,49,1.491901159286499,0.018108829855918884,0.012138089165091515,1.2138089165091515
32,1569,49,1.1725281476974487,0.012010562233626842,0.010243304073810577,1.0243304073810577
32,1570,49,1.2470283508300781,0.02008918859064579,0.016109649091959,1.6109649091959
32,1571,49,1.171787977218628,0.016578568145632744,0.01414809562265873,1.414809562265873
32,1572,49,1.3540763854980469,0.018063025549054146,0.013339739292860031,1.3339739292860031
32,1573,49,1.5354828834533691,0.013201689347624779,0.00859774462878704,0.8597744628787041
32,1574,49,1.5257138013839722,0.017729995772242546,0.011620786972343922,1.1620786972343922
32,1575,49,1.4178800582885742,0.01432102918624878,0.010100310668349266,1.0100310668349266
32,1576,49,1.6780459880828857,0.012179783545434475,0.007258313242346048,0.7258313242346048
32,1577,49,1.0854432582855225,0.011662820354104042,0.010744753293693066,1.0744753293693066
32,1578,49,1.3410462141036987,0.015448971651494503,0.011520088650286198,1.1520088650286198
32,1579,49,1.3808033466339111,0.013777079060673714,0.009977581910789013,0.9977581910789013
32,1580,49,1.1559264659881592,0.00778185622766614,0.0067321378737688065,0.6732137873768806
32,1581,49,1.8504334688186646,0.027400486171245575,0.014807604253292084,1.4807604253292084
32,1582,49,1.6355512142181396,0.013428776524960995,0.008210550993680954,0.8210550993680954
32,1583,49,1.7206321954727173,0.01342706847935915,0.007803566753864288,0.7803566753864288
32,1584,49,2.0670504570007324,0.0251129399985075,0.012149166315793991,1.214916631579399
32,1585,49,1.168088436126709,0.010861290618777275,0.009298346005380154,0.9298346005380154
32,1586,49,1.0780730247497559,0.007996542379260063,0.007417440414428711,0.7417440414428711
32,1587,49,1.2734770774841309,0.012830164283514023,0.010074907913804054,1.0074907913804054
32,1588,49,1.1560990810394287,0.011566024273633957,0.01000435370951891,1.000435370951891
32,1589,49,2.5904834270477295,0.027023697271943092,0.01043191272765398,1.043191272765398
32,1590,49,1.3618950843811035,0.015471301972866058,0.011360127478837967,1.1360127478837967
32,1591,49,1.240308403968811,0.008964733220636845,0.007227825932204723,0.7227825932204723
32,1592,49,1.5606608390808105,0.020863382145762444,0.013368300162255764,1.3368300162255764
32,1593,49,1.6354248523712158,0.02036326192319393,0.012451359070837498,1.2451359070837498
32,1594,49,1.6620241403579712,0.020742865279316902,0.012480483390390873,1.2480483390390873
32,1595,49,1.6619776487350464,0.013091486878693104,0.007877053692936897,0.7877053692936897
32,1596,49,1.1834152936935425,0.016449294984340668,0.013899849727749825,1.3899849727749825
32,1597,49,1.1240860223770142,0.010390274226665497,0.009243308566510677,0.9243308566510677
32,1598,49,3.0350046157836914,0.034175314009189606,0.01126038283109665,1.126038283109665
32,1599,49,2.4551749229431152,0.0213689636439085,0.008703641593456268,0.8703641593456268
32,1600,50,2.10860276222229,0.01933349296450615,0.009168864227831364,0.9168864227831364
32,1601,50,1.7989232540130615,0.02040419913828373,0.011342450976371765,1.1342450976371765
32,1602,50,1.5886049270629883,0.01620090939104557,0.010198199190199375,1.0198199190199375
32,1603,50,1.5171210765838623,0.03462771326303482,0.022824620828032494,2.2824620828032494
32,1604,50,2.0980184078216553,0.02190038375556469,0.010438604280352592,1.0438604280352592
32,1605,50,1.561937928199768,0.022639907896518707,0.014494755305349827,1.4494755305349827
32,1606,50,1.9255510568618774,0.02441699244081974,0.012680522166192532,1.2680522166192532
32,1607,50,1.535940408706665,0.011179101653397083,0.0072783431969583035,0.7278343196958303
32,1608,50,1.8253568410873413,0.013182099908590317,0.007221656385809183,0.7221656385809183
32,1609,50,2.281689405441284,0.022713903337717056,0.009954862296581268,0.9954862296581268
32,1610,50,1.418333888053894,0.019178304821252823,0.013521714136004448,1.3521714136004448
32,1611,50,1.5951893329620361,0.015151133760809898,0.009498015977442265,0.9498015977442265
32,1612,50,2.0080223083496094,0.014917053282260895,0.007428728975355625,0.7428728975355625
32,1613,50,1.323023796081543,0.010979431681334972,0.008298740722239017,0.8298740722239017
32,1614,50,1.7691940069198608,0.020801015198230743,0.011757340282201767,1.1757340282201767
32,1615,50,1.3529289960861206,0.010821230709552765,0.007998373359441757,0.7998373359441757
32,1616,50,1.4033749103546143,0.022963188588619232,0.016362832859158516,1.6362832859158516
32,1617,50,1.1715350151062012,0.014940875582396984,0.012753247283399105,1.2753247283399105
32,1618,50,1.5249446630477905,0.019071508198976517,0.012506361119449139,1.2506361119449139
32,1619,50,1.192039966583252,0.007036732044070959,0.005903100594878197,0.5903100594878197
32,1620,50,1.3194204568862915,0.014172854833304882,0.01074172742664814,1.074172742664814
32,1621,50,1.297398328781128,0.008625540882349014,0.006648336537182331,0.6648336537182331
32,1622,50,1.5853397846221924,0.022616541013121605,0.014266053214669228,1.4266053214669228
32,1623,50,1.3518346548080444,0.01365677174180746,0.01010239776223898,1.010239776223898
32,1624,50,1.3570667505264282,0.01168863009661436,0.008613158017396927,0.8613158017396927
32,1625,50,1.573115348815918,0.011616931296885014,0.00738466577604413,0.738466577604413
32,1626,50,1.6284677982330322,0.024600133299827576,0.015106306411325932,1.5106306411325932
32,1627,50,1.8414905071258545,0.016817301511764526,0.009132440201938152,0.9132440201938152
32,1628,50,1.8456872701644897,0.021997064352035522,0.011918088421225548,1.1918088421225548
32,1629,50,1.6481801271438599,0.01647574082016945,0.009996322914958,0.9996322914958
32,1630,50,2.226336717605591,0.023930203169584274,0.010748689994215965,1.0748689994215965
32,1631,50,1.6307971477508545,0.02284466288983822,0.014008279889822006,1.4008279889822006
32,1632,51,1.3326151371002197,0.01477082446217537,0.011084089055657387,1.1084089055657387
32,1633,51,1.862052083015442,0.0267168078571558,0.014348044991493225,1.4348044991493225
32,1634,51,2.176759958267212,0.028463533148169518,0.013076101429760456,1.3076101429760456
32,1635,51,1.554595947265625,0.011705432087182999,0.0075295655988156796,0.752956559881568
32,1636,51,1.979300618171692,0.028768178075551987,0.01453451719135046,1.453451719135046
32,1637,51,1.3483717441558838,0.01300489529967308,0.00964488834142685,0.9644888341426849
32,1638,51,1.3076467514038086,0.01137132104486227,0.00869601871818304,0.8696018718183041
32,1639,51,1.54642653465271,0.016622334718704224,0.010748867876827717,1.0748867876827717
32,1640,51,2.163208246231079,0.024988334625959396,0.011551516130566597,1.1551516130566597
32,1641,51,1.542819857597351,0.019490867853164673,0.012633275240659714,1.2633275240659714
32,1642,51,1.3206850290298462,0.0117000387981534,0.008859068155288696,0.8859068155288696
32,1643,51,1.7192776203155518,0.02269507572054863,0.01320035569369793,1.320035569369793
32,1644,51,1.426574468612671,0.013070976361632347,0.00916249118745327,0.916249118745327
32,1645,51,1.544642686843872,0.018909629434347153,0.012242073193192482,1.2242073193192482
32,1646,51,1.1548221111297607,0.016730446368455887,0.014487465843558311,1.4487465843558311
32,1647,51,1.041939377784729,0.01010452676564455,0.009697807021439075,0.9697807021439075
32,1648,51,1.358550786972046,0.017650537192821503,0.01299218088388443,1.299218088388443
32,1649,51,1.4118492603302002,0.01875522918999195,0.01328415796160698,1.328415796160698
32,1650,51,1.4391323328018188,0.010831916704773903,0.0075266994535923,0.75266994535923
32,1651,51,1.335511565208435,0.017224321141839027,0.012897171080112457,1.2897171080112457
32,1652,51,1.2308273315429688,0.01654823124408722,0.013444803655147552,1.3444803655147552
32,1653,51,1.3752952814102173,0.01259866077452898,0.009160694666206837,0.9160694666206837
32,1654,51,1.1142417192459106,0.010419301688671112,0.009351024404168129,0.9351024404168129
32,1655,51,1.5526622533798218,0.014273317530751228,0.00919280294328928,0.919280294328928
32,1656,51,0.9311543703079224,0.011163366958498955,0.011988739483058453,1.1988739483058453
32,1657,51,1.1400432586669922,0.011521095409989357,0.010105840861797333,1.0105840861797333
32,1658,51,1.224956750869751,0.00720391608774662,0.00588095560669899,0.588095560669899
32,1659,51,1.3486078977584839,0.019973333925008774,0.014810333959758282,1.4810333959758282
32,1660,51,1.258413553237915,0.014962802641093731,0.011890211142599583,1.1890211142599583
32,1661,51,1.0757923126220703,0.010653970763087273,0.009903371334075928,0.9903371334075928
32,1662,51,2.336547374725342,0.03417833894491196,0.014627710916101933,1.4627710916101933
32,1663,51,2.5803442001342773,0.027905087918043137,0.010814482346177101,1.0814482346177101
32,1664,52,2.1149039268493652,0.026694931089878082,0.012622290290892124,1.2622290290892124
32,1665,52,1.7980318069458008,0.014463488943874836,0.008044067770242691,0.8044067770242691
32,1666,52,1.6690025329589844,0.018169598653912544,0.010886501520872116,1.0886501520872116
32,1667,52,1.1840484142303467,0.01537533849477768,0.01298539713025093,1.298539713025093
32,1668,52,2.1948153972625732,0.02064196765422821,0.00940487626940012,0.940487626940012
32,1669,52,1.2941856384277344,0.012983541004359722,0.010032209567725658,1.0032209567725658
32,1670,52,1.2907358407974243,0.00667939055711031,0.005174870137125254,0.5174870137125254
32,1671,52,1.3446509838104248,0.013713077642023563,0.010198242962360382,1.0198242962360382
32,1672,52,1.671442985534668,0.012633595615625381,0.007558496203273535,0.7558496203273535
32,1673,52,1.417767882347107,0.012507936917245388,0.008822274394333363,0.8822274394333363
32,1674,52,1.5438389778137207,0.012007024139165878,0.007777381222695112,0.7777381222695112
32,1675,52,2.203256130218506,0.020209554582834244,0.009172584861516953,0.9172584861516953
32,1676,52,1.8493942022323608,0.02092711627483368,0.011315660551190376,1.1315660551190376
32,1677,52,1.2449755668640137,0.019749578088521957,0.01586342602968216,1.586342602968216
32,1678,52,1.4944326877593994,0.00819281954318285,0.005482227075845003,0.5482227075845003
32,1679,52,1.8998198509216309,0.021914973855018616,0.011535290628671646,1.1535290628671646
32,1680,52,1.2649986743927002,0.00837183091789484,0.006618055049329996,0.6618055049329996
32,1681,52,1.256572961807251,0.016450878232717514,0.013091860339045525,1.3091860339045525
32,1682,52,1.7606899738311768,0.020472804084420204,0.011627716943621635,1.1627716943621635
32,1683,52,1.219913125038147,0.014216297306120396,0.011653532274067402,1.1653532274067402
32,1684,52,1.235140323638916,0.01176765002310276,0.009527378715574741,0.9527378715574741
32,1685,52,1.3547940254211426,0.009707060642540455,0.007164971437305212,0.7164971437305212
32,1686,52,1.180955171585083,0.009982636198401451,0.008453018963336945,0.8453018963336945
32,1687,52,1.237379789352417,0.017165346071124077,0.013872334733605385,1.3872334733605385
32,1688,52,1.7467496395111084,0.01787749119102955,0.010234719142317772,1.0234719142317772
32,1689,52,1.400632381439209,0.01287370640784502,0.009191352874040604,0.9191352874040604
32,1690,52,1.7705479860305786,0.02398671954870224,0.013547624461352825,1.3547624461352825
32,1691,52,2.3409602642059326,0.032440412789583206,0.013857737183570862,1.3857737183570862
32,1692,52,1.3188763856887817,0.010300264693796635,0.007809878792613745,0.7809878792613745
32,1693,52,1.1738487482070923,0.009991421364247799,0.008511677384376526,0.8511677384376526
32,1694,52,1.4301384687423706,0.010424803011119366,0.007289366330951452,0.7289366330951452
32,1695,52,1.6753325462341309,0.01671658828854561,0.00997807178646326,0.9978071786463261
32,1696,53,1.4860804080963135,0.01371314562857151,0.00922772753983736,0.922772753983736
32,1697,53,0.9985604286193848,0.01452178880572319,0.014542724005877972,1.4542724005877972
32,1698,53,1.5234944820404053,0.012847688049077988,0.008433038368821144,0.8433038368821144
32,1699,53,1.5145004987716675,0.019281815737485886,0.012731468304991722,1.2731468304991722
32,1700,53,2.721709966659546,0.024173378944396973,0.008881688117980957,0.8881688117980957
32,1701,53,2.4643118381500244,0.028994765132665634,0.011765866540372372,1.1765866540372372
32,1702,53,2.149972677230835,0.01937934383749962,0.009013762697577477,0.9013762697577477
32,1703,53,1.1754918098449707,0.011407733894884586,0.009704647585749626,0.9704647585749626
32,1704,53,1.5536298751831055,0.019387807697057724,0.012479038909077644,1.2479038909077644
32,1705,53,1.5758373737335205,0.015290713869035244,0.009703231044113636,0.9703231044113636
32,1706,53,1.4353432655334473,0.017556708306074142,0.012231714092195034,1.2231714092195034
32,1707,53,1.2287813425064087,0.013448606245219707,0.01094467006623745,1.094467006623745
32,1708,53,1.3083837032318115,0.02255977876484394,0.01724248006939888,1.724248006939888
32,1709,53,1.4357178211212158,0.016148021444678307,0.011247350834310055,1.1247350834310055
32,1710,53,1.9114151000976562,0.021317172795534134,0.011152560822665691,1.1152560822665691
32,1711,53,1.3843543529510498,0.014116885140538216,0.010197450406849384,1.0197450406849384
32,1712,53,1.6607699394226074,0.01709437556564808,0.010293042287230492,1.0293042287230492
32,1713,53,1.5467685461044312,0.014862500131130219,0.009608741849660873,0.9608741849660873
32,1714,53,1.3317999839782715,0.013735730201005936,0.01031365804374218,1.031365804374218
32,1715,53,1.4381567239761353,0.021840307861566544,0.015186320059001446,1.5186320059001446
32,1716,53,1.4697721004486084,0.01853259466588497,0.012609162367880344,1.2609162367880344
32,1717,53,1.6244951486587524,0.020436938852071762,0.01258048601448536,1.258048601448536
32,1718,53,1.645162582397461,0.012993157841265202,0.007897795177996159,0.7897795177996159
32,1719,53,1.4308842420578003,0.01636551506817341,0.011437343433499336,1.1437343433499336
32,1720,53,1.048537015914917,0.013455305248498917,0.012832456268370152,1.2832456268370152
32,1721,53,1.32010817527771,0.013378743082284927,0.010134580545127392,1.0134580545127392
32,1722,53,1.418901801109314,0.016201825812458992,0.011418567039072514,1.1418567039072514
32,1723,53,1.0574339628219604,0.013386223465204239,0.012659157626330853,1.2659157626330853
32,1724,53,1.4974339008331299,0.015604929067194462,0.010421114042401314,1.0421114042401314
32,1725,53,1.6999647617340088,0.0169902965426445,0.009994499385356903,0.9994499385356903
32,1726,53,1.234806776046753,0.01143006794154644,0.00925656408071518,0.9256564080715179
32,1727,53,2.3475358486175537,0.0312938429415226,0.013330507092177868,1.3330507092177868
32,1728,54,1.6711702346801758,0.020520100370049477,0.012278880923986435,1.2278880923986435
32,1729,54,1.3516674041748047,0.012662266381084919,0.009367885999381542,0.9367885999381542
32,1730,54,1.6841250658035278,0.017941776663064957,0.010653470642864704,1.0653470642864704
32,1731,54,1.2067627906799316,0.014127817936241627,0.011707203462719917,1.1707203462719917
32,1732,54,1.250281810760498,0.01696317084133625,0.013567477464675903,1.3567477464675903
32,1733,54,1.0143252611160278,0.01182529516518116,0.011658287607133389,1.1658287607133389
32,1734,54,1.2668300867080688,0.018218036741018295,0.0143808051943779,1.43808051943779
32,1735,54,1.996168851852417,0.01152531523257494,0.005773717537522316,0.5773717537522316
32,1736,54,1.3513983488082886,0.014349170960485935,0.010618017055094242,1.0618017055094242
32,1737,54,1.5291574001312256,0.02073788456618786,0.013561641797423363,1.3561641797423363
32,1738,54,1.8072866201400757,0.021179519593715668,0.011718959547579288,1.1718959547579288
32,1739,54,1.379098653793335,0.011030950583517551,0.007998666726052761,0.7998666726052761
32,1740,54,1.4378643035888672,0.010089334100484848,0.007016888819634914,0.7016888819634914
32,1741,54,1.756578803062439,0.027748670428991318,0.015796996653079987,1.5796996653079987
32,1742,54,1.9703929424285889,0.023539351299405098,0.011946526356041431,1.1946526356041431
32,1743,54,1.6075290441513062,0.019795967265963554,0.012314531952142715,1.2314531952142715
32,1744,54,1.0790024995803833,0.010822278447449207,0.01002989150583744,1.002989150583744
32,1745,54,1.3359441757202148,0.015592768788337708,0.011671721935272217,1.1671721935272217
32,1746,54,2.2785584926605225,0.024407830089330673,0.010711961425840855,1.0711961425840855
32,1747,54,2.217003107070923,0.025689847767353058,0.01158764585852623,1.158764585852623
32,1748,54,1.486480474472046,0.020298916846513748,0.013655690476298332,1.3655690476298332
32,1749,54,1.3150553703308105,0.018166571855545044,0.013814302161335945,1.3814302161335945
32,1750,54,1.8342772722244263,0.025397861376404762,0.013846250250935555,1.3846250250935555
32,1751,54,1.5444873571395874,0.012822332791984081,0.008301999419927597,0.8301999419927597
32,1752,54,1.3373486995697021,0.010330327786505222,0.007724483497440815,0.7724483497440815
32,1753,54,1.5394281148910522,0.012030359357595444,0.007814823649823666,0.7814823649823666
32,1754,54,1.841307520866394,0.012013665400445461,0.0065245297737419605,0.652452977374196
32,1755,54,1.9006353616714478,0.013261236250400543,0.006977264769375324,0.6977264769375324
32,1756,54,1.4010330438613892,0.01162349060177803,0.008296371437609196,0.8296371437609196
32,1757,54,1.4665874242782593,0.012500627897679806,0.008523616008460522,0.8523616008460522
32,1758,54,1.701115608215332,0.01656045764684677,0.00973505713045597,0.9735057130455971
32,1759,54,1.4184229373931885,0.007003217935562134,0.00493732700124383,0.493732700124383
32,1760,55,1.199169397354126,0.01275994535535574,0.010640652850270271,1.0640652850270271
32,1761,55,1.5001546144485474,0.011447682976722717,0.007631001994013786,0.7631001994013786
32,1762,55,1.293619155883789,0.016105519607663155,0.012449969537556171,1.2449969537556171
32,1763,55,1.157854437828064,0.02064901776611805,0.017833862453699112,1.7833862453699112
32,1764,55,1.5238839387893677,0.013673694804310799,0.008972924202680588,0.8972924202680588
32,1765,55,1.6508824825286865,0.020406635478138924,0.012361046858131886,1.2361046858131886
32,1766,55,1.8372288942337036,0.014637011103332043,0.007966895587742329,0.7966895587742329
32,1767,55,1.497963547706604,0.015668243169784546,0.01045969594269991,1.045969594269991
32,1768,55,1.5582562685012817,0.019006449729204178,0.012197255156934261,1.2197255156934261
32,1769,55,1.8787293434143066,0.022404320538043976,0.01192525215446949,1.192525215446949
32,1770,55,2.814861297607422,0.018904555588960648,0.006715981289744377,0.6715981289744377
32,1771,55,1.5415478944778442,0.014897138811647892,0.00966375321149826,0.966375321149826
32,1772,55,1.0849621295928955,0.010312449187040329,0.009504892863333225,0.9504892863333225
32,1773,55,1.7274773120880127,0.024696646258234978,0.014296364970505238,1.4296364970505238
32,1774,55,1.8910930156707764,0.023745153099298477,0.012556311674416065,1.2556311674416065
32,1775,55,1.5019652843475342,0.02073805406689644,0.01380727905780077,1.380727905780077
32,1776,55,1.477358102798462,0.013614049181342125,0.009215131402015686,0.9215131402015686
32,1777,55,1.6268484592437744,0.022017430514097214,0.01353379338979721,1.353379338979721
32,1778,55,1.8739802837371826,0.01583549752831459,0.008450194261968136,0.8450194261968136
32,1779,55,1.337103009223938,0.008473003283143044,0.006336836609989405,0.6336836609989405
32,1780,55,1.6924327611923218,0.02306620590388775,0.013629023917019367,1.3629023917019367
32,1781,55,1.331747055053711,0.018850859254598618,0.01415498461574316,1.415498461574316
32,1782,55,1.4635367393493652,0.015532026067376137,0.010612665675580502,1.0612665675580502
32,1783,55,1.255868673324585,0.015980474650859833,0.012724637985229492,1.2724637985229492
32,1784,55,2.020754337310791,0.020042138174176216,0.009918146766722202,0.9918146766722202
32,1785,55,1.6106306314468384,0.009002827107906342,0.005589628592133522,0.5589628592133522
32,1786,55,1.5981104373931885,0.01392450463026762,0.00871310569345951,0.8713105693459511
32,1787,55,1.1196367740631104,0.014973036013543606,0.013373118825256824,1.3373118825256824
32,1788,55,1.4235084056854248,0.015140350908041,0.010635940358042717,1.0635940358042717
32,1789,55,1.5540722608566284,0.013872455805540085,0.008926519192755222,0.8926519192755222
32,1790,55,1.3339523077011108,0.009974638931453228,0.0074775079265236855,0.7477507926523685
32,1791,55,1.313570261001587,0.0104038892313838,0.007920314557850361,0.7920314557850361
32,1792,56,1.6326930522918701,0.01568809151649475,0.009608720429241657,0.9608720429241657
32,1793,56,1.1527369022369385,0.01381735410541296,0.01198656391352415,1.198656391352415
32,1794,56,1.1661063432693481,0.011282933875918388,0.00967573281377554,0.9675732813775539
32,1795,56,1.5221329927444458,0.023497622460126877,0.015437299385666847,1.5437299385666847
32,1796,56,1.417860984802246,0.00862787663936615,0.0060851359739899635,0.6085135973989964
32,1797,56,1.488344430923462,0.01798364333808422,0.012082984670996666,1.2082984670996666
32,1798,56,1.5250723361968994,0.018317505717277527,0.012010909616947174,1.2010909616947174
32,1799,56,2.6894373893737793,0.028391756117343903,0.010556763969361782,1.0556763969361782
32,1800,56,1.6832778453826904,0.020160993561148643,0.011977222748100758,1.1977222748100758
32,1801,56,1.4353634119033813,0.018201429396867752,0.012680711224675179,1.2680711224675179
32,1802,56,1.32683527469635,0.015496721491217613,0.011679461225867271,1.1679461225867271
32,1803,56,1.0591799020767212,0.013332357630133629,0.012587434612214565,1.2587434612214565
32,1804,56,1.6892025470733643,0.015993759036064148,0.009468230418860912,0.9468230418860912
32,1805,56,1.4088882207870483,0.010018152184784412,0.007110679056495428,0.7110679056495428
32,1806,56,1.3473453521728516,0.015100490301847458,0.011207587085664272,1.1207587085664272
32,1807,56,1.2456766366958618,0.010362205095589161,0.008318535052239895,0.8318535052239895
32,1808,56,1.1849972009658813,0.010954387485980988,0.009244230575859547,0.9244230575859547
32,1809,56,1.0798494815826416,0.013224190101027489,0.012246327474713326,1.2246327474713326
32,1810,56,1.7092955112457275,0.012162482365965843,0.007115494459867477,0.7115494459867477
32,1811,56,1.3618569374084473,0.01198769360780716,0.008802461437880993,0.8802461437880993
32,1812,56,1.7967864274978638,0.021573463454842567,0.01200669351965189,1.200669351965189
32,1813,56,1.203430414199829,0.015946997329592705,0.013251283206045628,1.3251283206045628
32,1814,56,1.758247971534729,0.025827083736658096,0.014689101837575436,1.4689101837575436
32,1815,56,1.3076660633087158,0.021331405267119408,0.016312578693032265,1.6312578693032265
32,1816,56,1.6866002082824707,0.02349783107638359,0.013932069763541222,1.3932069763541222
32,1817,56,1.7546777725219727,0.018930859863758087,0.010788795538246632,1.0788795538246632
32,1818,56,1.3772759437561035,0.01566225290298462,0.011371905915439129,1.1371905915439129
32,1819,56,1.888067364692688,0.020788708701729774,0.011010576039552689,1.1010576039552689
32,1820,56,1.6876624822616577,0.022550851106643677,0.013362180441617966,1.3362180441617966
32,1821,56,1.5071473121643066,0.0150187062099576,0.009964988566935062,0.9964988566935062
32,1822,56,1.3121482133865356,0.017893759533762932,0.013636996038258076,1.3636996038258076
32,1823,56,1.6929385662078857,0.02057144045829773,0.012151321396231651,1.2151321396231651
32,1824,57,1.638619065284729,0.012513892725110054,0.007636853028088808,0.7636853028088808
32,1825,57,1.8237643241882324,0.020684678107500076,0.01134174969047308,1.134174969047308
32,1826,57,1.3952956199645996,0.012652995996177197,0.009068326093256474,0.9068326093256474
32,1827,57,1.7271589040756226,0.017944838851690292,0.010389802046120167,1.0389802046120167
32,1828,57,1.5493135452270508,0.02330058440566063,0.015039295889437199,1.5039295889437199
32,1829,57,1.3228302001953125,0.013025146909058094,0.009846423752605915,0.9846423752605915
32,1830,57,1.4790239334106445,0.01695098914206028,0.011460929177701473,1.1460929177701473
32,1831,57,1.6463866233825684,0.02171451412141323,0.013189194723963737,1.3189194723963737
32,1832,57,1.4447599649429321,0.013783834874629974,0.00954057089984417,0.954057089984417
32,1833,57,2.0981509685516357,0.0231411624699831,0.011029312387108803,1.1029312387108803
32,1834,57,1.4785442352294922,0.013290001079440117,0.008988572284579277,0.8988572284579277
32,1835,57,1.5007858276367188,0.020082637667655945,0.0133814150467515,1.33814150467515
32,1836,57,1.1758366823196411,0.011575877666473389,0.00984480045735836,0.984480045735836
32,1837,57,1.939607858657837,0.019175807014107704,0.009886435233056545,0.9886435233056545
32,1838,57,1.1103527545928955,0.010079534724354744,0.009077777154743671,0.9077777154743671
32,1839,57,1.5306888818740845,0.012937290593981743,0.008451939560472965,0.8451939560472965
32,1840,57,1.368248701095581,0.014630072750151157,0.010692553594708443,1.0692553594708443
32,1841,57,1.311307430267334,0.012904904782772064,0.009841250255703926,0.9841250255703926
32,1842,57,1.2323728799819946,0.01462460495531559,0.011867029592394829,1.1867029592394829
32,1843,57,2.3563930988311768,0.03305470570921898,0.0140276700258255,1.40276700258255
32,1844,57,1.3823530673980713,0.015868309885263443,0.011479201726615429,1.147920172661543
32,1845,57,1.3940281867980957,0.013977217487990856,0.010026495903730392,1.0026495903730392
32,1846,57,1.6236348152160645,0.026664182543754578,0.01642252504825592,1.642252504825592
32,1847,57,1.434640645980835,0.01659432426095009,0.011566885747015476,1.1566885747015476
32,1848,57,1.8165819644927979,0.017642267048358917,0.009711792692542076,0.9711792692542076
32,1849,57,1.7681503295898438,0.0182521753013134,0.01032275054603815,1.032275054603815
32,1850,57,2.0709314346313477,0.017131997272372246,0.008272605016827583,0.8272605016827583
32,1851,57,1.5564271211624146,0.015840917825698853,0.010177744552493095,1.0177744552493095
32,1852,57,1.4655128717422485,0.018835382536053658,0.012852417305111885,1.2852417305111885
32,1853,57,1.0784153938293457,0.014104838483035564,0.013079226016998291,1.307922601699829
32,1854,57,2.0240530967712402,0.023548629134893417,0.01163439266383648,1.163439266383648
32,1855,57,1.8324089050292969,0.024470370262861252,0.013354208320379257,1.3354208320379257
32,1856,58,1.4462897777557373,0.019008487462997437,0.013142931275069714,1.3142931275069714
32,1857,58,1.2747869491577148,0.015612486749887466,0.012247134000062943,1.2247134000062943
32,1858,58,1.1461231708526611,0.008750398643314838,0.007634780369699001,0.7634780369699001
32,1859,58,1.4444931745529175,0.010257064364850521,0.007100805174559355,0.7100805174559355
32,1860,58,1.0865386724472046,0.010627806186676025,0.00978134199976921,0.9781341999769211
32,1861,58,1.261664628982544,0.018725978210568428,0.014842279255390167,1.4842279255390167
32,1862,58,1.6245197057724,0.015869712457060814,0.009768864139914513,0.9768864139914513
32,1863,58,1.6765226125717163,0.01918228156864643,0.011441707611083984,1.1441707611083984
32,1864,58,1.2888052463531494,0.010290001519024372,0.007984139956533909,0.7984139956533909
32,1865,58,1.4166998863220215,0.008615784347057343,0.0060815876349806786,0.6081587634980679
32,1866,58,1.456034779548645,0.011416368186473846,0.007840724661946297,0.7840724661946297
32,1867,58,2.2703137397766113,0.02225203439593315,0.009801303967833519,0.9801303967833519
32,1868,58,1.5471749305725098,0.007416175678372383,0.004793365951627493,0.4793365951627493
32,1869,58,1.202521562576294,0.014056953601539135,0.011689565144479275,1.1689565144479275
32,1870,58,1.5971323251724243,0.014300283044576645,0.00895372498780489,0.895372498780489
32,1871,58,1.2880406379699707,0.019203171133995056,0.014908824115991592,1.4908824115991592
32,1872,58,1.3855092525482178,0.019066326320171356,0.013761240988969803,1.3761240988969803
32,1873,58,1.2423694133758545,0.010589763522148132,0.008523844182491302,0.8523844182491302
32,1874,58,1.8529611825942993,0.023011263459920883,0.01241864264011383,1.241864264011383
32,1875,58,1.6399327516555786,0.012454168871045113,0.007594316732138395,0.7594316732138395
32,1876,58,1.6246224641799927,0.018780091777443886,0.011559665203094482,1.1559665203094482
32,1877,58,1.2832661867141724,0.015310829505324364,0.011931140907108784,1.1931140907108784
32,1878,58,1.3650035858154297,0.009696885012090206,0.0071039265021681786,0.7103926502168179
32,1879,58,1.1867974996566772,0.010671247728168964,0.008991633541882038,0.8991633541882038
32,1880,58,1.3947722911834717,0.019086085259914398,0.013684014789760113,1.3684014789760113
32,1881,58,1.990187644958496,0.02596670761704445,0.01304736640304327,1.304736640304327
32,1882,58,2.0626697540283203,0.011495316401124,0.0055730282329022884,0.5573028232902288
32,1883,58,1.045029640197754,0.013798218220472336,0.013203661888837814,1.3203661888837814
32,1884,58,1.3371436595916748,0.015083295293152332,0.011280235834419727,1.1280235834419727
32,1885,58,1.1886688470840454,0.014880754984915257,0.012518839910626411,1.2518839910626411
32,1886,58,2.0842480659484863,0.019476614892482758,0.009344671852886677,0.9344671852886677
32,1887,58,1.2616329193115234,0.0077225081622600555,0.006121042184531689,0.6121042184531689
32,1888,59,1.150537133216858,0.012443454936146736,0.01081534381955862,1.081534381955862
32,1889,59,1.5553289651870728,0.018193842843174934,0.011697745881974697,1.1697745881974697
32,1890,59,1.4222583770751953,0.021324055269360542,0.014993094839155674,1.4993094839155674
32,1891,59,1.4998953342437744,0.013524388894438744,0.009016888216137886,0.9016888216137886
32,1892,59,1.0317140817642212,0.009192729368805885,0.00891015212982893,0.891015212982893
32,1893,59,1.536426067352295,0.011551139876246452,0.0075181880965828896,0.751818809658289
32,1894,59,1.6887515783309937,0.015577146783471107,0.0092240609228611,0.9224060922861099
32,1895,59,1.9033900499343872,0.017167406156659126,0.009019384160637856,0.9019384160637856
32,1896,59,1.7533555030822754,0.02195325680077076,0.012520710937678814,1.2520710937678814
32,1897,59,1.2122498750686646,0.016301002353429794,0.013446899130940437,1.3446899130940437
32,1898,59,1.4937795400619507,0.013336440548300743,0.008927984163165092,0.8927984163165092
32,1899,59,1.2386044263839722,0.01865502819418907,0.015061328187584877,1.5061328187584877
32,1900,59,1.2179017066955566,0.024812154471874237,0.020372871309518814,2.0372871309518814
32,1901,59,2.56349778175354,0.019630899652838707,0.007657857146114111,0.7657857146114111
32,1902,59,1.4734739065170288,0.018421653658151627,0.012502191588282585,1.2502191588282585
32,1903,59,0.8944157361984253,0.01864260621368885,0.02084333449602127,2.084333449602127
32,1904,59,1.337385654449463,0.015766050666570663,0.011788709089159966,1.1788709089159966
32,1905,59,1.5640549659729004,0.016674363985657692,0.010660983622074127,1.0660983622074127
32,1906,59,1.960037350654602,0.03229653090238571,0.01647750847041607,1.647750847041607
32,1907,59,1.3629646301269531,0.01783221773803234,0.01308340486139059,1.308340486139059
32,1908,59,1.6041492223739624,0.013331400230526924,0.008310573175549507,0.8310573175549507
32,1909,59,1.1829766035079956,0.012545629404485226,0.010605137795209885,1.0605137795209885
32,1910,59,1.246699333190918,0.01385814044624567,0.011115863919258118,1.1115863919258118
32,1911,59,1.7884855270385742,0.019487222656607628,0.010895934887230396,1.0895934887230396
32,1912,59,1.8113439083099365,0.016636664047837257,0.009184707887470722,0.9184707887470722
32,1913,59,1.4785699844360352,0.014765322208404541,0.009986218065023422,0.9986218065023422
32,1914,59,1.3905141353607178,0.013353393413126469,0.009603206068277359,0.9603206068277359
32,1915,59,1.2514615058898926,0.013658793643116951,0.01091427356004715,1.091427356004715
32,1916,59,1.7199050188064575,0.016508877277374268,0.009598714299499989,0.9598714299499989
32,1917,59,1.4097055196762085,0.014777109026908875,0.010482408106327057,1.0482408106327057
32,1918,59,1.3999764919281006,0.010909526608884335,0.007792649790644646,0.7792649790644646
32,1919,59,1.8455671072006226,0.01659664511680603,0.00899270735681057,0.899270735681057
32,1920,60,1.3180534839630127,0.012848769314587116,0.009748291224241257,0.9748291224241257
32,1921,60,1.23599374294281,0.010229981504380703,0.008276726119220257,0.8276726119220257
32,1922,60,1.2110750675201416,0.0176179688423872,0.014547379687428474,1.4547379687428474
32,1923,60,1.4308388233184814,0.010640416294336319,0.007436488289386034,0.7436488289386034
32,1924,60,1.3877665996551514,0.009377557784318924,0.006757301744073629,0.6757301744073629
32,1925,60,1.6152822971343994,0.02345665916800499,0.014521708711981773,1.4521708711981773
32,1926,60,1.525072693824768,0.01731732115149498,0.011355078779160976,1.1355078779160976
32,1927,60,1.4271349906921387,0.011048181913793087,0.007741511333733797,0.7741511333733797
32,1928,60,2.2872684001922607,0.01652982458472252,0.007226884365081787,0.7226884365081787
32,1929,60,1.9030028581619263,0.013277485966682434,0.00697712367400527,0.697712367400527
32,1930,60,1.4653829336166382,0.011992876417934895,0.00818412471562624,0.818412471562624
32,1931,60,1.7209755182266235,0.022824954241514206,0.013262799941003323,1.3262799941003323
32,1932,60,1.3777042627334595,0.016134483739733696,0.011711137369275093,1.1711137369275093
32,1933,60,1.9293712377548218,0.018115734681487083,0.009389449842274189,0.9389449842274189
32,1934,60,1.5643579959869385,0.016314702108502388,0.010429007932543755,1.0429007932543755
32,1935,60,1.2581418752670288,0.015355909243226051,0.012205228209495544,1.2205228209495544
32,1936,60,1.54135000705719,0.013227647170424461,0.00858185812830925,0.858185812830925
32,1937,60,1.901245355606079,0.01941901631653309,0.010213839821517467,1.0213839821517467
32,1938,60,2.291207790374756,0.029145486652851105,0.012720577418804169,1.2720577418804169
32,1939,60,1.4874250888824463,0.019667742773890495,0.013222677633166313,1.3222677633166313
32,1940,60,1.36106276512146,0.01652705669403076,0.012142758816480637,1.2142758816480637
32,1941,60,1.6765406131744385,0.01299989689141512,0.007754000369459391,0.7754000369459391
32,1942,60,2.3303422927856445,0.016179237514734268,0.006942858919501305,0.6942858919501305
32,1943,60,1.2772237062454224,0.012325470335781574,0.009650204330682755,0.9650204330682755
32,1944,60,2.2578020095825195,0.02603793703019619,0.011532426811754704,1.1532426811754704
32,1945,60,1.530612826347351,0.015178034082055092,0.00991631206125021,0.991631206125021
32,1946,60,1.4104692935943604,0.012327092699706554,0.008739709854125977,0.8739709854125977
32,1947,60,2.0156452655792236,0.025669332593679428,0.012735044583678246,1.2735044583678246
32,1948,60,1.690873146057129,0.023040710017085075,0.013626515865325928,1.3626515865325928
32,1949,60,1.1809098720550537,0.01642926037311554,0.013912374153733253,1.3912374153733253
32,1950,60,1.3822963237762451,0.015402352437376976,0.011142583563923836,1.1142583563923836
32,1951,60,1.7490156888961792,0.015710143372416496,0.008982276543974876,0.8982276543974876
32,1952,61,1.3075135946273804,0.01013220101594925,0.00774921290576458,0.774921290576458
32,1953,61,1.3114030361175537,0.011285250075161457,0.008605478331446648,0.8605478331446648
32,1954,61,1.2887938022613525,0.01432992797344923,0.011118867434561253,1.1118867434561253
32,1955,61,1.7550519704818726,0.01485014520585537,0.008461371064186096,0.8461371064186096
32,1956,61,1.1648707389831543,0.01679391972720623,0.014416981488466263,1.4416981488466263
32,1957,61,2.109828233718872,0.02137264609336853,0.010130040347576141,1.0130040347576141
32,1958,61,1.6419767141342163,0.019579116255044937,0.011924113146960735,1.1924113146960735
32,1959,61,1.5754390954971313,0.02193285897374153,0.013921743258833885,1.3921743258833885
32,1960,61,1.313481330871582,0.01147578377276659,0.008736921474337578,0.8736921474337578
32,1961,61,1.6812790632247925,0.020923050120472908,0.012444721534848213,1.2444721534848213
32,1962,61,1.5727064609527588,0.010513434186577797,0.006684930995106697,0.6684930995106697
32,1963,61,1.656941533088684,0.021745210513472557,0.013123704120516777,1.3123704120516777
32,1964,61,1.44928777217865,0.019662074744701385,0.013566715642809868,1.3566715642809868
32,1965,61,1.8725106716156006,0.016888462007045746,0.009019154123961926,0.9019154123961926
32,1966,61,2.2342305183410645,0.04114339500665665,0.018415017053484917,1.8415017053484917
32,1967,61,1.8802220821380615,0.013608086854219437,0.0072374893352389336,0.7237489335238934
32,1968,61,1.5061911344528198,0.016869740560650826,0.011200265027582645,1.1200265027582645
32,1969,61,1.8400194644927979,0.027395227923989296,0.014888552948832512,1.4888552948832512
32,1970,61,1.5640778541564941,0.020612072199583054,0.013178418390452862,1.3178418390452862
32,1971,61,1.774685025215149,0.025656653568148613,0.014457018114626408,1.4457018114626408
32,1972,61,1.4108166694641113,0.01900070533156395,0.013467877171933651,1.346787717193365
32,1973,61,1.4479806423187256,0.01602916605770588,0.011070013977587223,1.1070013977587223
32,1974,61,1.2888141870498657,0.022283608093857765,0.017290009185671806,1.7290009185671806
32,1975,61,1.4396798610687256,0.01536773145198822,0.01067440863698721,1.067440863698721
32,1976,61,1.1398591995239258,0.010095703415572643,0.00885697454214096,0.8856974542140961
32,1977,61,1.6234185695648193,0.014023221097886562,0.008638081140816212,0.8638081140816212
32,1978,61,1.338576316833496,0.012610077857971191,0.009420515038073063,0.9420515038073063
32,1979,61,1.0679874420166016,0.01419314369559288,0.0132896164432168,1.32896164432168
32,1980,61,1.6018829345703125,0.02079145796597004,0.012979386374354362,1.2979386374354362
32,1981,61,1.3473025560379028,0.020607324317097664,0.015295246616005898,1.5295246616005898
32,1982,61,1.6942989826202393,0.023085931316018105,0.013625653460621834,1.3625653460621834
32,1983,61,1.941739559173584,0.02734437771141529,0.014082412235438824,1.4082412235438824
32,1984,62,1.2651318311691284,0.014566921629011631,0.011514153331518173,1.1514153331518173
32,1985,62,1.1849703788757324,0.011888524517416954,0.01003276091068983,1.003276091068983
32,1986,62,1.1318082809448242,0.008529653772711754,0.007536306045949459,0.7536306045949459
32,1987,62,1.567388653755188,0.0191249530762434,0.012201793491840363,1.2201793491840363
32,1988,62,1.9109970331192017,0.013559037819504738,0.007095268927514553,0.7095268927514553
32,1989,62,1.1552729606628418,0.011418890208005905,0.009884148836135864,0.9884148836135864
32,1990,62,1.6330996751785278,0.012469704262912273,0.007635605055838823,0.7635605055838823
32,1991,62,1.2389010190963745,0.008591526187956333,0.006934796459972858,0.6934796459972858
32,1992,62,1.5073193311691284,0.009880333207547665,0.00655490392819047,0.655490392819047
32,1993,62,1.2618041038513184,0.0103081576526165,0.008169380016624928,0.8169380016624928
32,1994,62,1.4071059226989746,0.013803837820887566,0.00981009192764759,0.9810091927647591
32,1995,62,1.2337822914123535,0.01166668999940157,0.009456036612391472,0.9456036612391472
32,1996,62,1.4506785869598389,0.020277496427297592,0.013977938331663609,1.3977938331663609
32,1997,62,1.64806067943573,0.015546019189059734,0.009432916529476643,0.9432916529476643
32,1998,62,1.5444769859313965,0.008726346306502819,0.005650033243000507,0.5650033243000507
32,1999,62,1.7480472326278687,0.018563363701105118,0.010619486682116985,1.0619486682116985
32,2000,62,1.1375008821487427,0.012649589218199253,0.0111205093562603,1.11205093562603
32,2001,62,2.129821300506592,0.01877366378903389,0.008814666420221329,0.8814666420221329
32,2002,62,2.008010149002075,0.03031805530190468,0.015098556876182556,1.5098556876182556
32,2003,62,1.2825289964675903,0.012015554122626781,0.009368641301989555,0.9368641301989555
32,2004,62,1.9812304973602295,0.015122223645448685,0.00763274310156703,0.763274310156703
32,2005,62,1.1941795349121094,0.012560127303004265,0.010517788119614124,1.0517788119614124
32,2006,62,2.409003496170044,0.023685043677687645,0.009831883944571018,0.9831883944571018
32,2007,62,1.1331900358200073,0.0109640471637249,0.009675382636487484,0.9675382636487484
32,2008,62,1.307175874710083,0.015024719759821892,0.011494031175971031,1.1494031175971031
32,2009,62,1.0800344944000244,0.014630502089858055,0.013546328991651535,1.3546328991651535
32,2010,62,1.4581072330474854,0.019099604338407516,0.013098902069032192,1.3098902069032192
32,2011,62,1.6124346256256104,0.00755460187792778,0.004685214255005121,0.4685214255005121
32,2012,62,1.1766811609268188,0.008442404679954052,0.007174759637564421,0.7174759637564421
32,2013,62,1.9943557977676392,0.01710752211511135,0.008577968925237656,0.8577968925237656
32,2014,62,1.6558092832565308,0.016280217096209526,0.00983218103647232,0.9832181036472321
32,2015,62,1.430787205696106,0.008040006272494793,0.005619288422167301,0.5619288422167301
32,2016,63,1.2218745946884155,0.015100517310202122,0.012358483858406544,1.2358483858406544
32,2017,63,1.8235688209533691,0.01472992543131113,0.008077526465058327,0.8077526465058327
32,2018,63,1.5222071409225464,0.013277733698487282,0.008722685277462006,0.8722685277462006
32,2019,63,1.334899663925171,0.007134560961276293,0.005344642326235771,0.5344642326235771
32,2020,63,1.787285566329956,0.02635992504656315,0.014748580753803253,1.4748580753803253
32,2021,63,1.5935667753219604,0.014490191824734211,0.00909293070435524,0.909293070435524
32,2022,63,1.8299062252044678,0.019836250692605972,0.010840036906301975,1.0840036906301975
32,2023,63,1.8844337463378906,0.0328449010848999,0.017429586499929428,1.7429586499929428
32,2024,63,1.5550580024719238,0.01650865189731121,0.010616100393235683,1.0616100393235683
32,2025,63,1.6771056652069092,0.01991245150566101,0.011873104609549046,1.1873104609549046
32,2026,63,1.9203205108642578,0.021883346140384674,0.01139567419886589,1.139567419886589
32,2027,63,1.4937894344329834,0.011517041362822056,0.007709949743002653,0.7709949743002653
32,2028,63,1.6731500625610352,0.021918220445513725,0.013099973089993,1.3099973089993
32,2029,63,1.2736916542053223,0.01781689189374447,0.01398838683962822,1.398838683962822
32,2030,63,1.238814353942871,0.009855056181550026,0.007955232635140419,0.7955232635140419
32,2031,63,1.4069916009902954,0.011983347125351429,0.008516999892890453,0.8516999892890453
32,2032,63,1.2579457759857178,0.010995304211974144,0.008740682154893875,0.8740682154893875
32,2033,63,1.4959754943847656,0.02453632466495037,0.01640155538916588,1.6401555389165878
32,2034,63,1.7563005685806274,0.02623864635825157,0.01493972446769476,1.493972446769476
32,2035,63,1.694478988647461,0.018678320571780205,0.01102304644882679,1.102304644882679
32,2036,63,1.7941062450408936,0.017168007791042328,0.009569114074110985,0.9569114074110985
32,2037,63,1.509068489074707,0.022789455950260162,0.01510167121887207,1.510167121887207
32,2038,63,1.3840998411178589,0.018703119829297066,0.013512840494513512,1.3512840494513512
32,2039,63,1.5808639526367188,0.01934225670993328,0.012235244736075401,1.2235244736075401
32,2040,63,1.2687913179397583,0.016231361776590347,0.012792774476110935,1.2792774476110935
32,2041,63,1.510749101638794,0.016283348202705383,0.010778327472507954,1.0778327472507954
32,2042,63,1.3543832302093506,0.014112595468759537,0.010419942438602448,1.0419942438602448
32,2043,63,1.0741541385650635,0.01237223856151104,0.01151812169700861,1.151812169700861
32,2044,63,1.3883897066116333,0.017921779304742813,0.012908320873975754,1.2908320873975754
32,2045,63,2.0100536346435547,0.03362759202718735,0.016729699447751045,1.6729699447751045
32,2046,63,1.388555645942688,0.01580301858484745,0.011380904354155064,1.1380904354155064
32,2047,63,1.2379070520401,0.009305166080594063,0.007516853511333466,0.7516853511333466
32,2048,64,1.5393486022949219,0.010444359853863716,0.006784921977669001,0.6784921977669001
32,2049,64,1.9092750549316406,0.014596043154597282,0.007644808851182461,0.7644808851182461
32,2050,64,1.4086183309555054,0.012657671235501766,0.00898587703704834,0.898587703704834
32,2051,64,1.7091598510742188,0.019161328673362732,0.011210963129997253,1.1210963129997253
32,2052,64,1.2685959339141846,0.013789203017950058,0.01086965762078762,1.086965762078762
32,2053,64,1.4078867435455322,0.018282096832990646,0.012985488399863243,1.2985488399863243
32,2054,64,1.0268380641937256,0.009355641901493073,0.009111117571592331,0.9111117571592331
32,2055,64,1.108498215675354,0.010631510056555271,0.00959091354161501,0.9590913541615009
32,2056,64,1.5872434377670288,0.01804279536008835,0.011367377825081348,1.1367377825081348
32,2057,64,1.3107434511184692,0.008416376076638699,0.006421070545911789,0.6421070545911789
32,2058,64,1.2880380153656006,0.015588592737913132,0.012102587148547173,1.2102587148547173
32,2059,64,1.563568353652954,0.02235409803688526,0.014296847395598888,1.4296847395598888
32,2060,64,1.6626986265182495,0.018103504553437233,0.010888025164604187,1.0888025164604187
32,2061,64,1.3996063470840454,0.012969600036740303,0.009266605600714684,0.9266605600714684
32,2062,64,1.5351390838623047,0.022734904661774635,0.014809670858085155,1.4809670858085155
32,2063,64,1.3245238065719604,0.018900765106081963,0.014269856736063957,1.4269856736063957
32,2064,64,1.3255449533462524,0.016145579516887665,0.012180333025753498,1.2180333025753498
32,2065,64,1.7782199382781982,0.013870161958038807,0.007800026331096888,0.7800026331096888
32,2066,64,1.441753625869751,0.009716309607028961,0.006739230360835791,0.6739230360835791
32,2067,64,1.3897967338562012,0.011328314431011677,0.008151058107614517,0.8151058107614517
32,2068,64,1.3636701107025146,0.015572478994727135,0.011419535614550114,1.1419535614550114
32,2069,64,1.377930760383606,0.016904426738619804,0.01226797979325056,1.226797979325056
32,2070,64,1.6976215839385986,0.01535525918006897,0.009045160375535488,0.9045160375535488
32,2071,64,1.5853631496429443,0.01198605913668871,0.007560450118035078,0.7560450118035078
32,2072,64,2.164271354675293,0.01893160492181778,0.008747334592044353,0.8747334592044353
32,2073,64,1.6251527070999146,0.013687336817383766,0.008422184735536575,0.8422184735536575
32,2074,64,1.8205246925354004,0.019953494891524315,0.010960298590362072,1.0960298590362072
32,2075,64,1.5918235778808594,0.009610320441424847,0.006037302315235138,0.6037302315235138
32,2076,64,1.4518251419067383,0.01619977317750454,0.011158212088048458,1.1158212088048458
32,2077,64,1.594765305519104,0.0159948468208313,0.010029592551290989,1.002959255129099
32,2078,64,1.9065663814544678,0.016778061166405678,0.008800145238637924,0.8800145238637924
32,2079,64,1.3615350723266602,0.011231420561671257,0.008249086327850819,0.8249086327850819
32,2080,65,1.2596276998519897,0.017565665766596794,0.013945125043392181,1.3945125043392181
32,2081,65,1.686493992805481,0.01791980490088463,0.010625477880239487,1.0625477880239487
32,2082,65,1.2856957912445068,0.012577567249536514,0.009782693348824978,0.9782693348824978
32,2083,65,1.833789587020874,0.017783148214221,0.009697485715150833,0.9697485715150833
32,2084,65,1.0464965105056763,0.012252084910869598,0.01170771662145853,1.170771662145853
32,2085,65,1.8035963773727417,0.02651536464691162,0.01470138505101204,1.470138505101204
32,2086,65,2.058788776397705,0.02174413949251175,0.010561617091298103,1.0561617091298103
32,2087,65,1.24668550491333,0.007790238130837679,0.00624875957146287,0.624875957146287
32,2088,65,1.7957156896591187,0.02566206082701683,0.014290714636445045,1.4290714636445045
32,2089,65,2.037663221359253,0.018393591046333313,0.009026805870234966,0.9026805870234966
32,2090,65,1.0990089178085327,0.011154895648360252,0.010149959474802017,1.0149959474802017
32,2091,65,1.0390455722808838,0.011942711658775806,0.011493925005197525,1.1493925005197525
32,2092,65,1.3936443328857422,0.015168746002018452,0.010884230025112629,1.088423002511263
32,2093,65,1.522150993347168,0.015110396780073643,0.009927002713084221,0.9927002713084221
32,2094,65,1.132598876953125,0.008768070489168167,0.007741549517959356,0.7741549517959356
32,2095,65,1.3124812841415405,0.007936572656035423,0.006046998780220747,0.6046998780220747
32,2096,65,1.8243598937988281,0.030070919543504715,0.016482997685670853,1.6482997685670853
32,2097,65,1.518550992012024,0.011653127148747444,0.007673846557736397,0.7673846557736397
32,2098,65,1.764978051185608,0.020384592935442924,0.011549487709999084,1.1549487709999084
32,2099,65,1.48780357837677,0.018707580864429474,0.01257395837455988,1.257395837455988
32,2100,65,1.7145044803619385,0.014754529111087322,0.008605710230767727,0.8605710230767727
32,2101,65,2.2520060539245605,0.027869492769241333,0.012375407852232456,1.2375407852232456
32,2102,65,1.4373788833618164,0.013494057580828667,0.009387961588799953,0.9387961588799953
32,2103,65,1.1549718379974365,0.015069328248500824,0.013047355227172375,1.3047355227172375
32,2104,65,1.4163386821746826,0.012613259255886078,0.00890553928911686,0.8905539289116859
32,2105,65,1.1561447381973267,0.007058606017380953,0.006105296313762665,0.6105296313762665
32,2106,65,1.6996426582336426,0.0179600827395916,0.01056697592139244,1.056697592139244
32,2107,65,1.3889154195785522,0.012026571668684483,0.008658966049551964,0.8658966049551964
32,2108,65,1.1584680080413818,0.009299850091338158,0.008027713745832443,0.8027713745832443
32,2109,65,2.4092726707458496,0.024095527827739716,0.010001162998378277,1.0001162998378277
32,2110,65,1.6626065969467163,0.019559482112526894,0.011764347553253174,1.1764347553253174
32,2111,65,1.075703740119934,0.011117484420537949,0.010335080325603485,1.0335080325603485
32,2112,66,1.4917861223220825,0.01304423063993454,0.008744035847485065,0.8744035847485065
32,2113,66,1.711145281791687,0.015632089227437973,0.009135453961789608,0.9135453961789608
32,2114,66,1.6655080318450928,0.014072645455598831,0.008449461311101913,0.8449461311101913
32,2115,66,1.7632733583450317,0.025652678683400154,0.014548327773809433,1.4548327773809433
32,2116,66,1.5356833934783936,0.01666361652314663,0.010850945487618446,1.0850945487618446
32,2117,66,1.183681607246399,0.010477202013134956,0.008851367980241776,0.8851367980241776
32,2118,66,1.71038818359375,0.024041378870606422,0.01405609492212534,1.405609492212534
32,2119,66,1.5184738636016846,0.010542208328843117,0.006942634005099535,0.6942634005099535
32,2120,66,1.5490130186080933,0.027028679847717285,0.017448969185352325,1.7448969185352325
32,2121,66,1.0688921213150024,0.012174002826213837,0.011389365419745445,1.1389365419745445
32,2122,66,1.416266918182373,0.013795837759971619,0.009740986861288548,0.9740986861288548
32,2123,66,1.6853067874908447,0.012229571118950844,0.007256584707647562,0.7256584707647562
32,2124,66,1.510981559753418,0.01394687406718731,0.009230339899659157,0.9230339899659157
32,2125,66,0.9393619298934937,0.01423990074545145,0.0151591207832098,1.51591207832098
32,2126,66,1.367292046546936,0.012436500750482082,0.009095716290175915,0.9095716290175915
32,2127,66,1.4301847219467163,0.011396495625376701,0.007968547753989697,0.7968547753989697
32,2128,66,1.456723928451538,0.013094187714159489,0.008988791145384312,0.8988791145384312
32,2129,66,1.4036730527877808,0.011310803703963757,0.008058004081249237,0.8058004081249237
32,2130,66,1.3630869388580322,0.016743119806051254,0.012283236719667912,1.2283236719667912
32,2131,66,1.4649481773376465,0.008951066993176937,0.006110159680247307,0.6110159680247307
32,2132,66,1.3281012773513794,0.013461863622069359,0.01013617217540741,1.013617217540741
32,2133,66,1.4883452653884888,0.017361285164952278,0.01166482362896204,1.166482362896204
32,2134,66,1.6297235488891602,0.014200076460838318,0.008713181130588055,0.8713181130588055
32,2135,66,1.6775035858154297,0.015651781111955643,0.009330401197075844,0.9330401197075844
32,2136,66,1.3960378170013428,0.015649694949388504,0.011210079304873943,1.1210079304873943
32,2137,66,1.4128880500793457,0.013073966838419437,0.009253363125026226,0.9253363125026226
32,2138,66,1.4146864414215088,0.010153761133551598,0.007177393417805433,0.7177393417805433
32,2139,66,1.4614776372909546,0.018115464597940445,0.012395307421684265,1.2395307421684265
32,2140,66,1.3379396200180054,0.006143237929791212,0.004591566044837236,0.45915660448372364
32,2141,66,1.3375152349472046,0.00816373061388731,0.006103654392063618,0.6103654392063618
32,2142,66,1.4317322969436646,0.02246490679681301,0.015690717846155167,1.5690717846155167
32,2143,66,1.131481409072876,0.013420512899756432,0.011861010454595089,1.186101045459509
32,2144,67,1.467029094696045,0.013510515913367271,0.00920944008976221,0.9209440089762211
32,2145,67,2.6038694381713867,0.03214669227600098,0.012345738708972931,1.234573870897293
32,2146,67,1.4859474897384644,0.024486009031534195,0.01647838018834591,1.647838018834591
32,2147,67,1.1177642345428467,0.00937156192958355,0.008384202606976032,0.8384202606976032
32,2148,67,1.5740412473678589,0.015350832603871822,0.00975249707698822,0.975249707698822
32,2149,67,1.1731220483779907,0.010704620741307735,0.00912489928305149,0.9124899283051491
32,2150,67,1.2209603786468506,0.012461557984352112,0.010206357575953007,1.0206357575953007
32,2151,67,1.911773443222046,0.028798094019293785,0.015063549391925335,1.5063549391925335
32,2152,67,1.1005460023880005,0.00980935338884592,0.008913169614970684,0.8913169614970684
32,2153,67,1.4590212106704712,0.011455833911895752,0.007851725444197655,0.7851725444197655
32,2154,67,1.9093010425567627,0.020716827362775803,0.010850477032363415,1.0850477032363415
32,2155,67,1.9525649547576904,0.020623663440346718,0.010562344454228878,1.0562344454228878
32,2156,67,1.1178101301193237,0.01191062480211258,0.01065532024949789,1.065532024949789
32,2157,67,1.594220757484436,0.016528986394405365,0.010368065908551216,1.0368065908551216
32,2158,67,1.9414912462234497,0.019240852445364,0.009910346940159798,0.9910346940159798
32,2159,67,1.9001978635787964,0.013729911297559738,0.007225516717880964,0.7225516717880964
32,2160,67,2.466834783554077,0.028691869229078293,0.011631046421825886,1.1631046421825886
32,2161,67,1.545867919921875,0.018127406015992165,0.011726361699402332,1.1726361699402332
32,2162,67,1.3653734922409058,0.013534408062696457,0.00991260539740324,0.991260539740324
32,2163,67,2.2114882469177246,0.02302730455994606,0.010412583127617836,1.0412583127617836
32,2164,67,1.5606846809387207,0.023048672825098038,0.014768308028578758,1.4768308028578758
32,2165,67,1.5476287603378296,0.013324030674993992,0.008609320037066936,0.8609320037066936
32,2166,67,1.2093759775161743,0.022221896797418594,0.01837467961013317,1.837467961013317
32,2167,67,1.8859167098999023,0.028950776904821396,0.015351036563515663,1.5351036563515663
32,2168,67,1.1210424900054932,0.008595932275056839,0.007667802274227142,0.7667802274227142
32,2169,67,1.4003053903579712,0.01819387450814247,0.012992790900170803,1.2992790900170803
32,2170,67,1.5741844177246094,0.022791888564825058,0.014478538185358047,1.4478538185358047
32,2171,67,1.514574408531189,0.016249647364020348,0.01072885375469923,1.072885375469923
32,2172,67,1.4545491933822632,0.014456489123404026,0.00993881095200777,0.993881095200777
32,2173,67,1.4043151140213013,0.01803811639547348,0.012844778597354889,1.284477859735489
32,2174,67,1.003584861755371,0.007246324326843023,0.007220440078526735,0.7220440078526735
32,2175,67,1.7626925706863403,0.024270949885249138,0.013769247569143772,1.3769247569143772
32,2176,68,1.5044257640838623,0.01309146173298359,0.008701966144144535,0.8701966144144535
32,2177,68,1.5306087732315063,0.01047027762979269,0.006840596906840801,0.6840596906840801
32,2178,68,1.3688815832138062,0.01079911645501852,0.007889007218182087,0.7889007218182087
32,2179,68,1.3653596639633179,0.016091646626591682,0.01178564690053463,1.178564690053463
32,2180,68,1.2668695449829102,0.015699656680226326,0.012392480857670307,1.2392480857670307
32,2181,68,1.5594656467437744,0.016827788203954697,0.010790740139782429,1.0790740139782429
32,2182,68,1.7773977518081665,0.029151830822229385,0.01640141010284424,1.6401410102844238
32,2183,68,1.1307681798934937,0.012094944715499878,0.01069621928036213,1.069621928036213
32,2184,68,1.8730440139770508,0.017648829147219658,0.009422538802027702,0.9422538802027702
32,2185,68,1.678871989250183,0.015852706506848335,0.009442474693059921,0.9442474693059921
32,2186,68,1.6419416666030884,0.017184004187583923,0.010465660132467747,1.0465660132467747
32,2187,68,1.4503575563430786,0.018566207960247993,0.012801124714314938,1.2801124714314938
32,2188,68,1.4056532382965088,0.012237073853611946,0.00870561320334673,0.8705613203346729
32,2189,68,1.5962375402450562,0.018033254891633987,0.011297350749373436,1.1297350749373436
32,2190,68,1.2785420417785645,0.01053265668451786,0.008238021284341812,0.8238021284341812
32,2191,68,1.7752060890197754,0.025219954550266266,0.014206775464117527,1.4206775464117527
32,2192,68,1.247323751449585,0.015080804005265236,0.012090529315173626,1.2090529315173626
32,2193,68,1.3343929052352905,0.014158510603010654,0.010610450990498066,1.0610450990498066
32,2194,68,1.272943377494812,0.014997444115579128,0.011781705543398857,1.1781705543398857
32,2195,68,1.723312258720398,0.01885174587368965,0.010939251631498337,1.0939251631498337
32,2196,68,1.8554317951202393,0.01857111230492592,0.01000905130058527,1.000905130058527
32,2197,68,1.5618150234222412,0.018954899162054062,0.012136455625295639,1.213645562529564
32,2198,68,1.434945821762085,0.019044868648052216,0.013272186741232872,1.3272186741232872
32,2199,68,1.6074070930480957,0.015197429805994034,0.00945462379604578,0.945462379604578
32,2200,68,1.3533340692520142,0.013736911118030548,0.010150421410799026,1.0150421410799026
32,2201,68,1.9081707000732422,0.01822664588689804,0.00955189485102892,0.9551894851028919
32,2202,68,1.8948163986206055,0.02472490631043911,0.013048708438873291,1.304870843887329
32,2203,68,1.1349269151687622,0.012464078143239021,0.010982274077832699,1.0982274077832699
32,2204,68,1.3936865329742432,0.01594327576458454,0.011439642868936062,1.1439642868936062
32,2205,68,1.2691587209701538,0.02038574405014515,0.016062406823039055,1.6062406823039055
32,2206,68,1.7792962789535522,0.010740703903138638,0.006036489736288786,0.6036489736288786
32,2207,68,1.5219831466674805,0.015318957157433033,0.010065129026770592,1.0065129026770592
32,2208,69,1.4303067922592163,0.017141202464699745,0.011984284035861492,1.1984284035861492
32,2209,69,1.111630916595459,0.01208000909537077,0.010866924189031124,1.0866924189031124
32,2210,69,1.2982099056243896,0.014084727503359318,0.010849345475435257,1.0849345475435257
32,2211,69,2.14443302154541,0.017120636999607086,0.007983759045600891,0.7983759045600891
32,2212,69,1.3784595727920532,0.013564182445406914,0.009840101934969425,0.9840101934969425
32,2213,69,1.0234442949295044,0.007459990680217743,0.007289102766662836,0.7289102766662836
32,2214,69,1.9823153018951416,0.012417567893862724,0.00626417389139533,0.626417389139533
32,2215,69,1.2492719888687134,0.012292053550481796,0.009839373640716076,0.9839373640716076
32,2216,69,1.3999038934707642,0.011456076055765152,0.008183472789824009,0.8183472789824009
32,2217,69,1.4269353151321411,0.013269908726215363,0.009299586527049541,0.9299586527049541
32,2218,69,1.9316980838775635,0.015420927666127682,0.007983094081282616,0.7983094081282616
32,2219,69,1.1577779054641724,0.015466652810573578,0.013358911499381065,1.3358911499381065
32,2220,69,1.7892742156982422,0.014916853047907352,0.008336817845702171,0.8336817845702171
32,2221,69,1.301995038986206,0.012550272047519684,0.009639262221753597,0.9639262221753597
32,2222,69,1.3784210681915283,0.012422866187989712,0.009012388065457344,0.9012388065457344
32,2223,69,2.7083725929260254,0.02148399129509926,0.007932435721158981,0.7932435721158981
32,2224,69,1.3739862442016602,0.013709841296076775,0.009978150017559528,0.9978150017559528
32,2225,69,1.1298770904541016,0.009696254506707191,0.008581689558923244,0.8581689558923244
32,2226,69,1.6454558372497559,0.017315823584794998,0.010523420758545399,1.0523420758545399
32,2227,69,1.934699296951294,0.022283155471086502,0.011517632752656937,1.1517632752656937
32,2228,69,2.532400131225586,0.021327069029211998,0.008421681821346283,0.8421681821346283
32,2229,69,1.5016883611679077,0.014417593367397785,0.009600922465324402,0.9600922465324402
32,2230,69,1.7505323886871338,0.015539941377937794,0.008877266198396683,0.8877266198396683
32,2231,69,1.4792029857635498,0.017189815640449524,0.01162099838256836,1.162099838256836
32,2232,69,1.4180043935775757,0.008984033949673176,0.006335688289254904,0.6335688289254904
32,2233,69,1.350907802581787,0.015567734837532043,0.011523906141519547,1.1523906141519547
32,2234,69,1.2957837581634521,0.008725221268832684,0.006733547430485487,0.6733547430485487
32,2235,69,1.3041164875030518,0.02092687226831913,0.016046781092882156,1.6046781092882156
32,2236,69,1.6289838552474976,0.012692666612565517,0.007791769225150347,0.7791769225150347
32,2237,69,1.2243365049362183,0.012133675627410412,0.009910409338772297,0.9910409338772297
32,2238,69,1.303830623626709,0.012046030722558498,0.009238953702151775,0.9238953702151775
32,2239,69,1.2917041778564453,0.014865863136947155,0.011508720926940441,1.1508720926940441
32,2240,70,2.773946523666382,0.022872500121593475,0.00824547279626131,0.8245472796261311
32,2241,70,1.6439931392669678,0.019088393077254295,0.011610993184149265,1.1610993184149265
32,2242,70,1.4866774082183838,0.02140774205327034,0.014399722218513489,1.4399722218513489
32,2243,70,1.230507493019104,0.018964828923344612,0.015412201173603535,1.5412201173603535
32,2244,70,1.8777122497558594,0.023539576679468155,0.012536306865513325,1.2536306865513325
32,2245,70,1.3578150272369385,0.011820375919342041,0.008705439046025276,0.8705439046025276
32,2246,70,1.3046213388442993,0.010955395177006721,0.008397375233471394,0.8397375233471394
32,2247,70,1.5222095251083374,0.015508593991398811,0.010188212618231773,1.0188212618231773
32,2248,70,1.6033079624176025,0.02091086655855179,0.013042327016592026,1.3042327016592026
32,2249,70,1.7958338260650635,0.015874821692705154,0.008839805610477924,0.8839805610477924
32,2250,70,1.494942307472229,0.012405064888298512,0.008298022672533989,0.8298022672533989
32,2251,70,1.8105789422988892,0.010964792221784592,0.0060559590347111225,0.6055959034711123
32,2252,70,1.359906554222107,0.014512358233332634,0.010671584866940975,1.0671584866940975
32,2253,70,1.4204747676849365,0.0161166712641716,0.01134597510099411,1.134597510099411
32,2254,70,1.678380012512207,0.011497183702886105,0.00685016717761755,0.685016717761755
32,2255,70,1.366397500038147,0.02002531848847866,0.01465555839240551,1.465555839240551
32,2256,70,1.3010845184326172,0.01390654407441616,0.010688425041735172,1.0688425041735172
32,2257,70,1.5583314895629883,0.014418935403227806,0.009252803400158882,0.9252803400158882
32,2258,70,2.1563549041748047,0.024326540529727936,0.011281325481832027,1.1281325481832027
32,2259,70,1.290731430053711,0.01424393616616726,0.011035554111003876,1.1035554111003876
32,2260,70,1.0339999198913574,0.010630889795720577,0.010281325317919254,1.0281325317919254
32,2261,70,1.4850554466247559,0.017136065289378166,0.011539006605744362,1.1539006605744362
32,2262,70,1.6519160270690918,0.017385654151439667,0.010524538345634937,1.0524538345634937
32,2263,70,1.3189891576766968,0.009146765805780888,0.00693467864766717,0.693467864766717
32,2264,70,1.2111334800720215,0.012700239196419716,0.010486242361366749,1.0486242361366749
32,2265,70,1.7573339939117432,0.010027254931628704,0.005705947056412697,0.5705947056412697
32,2266,70,1.970423698425293,0.008433075621724129,0.004279828630387783,0.4279828630387783
32,2267,70,2.0122032165527344,0.02077147364616394,0.010322751477360725,1.0322751477360725
32,2268,70,1.2785779237747192,0.011485335417091846,0.00898289866745472,0.898289866745472
32,2269,70,1.410696029663086,0.011873793788254261,0.008416975848376751,0.8416975848376751
32,2270,70,1.4576921463012695,0.015512816607952118,0.0106420386582613,1.06420386582613
32,2271,70,1.6748154163360596,0.018946202471852303,0.011312412098050117,1.1312412098050117
32,2272,71,1.3138248920440674,0.015033455565571785,0.011442510411143303,1.1442510411143303
32,2273,71,1.2770648002624512,0.013528420589864254,0.010593370534479618,1.0593370534479618
32,2274,71,1.4527199268341064,0.017378855496644974,0.01196297723799944,1.196297723799944
32,2275,71,1.2964627742767334,0.015069344080984592,0.01162343006581068,1.162343006581068
32,2276,71,2.25223970413208,0.02536693587899208,0.011262982152402401,1.12629821524024
32,2277,71,2.015826463699341,0.012335791252553463,0.006119471043348312,0.6119471043348312
32,2278,71,1.2810943126678467,0.022024815902113914,0.017192188650369644,1.7192188650369644
32,2279,71,2.017176389694214,0.017252597957849503,0.008552845567464828,0.8552845567464828
32,2280,71,1.413372278213501,0.014905113726854324,0.010545780882239342,1.0545780882239342
32,2281,71,1.1879984140396118,0.013793019577860832,0.011610301211476326,1.1610301211476326
32,2282,71,2.869802713394165,0.025333115831017494,0.008827476762235165,0.8827476762235165
32,2283,71,1.3066120147705078,0.011169360019266605,0.008548337034881115,0.8548337034881115
32,2284,71,1.485948085784912,0.01823597401380539,0.012272282503545284,1.2272282503545284
32,2285,71,1.7690186500549316,0.01984238624572754,0.011216606944799423,1.1216606944799423
32,2286,71,1.3229432106018066,0.010701984167098999,0.008089526556432247,0.8089526556432247
32,2287,71,1.2479861974716187,0.008998164907097816,0.007210147567093372,0.7210147567093372
32,2288,71,1.5899169445037842,0.015959329903125763,0.010037838481366634,1.0037838481366634
32,2289,71,1.0892857313156128,0.008385644294321537,0.00769829610362649,0.769829610362649
32,2290,71,1.6728715896606445,0.01886988990008831,0.011279939673841,1.1279939673841
32,2291,71,1.1802564859390259,0.02187519520521164,0.01853427290916443,1.8534272909164429
32,2292,71,1.331752061843872,0.01030013244599104,0.007734271697700024,0.7734271697700024
32,2293,71,0.9974507689476013,0.012629557400941849,0.012661835178732872,1.2661835178732872
32,2294,71,1.262891173362732,0.01543350052088499,0.012220768257975578,1.2220768257975578
32,2295,71,1.5215657949447632,0.015693102031946182,0.010313784703612328,1.0313784703612328
32,2296,71,1.2822099924087524,0.008183863945305347,0.006382623687386513,0.6382623687386513
32,2297,71,2.3424882888793945,0.030449600890278816,0.01299882773309946,1.299882773309946
32,2298,71,1.5650770664215088,0.020148837938904762,0.01287402305752039,1.287402305752039
32,2299,71,1.336402177810669,0.01185098197311163,0.00886782631278038,0.886782631278038
32,2300,71,1.7288204431533813,0.027224410325288773,0.015747390687465668,1.5747390687465668
32,2301,71,1.5045585632324219,0.013467492535710335,0.008951125666499138,0.8951125666499138
32,2302,71,1.219001054763794,0.016885913908481598,0.013852255418896675,1.3852255418896675
32,2303,71,1.3278522491455078,0.00914708711206913,0.006888633128255606,0.6888633128255606
32,2304,72,1.1391642093658447,0.009908623062074184,0.00869815144687891,0.869815144687891
32,2305,72,1.3665181398391724,0.010448400862514973,0.0076460023410618305,0.764600234106183
32,2306,72,1.4709876775741577,0.02306039072573185,0.01567680761218071,1.567680761218071
32,2307,72,1.2556473016738892,0.011781258508563042,0.00938261765986681,0.938261765986681
32,2308,72,1.2504938840866089,0.0190779659897089,0.015256345272064209,1.525634527206421
32,2309,72,1.9071717262268066,0.012581167742609978,0.006596767343580723,0.6596767343580723
32,2310,72,1.8497669696807861,0.012891261838376522,0.0069691273383796215,0.6969127338379622
32,2311,72,1.246124029159546,0.015826666727662086,0.012700715102255344,1.2700715102255344
32,2312,72,1.4525398015975952,0.014802912250161171,0.010191054083406925,1.0191054083406925
32,2313,72,1.3662407398223877,0.011088639497756958,0.008116167970001698,0.8116167970001698
32,2314,72,1.3145897388458252,0.013456746935844421,0.010236461646854877,1.0236461646854877
32,2315,72,1.5338107347488403,0.02079961821436882,0.013560745865106583,1.3560745865106583
32,2316,72,1.4637701511383057,0.017622774466872215,0.012039304710924625,1.2039304710924625
32,2317,72,1.6021554470062256,0.014674127101898193,0.009158991277217865,0.9158991277217865
32,2318,72,1.7486109733581543,0.011021691374480724,0.006303112488240004,0.6303112488240004
32,2319,72,1.37613844871521,0.01692376658320427,0.012298011220991611,1.2298011220991611
32,2320,72,1.5164790153503418,0.01791359856724739,0.011812625452876091,1.181262545287609
32,2321,72,1.6415133476257324,0.012770110741257668,0.0077794743701815605,0.777947437018156
32,2322,72,1.5028069019317627,0.01962100714445114,0.013056240044534206,1.3056240044534206
32,2323,72,1.9420223236083984,0.01563972979784012,0.00805332139134407,0.805332139134407
32,2324,72,1.3205794095993042,0.010194018483161926,0.007719352841377258,0.7719352841377258
32,2325,72,1.5098156929016113,0.011122869327664375,0.0073670377023518085,0.7367037702351809
32,2326,72,1.4024196863174438,0.01434054784476757,0.010225575417280197,1.0225575417280197
32,2327,72,1.2191884517669678,0.014564530923962593,0.011946086771786213,1.1946086771786213
32,2328,72,1.2649261951446533,0.012171675451099873,0.009622438810765743,0.9622438810765743
32,2329,72,1.7326428890228271,0.013844920322299004,0.007990636862814426,0.7990636862814426
32,2330,72,1.3399096727371216,0.018735406920313835,0.013982589356601238,1.3982589356601238
32,2331,72,1.6210325956344604,0.01923835650086403,0.011867963708937168,1.1867963708937168
32,2332,72,1.018598198890686,0.01178505178540945,0.011569873429834843,1.1569873429834843
32,2333,72,1.5832219123840332,0.02150098979473114,0.01358052808791399,1.358052808791399
32,2334,72,1.3046684265136719,0.00813688151538372,0.006236742716282606,0.6236742716282606
32,2335,72,1.4015733003616333,0.013053923845291138,0.009313764981925488,0.9313764981925488
32,2336,73,1.8476063013076782,0.012518411502242088,0.006775475572794676,0.6775475572794676
32,2337,73,1.1237860918045044,0.011206964030861855,0.009972506202757359,0.9972506202757359
32,2338,73,1.146877408027649,0.00856545940041542,0.007468504831194878,0.7468504831194878
32,2339,73,1.638575553894043,0.010870475322008133,0.006634100805968046,0.6634100805968046
32,2340,73,1.4456086158752441,0.01763197034597397,0.01219691801816225,1.219691801816225
32,2341,73,1.24931001663208,0.011057824827730656,0.008851145394146442,0.8851145394146442
32,2342,73,1.2661733627319336,0.007869908586144447,0.006215506233274937,0.6215506233274937
32,2343,73,1.4088847637176514,0.011369679123163223,0.008069985546171665,0.8069985546171665
32,2344,73,1.2516179084777832,0.014521166682243347,0.011601916514337063,1.1601916514337063
32,2345,73,1.495851755142212,0.01733310893177986,0.011587451212108135,1.1587451212108135
32,2346,73,1.1937633752822876,0.007666545920073986,0.0064221653155982494,0.6422165315598249
32,2347,73,1.258476972579956,0.01528232078999281,0.012143504805862904,1.2143504805862904
32,2348,73,2.0408222675323486,0.016492990776896477,0.008081542328000069,0.8081542328000069
32,2349,73,1.9066591262817383,0.015568538568913937,0.008165350183844566,0.8165350183844566
32,2350,73,1.348117709159851,0.008690075017511845,0.006446080282330513,0.6446080282330513
32,2351,73,1.6575167179107666,0.016777019947767258,0.010121780447661877,1.0121780447661877
32,2352,73,1.767022728919983,0.012066307477653027,0.006828608922660351,0.6828608922660351
32,2353,73,1.1900575160980225,0.007595593575388193,0.0063825431279838085,0.6382543127983809
32,2354,73,1.9421944618225098,0.014802702702581882,0.007621638011187315,0.7621638011187315
32,2355,73,1.2169263362884521,0.01163335982710123,0.009559625759720802,0.9559625759720802
32,2356,73,1.2343876361846924,0.01146799884736538,0.00929043535143137,0.929043535143137
32,2357,73,1.2830321788787842,0.012810138054192066,0.009984268806874752,0.9984268806874752
32,2358,73,1.6208614110946655,0.012546748854219913,0.007740790490061045,0.7740790490061045
32,2359,73,1.6903456449508667,0.01798705756664276,0.010641053318977356,1.0641053318977356
32,2360,73,1.8104078769683838,0.017513077706098557,0.00967355351895094,0.9673553518950939
32,2361,73,1.1539251804351807,0.009683839976787567,0.008392086252570152,0.8392086252570152
32,2362,73,1.0852575302124023,0.01324259303510189,0.012202258221805096,1.2202258221805096
32,2363,73,1.293816328048706,0.01504729688167572,0.011630164459347725,1.1630164459347725
32,2364,73,1.3509602546691895,0.015528827905654907,0.011494658887386322,1.1494658887386322
32,2365,73,1.2715137004852295,0.015023063868284225,0.011815101839601994,1.1815101839601994
32,2366,73,1.263635277748108,0.013944201171398163,0.011034988798201084,1.1034988798201084
32,2367,73,1.6393154859542847,0.012338521890342236,0.007526630535721779,0.7526630535721779
32,2368,74,1.3671207427978516,0.015932144597172737,0.011653794907033443,1.1653794907033443
32,2369,74,1.6466419696807861,0.020944325253367424,0.012719416990876198,1.2719416990876198
32,2370,74,1.6202759742736816,0.01406334899365902,0.008679601363837719,0.8679601363837719
32,2371,74,1.1277540922164917,0.00902115274220705,0.007999219931662083,0.7999219931662083
32,2372,74,1.3959071636199951,0.009969832375645638,0.007142188493162394,0.7142188493162394
32,2373,74,1.2188177108764648,0.014084315858781338,0.011555720120668411,1.1555720120668411
32,2374,74,1.470274567604065,0.014425763860344887,0.009811611846089363,0.9811611846089363
32,2375,74,1.4861199855804443,0.01447913609445095,0.009742911905050278,0.9742911905050278
32,2376,74,1.4297983646392822,0.019382650032639503,0.013556212186813354,1.3556212186813354
32,2377,74,1.643073558807373,0.024138571694493294,0.014691107906401157,1.4691107906401157
32,2378,74,1.496917486190796,0.021006064489483833,0.014032880775630474,1.4032880775630474
32,2379,74,1.642402172088623,0.013882096856832504,0.008452313020825386,0.8452313020825386
32,2380,74,1.6037311553955078,0.019839812070131302,0.012371033430099487,1.2371033430099487
32,2381,74,1.1333338022232056,0.015056144446134567,0.013284827582538128,1.3284827582538128
32,2382,74,1.8484549522399902,0.02534479834139347,0.013711342588067055,1.3711342588067055
32,2383,74,1.3546134233474731,0.01273796521127224,0.009403395466506481,0.9403395466506481
32,2384,74,1.9610466957092285,0.02058844268321991,0.01049870066344738,1.049870066344738
32,2385,74,1.6291033029556274,0.01417554821819067,0.008701441809535027,0.8701441809535027
32,2386,74,1.6116302013397217,0.027444081380963326,0.017028771340847015,1.7028771340847015
32,2387,74,1.2373124361038208,0.017110729590058327,0.013828948140144348,1.3828948140144348
32,2388,74,1.5226917266845703,0.027070214971899986,0.01777786947786808,1.777786947786808
32,2389,74,1.6680700778961182,0.01030721701681614,0.006179126910865307,0.6179126910865307
32,2390,74,1.3783308267593384,0.02359754592180252,0.017120378091931343,1.7120378091931343
32,2391,74,1.7971465587615967,0.02071589045226574,0.011527101509273052,1.1527101509273052
32,2392,74,1.1102313995361328,0.020671650767326355,0.018619228154420853,1.8619228154420853
32,2393,74,1.817746639251709,0.020687177777290344,0.01138067152351141,1.138067152351141
32,2394,74,1.6256370544433594,0.019332144409418106,0.011892042122781277,1.1892042122781277
32,2395,74,1.4913071393966675,0.010583491995930672,0.0070967888459563255,0.7096788845956326
32,2396,74,1.4662830829620361,0.013189309276640415,0.008995063602924347,0.8995063602924347
32,2397,74,1.0594019889831543,0.012758954428136349,0.012043544091284275,1.2043544091284275
32,2398,74,1.463284969329834,0.014370858669281006,0.009820956736803055,0.9820956736803055
32,2399,74,2.000213146209717,0.018056895583868027,0.009027485735714436,0.9027485735714436
32,2400,75,1.790609359741211,0.023496396839618683,0.0131220119073987,1.31220119073987
32,2401,75,1.9089486598968506,0.025855176150798798,0.013544196262955666,1.3544196262955666
32,2402,75,1.5634331703186035,0.018894147127866745,0.012085036374628544,1.2085036374628544
32,2403,75,1.467223882675171,0.01498816441744566,0.01021532155573368,1.021532155573368
32,2404,75,1.1533124446868896,0.010315891355276108,0.008944576606154442,0.8944576606154442
32,2405,75,1.875939130783081,0.021138232201337814,0.011268080212175846,1.1268080212175846
32,2406,75,1.9035519361495972,0.017342353239655495,0.009110522456467152,0.9110522456467152
32,2407,75,1.1621781587600708,0.015087021514773369,0.012981677427887917,1.2981677427887917
32,2408,75,1.2886559963226318,0.008293184451758862,0.006435530260205269,0.6435530260205269
32,2409,75,1.2247190475463867,0.021748768165707588,0.017758170142769814,1.7758170142769814
32,2410,75,1.7511987686157227,0.01697731390595436,0.009694681502878666,0.9694681502878666
32,2411,75,1.845550537109375,0.020061705261468887,0.010870309546589851,1.0870309546589851
32,2412,75,1.3768178224563599,0.025776823982596397,0.01872202940285206,1.8722029402852058
32,2413,75,1.290679931640625,0.015598601661622524,0.012085569091141224,1.2085569091141224
32,2414,75,1.0945897102355957,0.013873254880309105,0.012674388475716114,1.2674388475716114
32,2415,75,1.5659922361373901,0.01834266632795334,0.011713127605617046,1.1713127605617046
32,2416,75,1.3160744905471802,0.022133974358439445,0.016818176954984665,1.6818176954984665
32,2417,75,1.54556143283844,0.024052564054727554,0.015562347136437893,1.5562347136437893
32,2418,75,1.7244945764541626,0.013660427182912827,0.007921408861875534,0.7921408861875534
32,2419,75,1.3954509496688843,0.015812385827302933,0.011331380344927311,1.133138034492731
32,2420,75,1.9715129137039185,0.024350523948669434,0.012351186946034431,1.2351186946034431
32,2421,75,1.6095174551010132,0.013917019590735435,0.008646703325212002,0.8646703325212002
32,2422,75,2.0221495628356934,0.02664826437830925,0.013178186491131783,1.3178186491131783
32,2423,75,1.2212061882019043,0.014131586998701096,0.011571827344596386,1.1571827344596386
32,2424,75,1.3605618476867676,0.016413329169154167,0.012063640169799328,1.2063640169799328
32,2425,75,1.5984032154083252,0.02647705376148224,0.016564689576625824,1.6564689576625824
32,2426,75,1.2984708547592163,0.016192981973290443,0.012470808811485767,1.2470808811485767
32,2427,75,2.1311089992523193,0.027809176594018936,0.013049157336354256,1.3049157336354256
32,2428,75,1.9249334335327148,0.025385025888681412,0.01318748202174902,1.318748202174902
32,2429,75,1.3504793643951416,0.014425724744796753,0.01068192906677723,1.068192906677723
32,2430,75,1.5513418912887573,0.016506565734744072,0.010640185326337814,1.0640185326337814
32,2431,75,1.8224836587905884,0.02088107168674469,0.011457480490207672,1.1457480490207672
32,2432,76,1.3506959676742554,0.01771208643913269,0.013113304041326046,1.3113304041326046
32,2433,76,1.0436161756515503,0.006809142883867025,0.0065245660953223705,0.652456609532237
32,2434,76,1.370983600616455,0.016745544970035553,0.012214256450533867,1.2214256450533867
32,2435,76,1.8525149822235107,0.022201308980584145,0.011984415352344513,1.1984415352344513
32,2436,76,1.5638641119003296,0.016601119190454483,0.010615448467433453,1.0615448467433453
32,2437,76,1.3101749420166016,0.015361837111413479,0.011725027114152908,1.1725027114152908
32,2438,76,1.5263780355453491,0.018806036561727524,0.012320693582296371,1.2320693582296371
32,2439,76,1.129180669784546,0.007208618335425854,0.006383936852216721,0.6383936852216721
32,2440,76,1.6882472038269043,0.012492544949054718,0.007399713154882193,0.7399713154882193
32,2441,76,1.6360536813735962,0.014581316150724888,0.008912492543458939,0.8912492543458939
32,2442,76,1.4283843040466309,0.016083575785160065,0.011259977705776691,1.1259977705776691
32,2443,76,2.284515380859375,0.025877535343170166,0.011327363550662994,1.1327363550662994
32,2444,76,1.4169307947158813,0.019794080406427383,0.01396968774497509,1.396968774497509
32,2445,76,1.5983073711395264,0.01705479435622692,0.010670534335076809,1.067053433507681
32,2446,76,1.3338390588760376,0.01695319637656212,0.01271007675677538,1.271007675677538
32,2447,76,1.4188802242279053,0.009990040212869644,0.007040791679173708,0.7040791679173708
32,2448,76,1.414162516593933,0.013750879094004631,0.009723691269755363,0.9723691269755363
32,2449,76,1.4802887439727783,0.014569348655641079,0.009842234663665295,0.9842234663665295
32,2450,76,1.6309494972229004,0.011328712105751038,0.006946084089577198,0.6946084089577198
32,2451,76,1.3193072080612183,0.018863927572965622,0.01429835893213749,1.429835893213749
32,2452,76,1.1588020324707031,0.014312589541077614,0.012351194396615028,1.2351194396615028
32,2453,76,1.4929906129837036,0.012863168492913246,0.008615706115961075,0.8615706115961075
32,2454,76,1.3009535074234009,0.011612397618591785,0.00892606656998396,0.8926066569983959
32,2455,76,1.3706724643707275,0.007880578748881817,0.005749425385147333,0.5749425385147333
32,2456,76,1.3683114051818848,0.017264626920223236,0.01261746883392334,1.261746883392334
32,2457,76,1.39493989944458,0.013807828538119793,0.009898511692881584,0.9898511692881584
32,2458,76,1.0761960744857788,0.010992675088346004,0.01021437905728817,1.021437905728817
32,2459,76,1.409164547920227,0.014808548614382744,0.010508743114769459,1.0508743114769459
32,2460,76,1.9690436124801636,0.019735164940357208,0.010022715665400028,1.0022715665400028
32,2461,76,1.773956298828125,0.015323302708566189,0.008637925609946251,0.8637925609946251
32,2462,76,1.8128594160079956,0.015528525225818157,0.00856576394289732,0.856576394289732
32,2463,76,1.201391339302063,0.012805518694221973,0.010658906772732735,1.0658906772732735
32,2464,77,1.1750061511993408,0.01418028213083744,0.012068262323737144,1.2068262323737144
32,2465,77,1.1461609601974487,0.011194556951522827,0.009767002426087856,0.9767002426087856
32,2466,77,1.4766277074813843,0.022392617538571358,0.015164701268076897,1.5164701268076897
32,2467,77,1.4788388013839722,0.011323798447847366,0.007657222915440798,0.7657222915440798
32,2468,77,1.5388875007629395,0.015351736918091774,0.009975867345929146,0.9975867345929146
32,2469,77,1.4286078214645386,0.017989372834563255,0.012592240236699581,1.2592240236699581
32,2470,77,1.7056989669799805,0.01816483959555626,0.010649499483406544,1.0649499483406544
32,2471,77,1.2487279176712036,0.014805983752012253,0.011856853030622005,1.1856853030622005
32,2472,77,1.673449993133545,0.018542030826210976,0.0110801225528121,1.10801225528121
32,2473,77,1.4641376733779907,0.013884690590202808,0.009483186528086662,0.9483186528086662
32,2474,77,1.2655246257781982,0.009777688421308994,0.007726193871349096,0.7726193871349096
32,2475,77,1.3495166301727295,0.010086177848279476,0.007473919074982405,0.7473919074982405
32,2476,77,2.2512383460998535,0.01879947818815708,0.008350727148354053,0.8350727148354053
32,2477,77,2.093557357788086,0.016218291595578194,0.0077467625960707664,0.7746762596070766
32,2478,77,1.3128798007965088,0.00905782449990511,0.006899203173816204,0.6899203173816204
32,2479,77,1.2320023775100708,0.016303883865475655,0.013233646750450134,1.3233646750450134
32,2480,77,1.2253239154815674,0.015512390993535519,0.01265982910990715,1.265982910990715
32,2481,77,1.8346588611602783,0.024666493758559227,0.013444730080664158,1.3444730080664158
32,2482,77,1.7470662593841553,0.016308236867189407,0.009334641508758068,0.9334641508758068
32,2483,77,1.287247657775879,0.013902630656957626,0.010800276882946491,1.0800276882946491
32,2484,77,1.2677807807922363,0.008574076928198338,0.00676305964589119,0.676305964589119
32,2485,77,1.717602014541626,0.01166364923119545,0.006790658924728632,0.6790658924728632
32,2486,77,1.3142218589782715,0.013285413384437561,0.01010895799845457,1.010895799845457
32,2487,77,1.585450530052185,0.021710732951760292,0.013693731278181076,1.3693731278181076
32,2488,77,1.4453181028366089,0.018975798040628433,0.013129149563610554,1.3129149563610554
32,2489,77,1.125583529472351,0.01021098904311657,0.009071729145944118,0.9071729145944118
32,2490,77,1.3326770067214966,0.013457928784191608,0.010098417289555073,1.0098417289555073
32,2491,77,1.4130456447601318,0.018985295668244362,0.01343572698533535,1.343572698533535
32,2492,77,1.310017704963684,0.01670297607779503,0.012750190682709217,1.2750190682709217
32,2493,77,1.2129974365234375,0.012911709025502205,0.010644465684890747,1.0644465684890747
32,2494,77,1.2042557001113892,0.013413401320576668,0.01113833300769329,1.113833300769329
32,2495,77,1.5636292695999146,0.017044106498360634,0.010900350287556648,1.0900350287556648
32,2496,78,1.105642557144165,0.00857162568718195,0.007752619218081236,0.7752619218081236
32,2497,78,1.5093955993652344,0.013249646872282028,0.00877811387181282,0.877811387181282
32,2498,78,1.7607717514038086,0.012213585898280144,0.006936495658010244,0.6936495658010244
32,2499,78,1.1739438772201538,0.012438982725143433,0.010595892556011677,1.0595892556011677
32,2500,78,1.9555679559707642,0.02347077615559101,0.012002025730907917,1.2002025730907917
32,2501,78,1.2957080602645874,0.012496694922447205,0.009644684381783009,0.9644684381783009
32,2502,78,1.7499492168426514,0.021293923258781433,0.012168309651315212,1.2168309651315212
32,2503,78,1.3818501234054565,0.013545868918299675,0.00980270467698574,0.9802704676985741
32,2504,78,1.0681251287460327,0.010846178978681564,0.010154408402740955,1.0154408402740955
32,2505,78,1.3481106758117676,0.014206638559699059,0.010538184083998203,1.0538184083998203
32,2506,78,1.703646183013916,0.012282310053706169,0.007209425326436758,0.7209425326436758
32,2507,78,1.460455060005188,0.014398476108908653,0.00985889695584774,0.985889695584774
32,2508,78,1.3479280471801758,0.012940964661538601,0.009600634686648846,0.9600634686648846
32,2509,78,1.1811044216156006,0.011267426423728466,0.009539737366139889,0.9539737366139889
32,2510,78,1.2571097612380981,0.010747354477643967,0.008549257181584835,0.8549257181584835
32,2511,78,1.4740945100784302,0.0186935942620039,0.012681407853960991,1.268140785396099
32,2512,78,1.9259474277496338,0.015557609498500824,0.008077898994088173,0.8077898994088173
32,2513,78,1.074570894241333,0.010450608097016811,0.009725377894937992,0.9725377894937992
32,2514,78,1.1322413682937622,0.011257217265665531,0.009942417964339256,0.9942417964339256
32,2515,78,1.6390817165374756,0.01737210340797901,0.010598680935800076,1.0598680935800076
32,2516,78,1.3133465051651,0.009449041448533535,0.007194629404693842,0.7194629404693842
32,2517,78,1.3413105010986328,0.01368414144963026,0.010202068835496902,1.0202068835496902
32,2518,78,1.196698784828186,0.011760377325117588,0.009827349334955215,0.9827349334955215
32,2519,78,1.1312229633331299,0.011752286925911903,0.010389010421931744,1.0389010421931744
32,2520,78,1.3000627756118774,0.008536947891116142,0.006566565949469805,0.6566565949469805
32,2521,78,1.3543050289154053,0.013988231308758259,0.010328715667128563,1.0328715667128563
32,2522,78,1.4515901803970337,0.012068206444382668,0.008313783444464207,0.8313783444464207
32,2523,78,0.9627099633216858,0.009704218246042728,0.010080105625092983,1.0080105625092983
32,2524,78,2.3773269653320312,0.023386256769299507,0.009837206453084946,0.9837206453084946
32,2525,78,1.2874209880828857,0.01044391468167305,0.00811227597296238,0.811227597296238
32,2526,78,1.2996373176574707,0.012219126336276531,0.009401950985193253,0.9401950985193253
32,2527,78,1.1926621198654175,0.012791218236088753,0.010724930092692375,1.0724930092692375
32,2528,79,1.2974770069122314,0.013008012436330318,0.010025620460510254,1.0025620460510254
32,2529,79,1.8122624158859253,0.013492168858647346,0.007444931194186211,0.7444931194186211
32,2530,79,2.019411325454712,0.019348055124282837,0.009581036865711212,0.9581036865711212
32,2531,79,1.5694003105163574,0.009424758143723011,0.006005324423313141,0.6005324423313141
32,2532,79,1.806807279586792,0.010644526220858097,0.0058913454413414,0.58913454413414
32,2533,79,1.2499605417251587,0.01792399026453495,0.014339644461870193,1.4339644461870193
32,2534,79,1.3508435487747192,0.0182491522282362,0.013509449549019337,1.3509449549019337
32,2535,79,1.471466064453125,0.014223654754459858,0.009666315279901028,0.9666315279901028
32,2536,79,1.1710610389709473,0.010280233807861805,0.00877856370061636,0.877856370061636
32,2537,79,1.0816547870635986,0.011268330737948418,0.010417677462100983,1.0417677462100983
32,2538,79,1.38036048412323,0.009335649199783802,0.006763196550309658,0.6763196550309658
32,2539,79,1.5553162097930908,0.011870861053466797,0.007632442284375429,0.7632442284375429
32,2540,79,1.6656028032302856,0.01685257814824581,0.01011800579726696,1.011800579726696
32,2541,79,1.298064112663269,0.012348909862339497,0.009513327851891518,0.9513327851891518
32,2542,79,1.9813721179962158,0.02654127962887287,0.013395403511822224,1.3395403511822224
32,2543,79,1.3863422870635986,0.011239211075007915,0.008107096888124943,0.8107096888124943
32,2544,79,1.5603618621826172,0.010839194990694523,0.006946590729057789,0.6946590729057789
32,2545,79,1.988912582397461,0.018240686506032944,0.00917118601500988,0.917118601500988
32,2546,79,1.220261573791504,0.01274458970874548,0.010444145649671555,1.0444145649671555
32,2547,79,1.6050903797149658,0.020540481433272362,0.01279708743095398,1.279708743095398
32,2548,79,1.4263330698013306,0.023192359134554863,0.01626012846827507,1.626012846827507
32,2549,79,1.1906633377075195,0.009920266456902027,0.008331714197993279,0.8331714197993279
32,2550,79,1.0488133430480957,0.010433631017804146,0.009948033839464188,0.9948033839464188
32,2551,79,1.243241310119629,0.008904663845896721,0.007162458263337612,0.7162458263337612
32,2552,79,1.415067195892334,0.014776735566556454,0.010442426428198814,1.0442426428198814
32,2553,79,1.8928076028823853,0.011330843903124332,0.005986263044178486,0.5986263044178486
32,2554,79,1.3076043128967285,0.014241857454180717,0.0108915651217103,1.08915651217103
32,2555,79,1.31791353225708,0.011054827831685543,0.008388128131628036,0.8388128131628036
32,2556,79,1.531303882598877,0.012835172936320305,0.008381858468055725,0.8381858468055725
32,2557,79,2.110116481781006,0.024466663599014282,0.011594935320317745,1.1594935320317745
32,2558,79,1.5485690832138062,0.014418309554457664,0.00931073073297739,0.931073073297739
32,2559,79,1.2021733522415161,0.011641302146017551,0.009683546610176563,0.9683546610176563
