channel,tile_id,tile_offset,rmse,mae,max_abs_error,mean_abs_activation,p99_abs_activation
0,0,0,0.2537286579608917,0.2537287175655365,0.25413215160369873,0.0007201385451480746,0.00092315673828125
1,0,1,2.2301034927368164,1.9744572639465332,4.240682125091553,1.5085840225219727,3.5015628337860107
2,0,2,0.9242305159568787,0.696605384349823,4.260064125061035,0.7390307784080505,3.122659206390381
3,0,3,1.3453764915466309,1.0800894498825073,5.260796546936035,1.118841528892517,3.97922420501709
4,1,0,0.7932825684547424,0.686363935470581,2.2611300945281982,0.0006730079767294228,0.0009042358724400401
5,1,1,1.3758126497268677,1.0513674020767212,3.5073816776275635,1.7856652736663818,4.625312805175781
6,1,2,0.5471741557121277,0.4220111072063446,1.3836596012115479,0.42384621500968933,1.580312967300415
7,1,3,0.6708821654319763,0.5071715712547302,1.7150280475616455,1.0923501253128052,5.381876468658447
8,2,0,0.5862480401992798,0.479678750038147,1.2716431617736816,0.7945812940597534,1.9846875667572021
9,2,1,0.4423454999923706,0.3694188594818115,1.019221305847168,0.4403671324253082,1.276172399520874
10,2,2,0.6724396347999573,0.5731260180473328,1.2874771356582642,0.4376806616783142,1.4147658348083496
11,2,3,0.5782710313796997,0.48375263810157776,1.262955904006958,0.5473821759223938,1.4611718654632568
12,3,0,0.45072662830352783,0.3532792925834656,1.2174508571624756,0.530077338218689,1.5249221324920654
13,3,1,0.45103973150253296,0.36884012818336487,1.238279104232788,0.47890639305114746,1.7842193841934204
14,3,2,0.5222087502479553,0.4686172604560852,0.9465615749359131,0.2504574656486511,0.8363282084465027
15,3,3,0.5034034252166748,0.4260823130607605,1.1153020858764648,0.5987133979797363,1.7367192506790161
16,4,0,0.6920605301856995,0.5418418645858765,2.122776508331299,0.47406983375549316,1.3213284015655518
17,4,1,1.3374934196472168,1.08492910861969,3.311619758605957,0.8291466236114502,2.5485939979553223
18,4,2,0.707097053527832,0.5935078263282776,1.6847385168075562,0.42282426357269287,1.2976564168930054
19,4,3,1.1013298034667969,0.9556143879890442,2.0426788330078125,1.1934423446655273,2.2817187309265137
20,5,0,1.699110984802246,1.5560204982757568,3.0753579139709473,0.6368736028671265,1.6757820844650269
21,5,1,0.9106580018997192,0.7354968786239624,2.28125,0.5172485113143921,1.4478130340576172
22,5,2,1.0211278200149536,0.8459181785583496,2.2977213859558105,0.9450750946998596,3.4800024032592773
23,5,3,0.9604339003562927,0.7941430807113647,2.399874210357666,1.9197266101837158,4.3471879959106445
24,6,0,3.9409193992614746,3.4350671768188477,7.241080284118652,5.491015434265137,9.566250801086426
25,6,1,1.0266190767288208,0.8259831070899963,2.746514320373535,0.9556419253349304,3.0626564025878906
26,6,2,1.3946582078933716,1.1783274412155151,3.018756151199341,0.8673529028892517,2.953125
27,6,3,0.7223084568977356,0.5711557865142822,1.8945157527923584,0.357438862323761,0.9262892007827759
28,7,0,0.5725997090339661,0.47713759541511536,1.1994037628173828,0.579011857509613,1.7589081525802612
29,7,1,0.5503929257392883,0.4498194754123688,1.1556906700134277,0.4486408233642578,1.3606252670288086
30,7,2,0.6538787484169006,0.5461469292640686,1.5193337202072144,0.9437243938446045,2.767031669616699
31,7,3,0.6071498990058899,0.504351019859314,1.273814082145691,0.45046815276145935,1.8064066171646118
32,8,0,0.9702370762825012,0.829189121723175,1.852341651916504,0.34481629729270935,0.9492968916893005
33,8,1,0.7101993560791016,0.5978953838348389,1.6715397834777832,0.4227673411369324,1.2192188501358032
34,8,2,0.7935624718666077,0.6627868413925171,1.7494299411773682,0.7389807105064392,1.8220316171646118
35,8,3,0.9848675727844238,0.8690395355224609,2.0330636501312256,0.5205920338630676,2.1254687309265137
36,9,0,0.38516494631767273,0.31679511070251465,0.9032360315322876,0.3841160535812378,1.0404690504074097
37,9,1,0.36280712485313416,0.28718531131744385,0.8396238088607788,0.47495025396347046,1.408125400543213
38,9,2,0.4186919927597046,0.35178154706954956,0.9977530241012573,0.25572478771209717,0.8008984327316284
39,9,3,0.39867982268333435,0.32488757371902466,1.0452768802642822,0.528045654296875,1.6568751335144043
40,10,0,0.4466947317123413,0.3633597195148468,1.2684435844421387,0.28843557834625244,1.0003125667572021
41,10,1,0.6833770871162415,0.6215736865997314,1.2079135179519653,0.37703201174736023,1.313828468322754
42,10,2,0.526907205581665,0.4379138648509979,1.1411173343658447,0.5091903805732727,1.6564843654632568
43,10,3,0.4748339354991913,0.38858962059020996,1.1477817296981812,0.483397513628006,1.410469651222229
44,11,0,0.49626389145851135,0.4065508544445038,1.2105927467346191,0.2625063955783844,0.7195314168930054
45,11,1,0.8693694472312927,0.7510156035423279,2.0131216049194336,0.6274337768554688,1.750546932220459
46,11,2,0.5752148628234863,0.4838328957557678,1.4424421787261963,0.5253177285194397,1.4860941171646118
47,11,3,0.9625211954116821,0.7798526287078857,2.9298171997070312,1.405297875404358,3.6839089393615723
48,12,0,0.44555410742759705,0.38118359446525574,0.9916568994522095,0.4254223704338074,1.103437900543213
49,12,1,0.4714735150337219,0.38189586997032166,1.0643956661224365,0.4650896191596985,1.422421932220459
50,12,2,0.48191750049591064,0.40985867381095886,1.1441013813018799,0.6174768209457397,1.7741408348083496
51,12,3,0.5414712429046631,0.4550424814224243,1.2910144329071045,0.38273924589157104,1.3778131008148193
52,13,0,0.9708099961280823,0.7805032134056091,2.5842366218566895,0.8024029731750488,2.679533004760742
53,13,1,0.7701202034950256,0.6203759908676147,1.7819151878356934,0.5309008955955505,1.4226564168930054
54,13,2,0.7058678269386292,0.5498764514923096,2.059375047683716,0.6971954107284546,2.1909382343292236
55,13,3,1.3022847175598145,0.8984952569007874,4.086677551269531,2.958784818649292,7.71875
56,14,0,5.872605323791504,5.729743003845215,8.761663436889648,4.718828201293945,7.28562593460083
57,14,1,0.9576637148857117,0.818976640701294,1.8988529443740845,0.4135845899581909,1.555234432220459
58,14,2,0.5783100128173828,0.4664849042892456,1.5578968524932861,0.4927941858768463,1.4382814168930054
59,14,3,1.4170279502868652,1.2968428134918213,2.4015214443206787,0.29874512553215027,1.0864063501358032
60,15,0,0.41314059495925903,0.3550417721271515,0.871650755405426,0.47389039397239685,1.4171099662780762
61,15,1,0.4336891770362854,0.33874061703681946,1.3476977348327637,0.5773956179618835,1.7202346324920654
62,15,2,0.4376142621040344,0.37762320041656494,0.9916750192642212,0.5649634003639221,1.5717190504074097
63,15,3,0.4259701669216156,0.3496968448162079,1.284730315208435,0.4575203061103821,1.3598438501358032
64,16,0,0.6161737442016602,0.5006828904151917,1.8168859481811523,0.5620452761650085,1.766953468322754
65,16,1,0.635418713092804,0.5573555827140808,1.2647370100021362,0.4651484787464142,1.1589068174362183
66,16,2,3.4444773197174072,3.0791256427764893,6.78383207321167,3.9984374046325684,7.75
67,16,3,0.5919315218925476,0.4825443625450134,1.3429325819015503,0.2908402681350708,1.0707813501358032
68,17,0,0.4880022704601288,0.39245370030403137,1.1012730598449707,0.4673577845096588,1.4120324850082397
69,17,1,0.5711951851844788,0.47577977180480957,1.195268154144287,0.349479079246521,1.3762502670288086
70,17,2,0.48270851373672485,0.3941168487071991,1.059378743171692,0.41456300020217896,1.2682037353515625
71,17,3,0.48619869351387024,0.41048508882522583,1.1328213214874268,0.37843596935272217,1.0672667026519775
72,18,0,0.3064436614513397,0.2494760900735855,0.6714034080505371,0.3591909110546112,1.0313282012939453
73,18,1,0.3199237287044525,0.25942742824554443,0.7210242748260498,0.33843567967414856,0.9201176166534424
74,18,2,0.3383542597293854,0.2805408239364624,0.7775254249572754,0.7382055521011353,1.905548334121704
75,18,3,0.3267808258533478,0.26852861046791077,0.8219022750854492,0.4059191942214966,1.1985163688659668
76,19,0,0.4144362807273865,0.3467573821544647,0.9731584787368774,0.3497595191001892,1.181875467300415
77,19,1,0.41730761528015137,0.33195599913597107,1.0767145156860352,0.48954513669013977,1.1651564836502075
78,19,2,0.4411742389202118,0.3769477605819702,0.9600979685783386,0.51251220703125,1.439141035079956
79,19,3,0.39392584562301636,0.3223579525947571,1.0407626628875732,0.41076841950416565,1.2121877670288086
80,20,0,0.391114741563797,0.333297997713089,0.843505859375,0.37924620509147644,1.2482044696807861
81,20,1,0.3529081642627716,0.29951199889183044,0.8267852067947388,0.343710333108902,1.203671932220459
82,20,2,0.346574604511261,0.2932004928588867,0.7452408075332642,0.3294784426689148,0.8398445844650269
83,20,3,0.36931219696998596,0.3135386109352112,0.9237388968467712,0.6089164614677429,2.6567187309265137
84,21,0,0.46449798345565796,0.3873419463634491,1.0467640161514282,0.38408201932907104,1.117734432220459
85,21,1,0.4789924621582031,0.40760377049446106,1.0542935132980347,0.30305954813957214,0.7510548830032349
86,21,2,0.5317378640174866,0.45387256145477295,1.0151208639144897,0.2706046998500824,0.8476953506469727
87,21,3,0.4494611620903015,0.36060431599617004,1.1524579524993896,0.3542987108230591,1.0575006008148193
88,22,0,0.31509891152381897,0.2608453035354614,0.7129949331283569,0.28491392731666565,0.8088672161102295
89,22,1,0.3418221175670624,0.2890254557132721,0.6895841360092163,0.34144166111946106,1.1410938501358032
90,22,2,0.35075947642326355,0.29359742999076843,0.7026039361953735,0.46715331077575684,1.3288283348083496
91,22,3,0.3283371031284332,0.26596173644065857,0.7154228091239929,0.6403028964996338,2.0787501335144043
92,23,0,0.43138545751571655,0.3457306921482086,1.09251070022583,0.33213257789611816,0.9929689168930054
93,23,1,0.4490828514099121,0.36980220675468445,1.0363858938217163,0.6098412871360779,2.469531536102295
94,23,2,0.41890206933021545,0.3409319221973419,1.082519292831421,0.3089672923088074,0.9517583847045898
95,23,3,0.4995935261249542,0.41146644949913025,1.447212815284729,0.3519851565361023,0.8518359661102295
96,24,0,0.3726330101490021,0.30526217818260193,0.8160126209259033,0.6694555878639221,1.7833597660064697
97,24,1,0.3589503765106201,0.2916314899921417,1.000114917755127,0.3602984547615051,1.0712502002716064
98,24,2,0.41839227080345154,0.3472850024700165,0.9161010980606079,0.32341280579566956,1.1752350330352783
99,24,3,0.4371412992477417,0.3459916412830353,1.5950312614440918,0.5588885545730591,1.7223445177078247
100,25,0,0.4369436204433441,0.36902499198913574,0.9642126560211182,0.2634051442146301,0.7774609327316284
101,25,1,0.4899420440196991,0.408376008272171,1.1159225702285767,0.35916298627853394,1.1960158348083496
102,25,2,0.4621908366680145,0.39800116419792175,0.9559357166290283,0.6701193451881409,1.814375400543213
103,25,3,0.3918943703174591,0.31981921195983887,0.9915214776992798,0.31662842631340027,1.0107038021087646
104,26,0,0.3663671910762787,0.28499114513397217,0.9204267263412476,0.4571673572063446,1.3053126335144043
105,26,1,0.4017365574836731,0.33504718542099,0.9347423315048218,0.20091858506202698,0.6454697847366333
106,26,2,0.3841862976551056,0.324573278427124,0.8416846394538879,0.3927462697029114,1.3775787353515625
107,26,3,0.43699485063552856,0.3559998571872711,0.9302197694778442,0.39705291390419006,1.1182814836502075
108,27,0,0.3178832530975342,0.26142796874046326,0.7480042576789856,0.2023478001356125,0.6069924831390381
109,27,1,0.37401607632637024,0.3188629448413849,0.7171224355697632,0.22023621201515198,0.7161721587181091
110,27,2,0.3207583725452423,0.26666519045829773,0.7174373865127563,0.27380067110061646,0.8019143342971802
111,27,3,0.31288066506385803,0.2708667814731598,0.7054200172424316,0.3084472715854645,1.0242969989776611
112,28,0,0.3954662084579468,0.31944844126701355,1.0054264068603516,0.5142178535461426,1.5735944509506226
113,28,1,0.41007915139198303,0.3426441550254822,0.9906091094017029,0.52753084897995,1.4848438501358032
114,28,2,0.42523881793022156,0.3613665699958801,0.99072265625,0.33002379536628723,1.0862500667572021
115,28,3,0.4288598597049713,0.34874865412712097,1.0419200658798218,0.39453065395355225,1.4088287353515625
116,29,0,0.5089313983917236,0.4111987054347992,1.7767382860183716,0.6455572247505188,1.9715631008148193
117,29,1,0.5812757611274719,0.43910324573516846,1.7966678142547607,1.3110979795455933,3.1728127002716064
118,29,2,0.5222885012626648,0.44632622599601746,1.094627857208252,0.28223922848701477,0.8899616003036499
119,29,3,0.5135381817817688,0.42148101329803467,1.0968739986419678,0.27806854248046875,0.8290627002716064
120,30,0,0.38400501012802124,0.3221369981765747,0.8878008723258972,0.338298499584198,1.0635159015655518
121,30,1,0.40944764018058777,0.34818461537361145,0.9571731090545654,0.29865601658821106,1.093906283378601
122,30,2,0.43971580266952515,0.3660622537136078,0.9275063276290894,0.33951300382614136,1.196095585823059
123,30,3,0.3999108076095581,0.3411577343940735,0.8773716688156128,0.3172489106655121,1.0655474662780762
124,31,0,0.371749609708786,0.31333619356155396,1.0031001567840576,0.37309813499450684,1.1575002670288086
125,31,1,0.3869425356388092,0.31590965390205383,0.8731689453125,0.4346486032009125,1.3521876335144043
126,31,2,0.3732585608959198,0.30236750841140747,0.9441274404525757,0.3185400366783142,0.8610941171646118
127,31,3,0.3698951303958893,0.30585911870002747,0.8984392285346985,0.2637544274330139,0.7685943841934204
128,32,0,0.455762654542923,0.379729300737381,0.9577759504318237,0.4947207570075989,1.4718756675720215
129,32,1,0.4193560779094696,0.36632239818573,0.8434984683990479,0.345916748046875,1.1339064836502075
130,32,2,0.3973812162876129,0.3188157379627228,1.0114126205444336,0.37278199195861816,1.1574220657348633
131,32,3,0.3995394706726074,0.32662782073020935,0.9681799411773682,0.2621048092842102,0.8958206176757812
132,33,0,0.36130377650260925,0.29589900374412537,0.7664691209793091,0.4231286644935608,1.4852344989776611
133,33,1,0.3785451352596283,0.314350962638855,0.8793929815292358,0.30935755372047424,1.0167189836502075
134,33,2,0.3716876804828644,0.30055034160614014,0.8793438673019409,0.4495391845703125,1.243828535079956
135,33,3,0.3709196448326111,0.31279563903808594,0.8574036359786987,0.2987835705280304,1.0082813501358032
136,34,0,0.4153616428375244,0.3495204448699951,0.9413024187088013,0.3112742602825165,1.032578468322754
137,34,1,0.37998032569885254,0.30474036931991577,0.9793411493301392,0.3245864808559418,1.0789844989776611
138,34,2,0.39184972643852234,0.3452794551849365,0.7699599266052246,0.31988510489463806,0.8377347588539124
139,34,3,0.3692680299282074,0.3128596246242523,0.9271329045295715,0.3259585499763489,1.1831257343292236
140,35,0,0.5301566123962402,0.43853774666786194,1.193772792816162,0.273101806640625,0.755937933921814
141,35,1,0.6533766984939575,0.5440741181373596,1.2230371236801147,0.3557772934436798,1.0637502670288086
142,35,2,0.4018738269805908,0.299924373626709,1.0621111392974854,0.18324138224124908,0.6887111663818359
143,35,3,0.4740561842918396,0.374618262052536,1.1170016527175903,0.4693945348262787,1.4695314168930054
144,36,0,0.36160388588905334,0.30261456966400146,0.8274675607681274,0.34957000613212585,0.9703909754753113
145,36,1,0.35355547070503235,0.29340317845344543,0.7600274682044983,0.38842347264289856,1.1174218654632568
146,36,2,0.38510000705718994,0.32951945066452026,0.7493431568145752,0.2890893518924713,0.9028126001358032
147,36,3,0.3589969873428345,0.293254554271698,0.852146565914154,0.4841011166572571,1.2578907012939453
148,37,0,0.304218590259552,0.2587815523147583,0.7549992799758911,0.2227790802717209,0.7813281416893005
149,37,1,0.305111825466156,0.2455245852470398,0.7591161727905273,0.26574036478996277,0.7815234661102295
150,37,2,0.30642667412757874,0.25138524174690247,0.7231462597846985,0.2773989737033844,0.8321093916893005
151,37,3,0.29757291078567505,0.23755809664726257,0.852307915687561,0.31490492820739746,0.8794922828674316
152,38,0,0.3589959740638733,0.30188027024269104,0.7941296696662903,0.2763606309890747,0.8272272348403931
153,38,1,0.3341342508792877,0.27557840943336487,0.8762540817260742,0.338224321603775,0.9728125333786011
154,38,2,0.3398037552833557,0.2807437777519226,0.8210704326629639,0.33771225810050964,0.9304689168930054
155,38,3,0.34188932180404663,0.2775701880455017,0.86414635181427,0.28684622049331665,0.7857040762901306
156,39,0,0.30236682295799255,0.262576699256897,0.667086124420166,0.18416470289230347,0.7390626668930054
157,39,1,0.31073108315467834,0.26656046509742737,0.7166183590888977,0.38608887791633606,1.095078468322754
158,39,2,0.3119319975376129,0.2614547610282898,0.6990052461624146,0.2830517590045929,0.9266416430473328
159,39,3,0.2822967767715454,0.22839854657649994,0.7360010147094727,0.23559093475341797,0.7828128337860107
160,40,0,0.30992579460144043,0.255630761384964,0.716052770614624,0.30214354395866394,0.8498051166534424
161,40,1,0.31696823239326477,0.24062161147594452,0.8120927214622498,0.18946564197540283,0.5994144678115845
162,40,2,0.35482484102249146,0.29632365703582764,0.7242008447647095,0.8310693502426147,2.3915627002716064
163,40,3,0.3608851432800293,0.30062922835350037,0.9936161041259766,0.2872767746448517,0.7680473923683167
164,41,0,0.3405716121196747,0.2761974334716797,0.7615703344345093,0.16976967453956604,0.5043359994888306
165,41,1,0.40561750531196594,0.3536776602268219,0.8622153401374817,0.30281007289886475,0.8519532084465027
166,41,2,0.32466477155685425,0.26737886667251587,0.7563733458518982,0.2903277575969696,0.7951176166534424
167,41,3,0.38024193048477173,0.2991430461406708,0.920323371887207,0.3771623969078064,1.2295318841934204
168,42,0,0.30196258425712585,0.24498909711837769,0.7653204202651978,0.29188841581344604,0.7100397348403931
169,42,1,0.2999511659145355,0.24606743454933167,0.7098504900932312,0.5037509202957153,1.2279690504074097
170,42,2,0.30388063192367554,0.2478756308555603,0.7040991187095642,0.36992737650871277,1.3529690504074097
171,42,3,0.3096180260181427,0.2621079683303833,0.7209967374801636,0.4290087819099426,1.2040627002716064
172,43,0,0.32814502716064453,0.27704861760139465,0.7747687101364136,0.3651390075683594,1.0425007343292236
173,43,1,0.2758256494998932,0.23077483475208282,0.6095299124717712,0.21881957352161407,0.6369141340255737
174,43,2,0.32917553186416626,0.2750904858112335,0.678673267364502,0.24550746381282806,0.6762892007827759
175,43,3,0.32248246669769287,0.26775896549224854,0.698688805103302,0.30091217160224915,0.9886329174041748
176,44,0,0.293899267911911,0.23955141007900238,0.6975846886634827,0.332846999168396,1.1727344989776611
177,44,1,0.32343319058418274,0.2656787931919098,0.745676577091217,0.4090469479560852,1.4633598327636719
178,44,2,0.26803886890411377,0.22717182338237762,0.579541802406311,0.20941711962223053,0.6900396347045898
179,44,3,0.32792046666145325,0.281663179397583,0.7510479092597961,0.43848082423210144,1.2899219989776611
180,45,0,0.29790952801704407,0.2512332499027252,0.7281455397605896,0.24773895740509033,0.9085161089897156
181,45,1,0.30773431062698364,0.2482888400554657,0.7308650016784668,0.5062558054924011,1.4152345657348633
182,45,2,0.3345727026462555,0.280862420797348,0.7379359006881714,0.33015769720077515,1.126328468322754
183,45,3,0.35046064853668213,0.29137858748435974,0.8940225839614868,0.2539268732070923,0.8771098256111145
184,46,0,0.29380232095718384,0.23985394835472107,0.7129650712013245,0.3527694642543793,1.1569533348083496
185,46,1,0.2725047171115875,0.22214803099632263,0.6438663601875305,0.25287169218063354,0.8305473923683167
186,46,2,0.3901287317276001,0.33170852065086365,0.8237881660461426,0.23926818370819092,0.8365235328674316
187,46,3,0.33629173040390015,0.28311464190483093,0.7133848667144775,0.2701297104358673,0.8494144678115845
188,47,0,0.334449827671051,0.28350886702537537,0.7365495562553406,0.276009738445282,0.9033205509185791
189,47,1,0.3028491139411926,0.2492581158876419,0.6519359350204468,0.18288590013980865,0.5708985328674316
190,47,2,0.34360724687576294,0.29524651169776917,0.697179913520813,0.3656911551952362,1.3390631675720215
191,47,3,0.30747857689857483,0.255781352519989,0.7984524965286255,0.4186071753501892,1.1046099662780762
192,48,0,0.2608848214149475,0.20294544100761414,0.7288811206817627,0.35236021876335144,1.0472657680511475
193,48,1,0.26393911242485046,0.21776506304740906,0.7264083623886108,0.17502623796463013,0.610039234161377
194,48,2,0.28626349568367004,0.23674726486206055,0.7098948955535889,0.298484206199646,0.8449611663818359
195,48,3,0.28827452659606934,0.24243518710136414,0.6219077110290527,0.28359559178352356,0.8541411757469177
196,49,0,0.3304351568222046,0.2738993167877197,0.7589658498764038,0.268250435590744,0.8523048162460327
197,49,1,0.3347971439361572,0.2722678482532501,0.771323561668396,0.42192041873931885,1.1218760013580322
198,49,2,0.26932087540626526,0.2281603217124939,0.7694912552833557,0.540692150592804,1.5728912353515625
199,49,3,0.30634167790412903,0.2478581666946411,0.8028320670127869,0.22000369429588318,0.6252734661102295
200,50,0,0.3088030219078064,0.25226232409477234,0.7063038349151611,0.36635804176330566,1.0782032012939453
201,50,1,0.3258478343486786,0.2652439475059509,0.7577049732208252,0.2706456780433655,0.9457813501358032
202,50,2,0.3274226486682892,0.2604139447212219,0.9454807043075562,0.44365233182907104,1.5499224662780762
203,50,3,0.31223830580711365,0.2596825361251831,0.6872221827507019,0.32472923398017883,0.9438676834106445
204,51,0,0.34037429094314575,0.2830694019794464,0.6868562698364258,0.28837713599205017,0.8801956176757812
205,51,1,0.32291850447654724,0.2678194046020508,0.7462033629417419,0.3033895790576935,0.8985546827316284
206,51,2,0.2910611629486084,0.2371605932712555,0.6764858961105347,0.24578551948070526,0.727578341960907
207,51,3,0.2584114670753479,0.21198607981204987,0.5571416616439819,0.1796630471944809,0.4577735960483551
208,52,0,0.304858535528183,0.2598738968372345,0.6838399171829224,0.21017467975616455,0.6300792098045349
209,52,1,0.28885743021965027,0.24716389179229736,0.5636455416679382,0.1880759447813034,0.7351564168930054
210,52,2,0.29405277967453003,0.2374565452337265,0.7487645745277405,0.3209320306777954,0.8493362665176392
211,52,3,0.32138609886169434,0.2647569477558136,0.7082635760307312,0.5789802670478821,1.824141502380371
212,53,0,0.22630757093429565,0.18593984842300415,0.5581110715866089,0.32577595114707947,0.838125467300415
213,53,1,0.22526408731937408,0.1837105005979538,0.5073355436325073,0.28654196858406067,0.7971484661102295
214,53,2,0.24265192449092865,0.20461653172969818,0.6406095027923584,0.25011882185935974,0.6628130674362183
215,53,3,0.2220218926668167,0.18080943822860718,0.5379184484481812,0.3461843729019165,0.9530867338180542
216,54,0,0.2946372926235199,0.23719601333141327,0.744731605052948,0.14996932446956635,0.5001171827316284
217,54,1,0.2979041635990143,0.2423785775899887,0.6906487941741943,0.3769097924232483,1.0783593654632568
218,54,2,0.32528963685035706,0.27224382758140564,0.6411928534507751,0.1520642787218094,0.44865262508392334
219,54,3,0.2899189591407776,0.23924249410629272,0.5990538597106934,0.5316113233566284,1.6035161018371582
220,55,0,0.3050888776779175,0.2542498707771301,0.7274224758148193,0.3011663854122162,1.2450006008148193
221,55,1,0.3197387456893921,0.2585715055465698,0.8347655534744263,0.3497937023639679,1.025625467300415
222,55,2,0.31463122367858887,0.26446184515953064,0.8462747931480408,0.29845932126045227,0.989101767539978
223,55,3,0.30333444476127625,0.24640750885009766,0.7301230430603027,0.2891770899295807,0.978594183921814
224,56,0,0.25832897424697876,0.20703227818012238,0.7146067023277283,0.29637375473976135,0.8128125667572021
225,56,1,0.2780139744281769,0.22728601098060608,0.7486733794212341,0.3074933588504791,1.0003125667572021
226,56,2,0.25903260707855225,0.2149929255247116,0.5518527030944824,0.3040148913860321,0.8996877670288086
227,56,3,0.2669987380504608,0.21353387832641602,0.5765844583511353,0.29856568574905396,1.0859375
228,57,0,0.2819880247116089,0.23089903593063354,0.6832163333892822,0.22115279734134674,0.7932813167572021
229,57,1,0.29787755012512207,0.24995966255664825,0.6396921277046204,0.29511475563049316,0.9955475926399231
230,57,2,0.31856468319892883,0.27426865696907043,0.6785886883735657,0.24399398267269135,0.8737896680831909
231,57,3,0.30816179513931274,0.2627544403076172,0.6645470857620239,0.2686384618282318,0.8750391006469727
232,58,0,0.25602033734321594,0.21209974586963654,0.658160388469696,0.3166137635707855,0.8523838520050049
233,58,1,0.25320732593536377,0.2113945186138153,0.5638116598129272,0.330556720495224,0.7570710182189941
234,58,2,0.23159193992614746,0.18313008546829224,0.6027867794036865,0.25093260407447815,0.9887892007827759
235,58,3,0.2515639662742615,0.21593156456947327,0.4973323941230774,0.31072142720222473,0.7705080509185791
236,59,0,0.30616503953933716,0.2708279490470886,0.6204571723937988,0.5274078249931335,1.4078128337860107
237,59,1,0.27301374077796936,0.22796323895454407,0.5830463171005249,0.2421054095029831,0.8601173162460327
238,59,2,0.28806784749031067,0.2403866946697235,0.7802486419677734,0.41952240467071533,1.1892971992492676
239,59,3,0.29001545906066895,0.22914204001426697,0.7134261131286621,0.2846670150756836,0.8378129005432129
240,60,0,0.297872930765152,0.2518421709537506,0.6234217882156372,0.4708569347858429,1.3986718654632568
241,60,1,0.2559523582458496,0.20511502027511597,0.6380418539047241,0.25416800379753113,0.8601173162460327
242,60,2,0.301072895526886,0.2526354491710663,0.6214735507965088,0.31992554664611816,1.0088284015655518
243,60,3,0.3180161416530609,0.25596702098846436,0.7694723010063171,0.26345038414001465,0.9246099591255188
244,61,0,0.2868989408016205,0.23743876814842224,0.8452193140983582,0.32162612676620483,1.0960161685943604
245,61,1,0.23999957740306854,0.1919136494398117,0.6015619039535522,0.13644012808799744,0.6219533085823059
246,61,2,0.26678267121315,0.2297932207584381,0.6006138324737549,0.2611233592033386,0.8638672828674316
247,61,3,0.25954315066337585,0.2212430238723755,0.5711448192596436,0.2667127847671509,0.860039234161377
248,62,0,0.2818153202533722,0.23078474402427673,0.7042719125747681,0.3002740442752838,0.9341797828674316
249,62,1,0.3111918270587921,0.2523820102214813,0.7556767463684082,0.2639709413051605,0.8251564502716064
250,62,2,0.3043188154697418,0.2645866870880127,0.6778935194015503,0.3032849133014679,1.0475001335144043
251,62,3,0.27650973200798035,0.22550977766513824,0.6352370977401733,0.24335113167762756,0.7533600926399231
252,63,0,0.2945096790790558,0.24594444036483765,0.7085533738136292,0.2791992127895355,0.7718364000320435
253,63,1,0.3246862590312958,0.2786429226398468,0.7682578563690186,0.3345053195953369,0.8969926834106445
254,63,2,0.2677959203720093,0.22134937345981598,0.5638995170593262,0.3413412570953369,0.999492883682251
255,63,3,0.2936425805091858,0.24358496069908142,0.6953988075256348,0.3162573277950287,1.1024219989776611
256,64,0,0.2516506016254425,0.21117614209651947,0.48718374967575073,0.1594860851764679,0.6219533085823059
257,64,1,0.25081667304039,0.19723831117153168,0.550945520401001,0.42212218046188354,1.3921096324920654
258,64,2,0.2705523669719696,0.21715492010116577,0.6513850688934326,0.2669316232204437,0.8326172828674316
259,64,3,0.24685955047607422,0.20906609296798706,0.5796415209770203,0.5319231152534485,1.4047670364379883
260,65,0,0.3409302830696106,0.2824968099594116,0.8096556663513184,0.27984124422073364,0.8676563501358032
261,65,1,0.2780376374721527,0.22718070447444916,0.8467104434967041,0.4289489686489105,1.382968783378601
262,65,2,0.30265939235687256,0.2544216513633728,0.7092092037200928,0.1914222687482834,0.4973440170288086
263,65,3,0.25934281945228577,0.21131037175655365,0.6446642279624939,0.15799003839492798,0.7151563167572021
264,66,0,0.3002983033657074,0.24806173145771027,0.7758187055587769,0.4271136522293091,1.0002343654632568
265,66,1,0.24707378447055817,0.1959274858236313,0.6249010562896729,0.3774975538253784,0.9908208847045898
266,66,2,0.30907437205314636,0.2515506446361542,0.6685566902160645,0.48594239354133606,1.2437503337860107
267,66,3,0.3018084764480591,0.2531687021255493,0.6887743473052979,0.28364136815071106,0.8347271680831909
268,67,0,0.2762146592140198,0.23191136121749878,0.6404677033424377,0.31199538707733154,0.8985156416893005
269,67,1,0.2759992182254791,0.23265066742897034,0.6146637201309204,0.2723451256752014,0.9345705509185791
270,67,2,0.2887219786643982,0.24177272617816925,0.6975041627883911,0.46427062153816223,1.2592190504074097
271,67,3,0.3030480742454529,0.25547751784324646,0.5653064250946045,0.2375570684671402,0.7461328506469727
272,68,0,0.2571386992931366,0.21658985316753387,0.5639680624008179,0.2601977586746216,0.7325395345687866
273,68,1,0.2910689115524292,0.24579128623008728,0.6111301183700562,0.40241101384162903,1.0400002002716064
274,68,2,0.3023969233036041,0.2505786120891571,0.6403566598892212,0.2631591856479645,0.6923830509185791
275,68,3,0.29472291469573975,0.23806430399417877,0.683906078338623,0.2563888430595398,0.7317971587181091
276,69,0,0.22660908102989197,0.1749754101037979,0.5604778528213501,0.22921904921531677,0.7969531416893005
277,69,1,0.25653424859046936,0.21556726098060608,0.5813266038894653,0.31790977716445923,1.054843783378601
278,69,2,0.25431984663009644,0.21119524538516998,0.6000893115997314,0.3119577169418335,1.0002343654632568
279,69,3,0.2429729700088501,0.20026856660842896,0.4868617057800293,0.25819215178489685,0.7229297161102295
280,70,0,0.2749602794647217,0.22343191504478455,0.7439494132995605,0.32142943143844604,0.9089068174362183
281,70,1,0.2081870138645172,0.1743207573890686,0.47381189465522766,0.34525758028030396,1.0264849662780762
282,70,2,0.23674388229846954,0.19711972773075104,0.5629960894584656,0.397530198097229,1.4222657680511475
283,70,3,0.22306056320667267,0.18302200734615326,0.49050793051719666,0.23381735384464264,0.5626953840255737
284,71,0,0.2952025532722473,0.23763695359230042,0.6504669189453125,0.33914390206336975,1.1889846324920654
285,71,1,0.2977316975593567,0.24652455747127533,0.7578402757644653,0.34878480434417725,0.9444928169250488
286,71,2,0.25935378670692444,0.21272844076156616,0.6315606236457825,0.3796958923339844,1.4310940504074097
287,71,3,0.23791712522506714,0.19601744413375854,0.5394042730331421,0.2873397767543793,0.7348829507827759
288,72,0,0.28530168533325195,0.23855865001678467,0.634936511516571,0.33821746706962585,1.0328128337860107
289,72,1,0.3119576871395111,0.2655061185359955,0.6327081918716431,0.2599755823612213,0.8325001001358032
290,72,2,0.26269006729125977,0.21108180284500122,0.6441003680229187,0.265968918800354,0.7368755340576172
291,72,3,0.2963144779205322,0.25359463691711426,0.6859776973724365,0.3596745431423187,1.1187503337860107
292,73,0,0.25705334544181824,0.2100188285112381,0.6206820011138916,0.2964951992034912,0.8331252336502075
293,73,1,0.2918063700199127,0.2518492639064789,0.6479382514953613,0.1767052263021469,0.48277392983436584
294,73,2,0.26073941588401794,0.21603471040725708,0.5678986310958862,0.4261782765388489,1.2346875667572021
295,73,3,0.23857401311397552,0.19088412821292877,0.6210096478462219,0.46713197231292725,1.2588284015655518
296,74,0,0.3053699731826782,0.25722670555114746,0.6846644878387451,0.3090689182281494,1.0405471324920654
297,74,1,0.2753812074661255,0.22043102979660034,0.6538904905319214,0.32071250677108765,1.0028131008148193
298,74,2,0.26981890201568604,0.22019962966442108,0.6867714524269104,0.2616427540779114,1.0938282012939453
299,74,3,0.28126242756843567,0.2368326187133789,0.7403460741043091,0.2813672721385956,0.8424614667892456
300,75,0,0.26840901374816895,0.22040292620658875,0.5831680297851562,0.31818366050720215,0.9269924163818359
301,75,1,0.2529633045196533,0.2139940708875656,0.5146845579147339,0.29014769196510315,0.7032812833786011
302,75,2,0.23873387277126312,0.1968386024236679,0.5212375521659851,0.23011168837547302,0.7987504005432129
303,75,3,0.27008217573165894,0.21715204417705536,0.6933690905570984,0.435659259557724,1.4244537353515625
304,76,0,0.2724769711494446,0.21747389435768127,0.7632424831390381,0.2880937159061432,0.9024218916893005
305,76,1,0.27213093638420105,0.2285856306552887,0.5463550686836243,0.406259149312973,1.0549218654632568
306,76,2,0.22713623940944672,0.18730615079402924,0.6410536766052246,0.29514220356941223,0.9025781750679016
307,76,3,0.2871127724647522,0.2373637706041336,0.6817781925201416,0.2572668492794037,0.8711718916893005
308,77,0,0.2534361779689789,0.2075508087873459,0.5932571291923523,0.3862135410308838,1.2503125667572021
309,77,1,0.2686111330986023,0.21438224613666534,0.7105035781860352,0.41981688141822815,1.5404707193374634
310,77,2,0.26255932450294495,0.21759657561779022,0.5867527723312378,0.2953997850418091,0.8008593916893005
311,77,3,0.29428648948669434,0.24899393320083618,0.6932682991027832,0.2118014544248581,0.7126175165176392
312,78,0,0.26580166816711426,0.21158230304718018,0.67923903465271,0.2760546803474426,0.7936720252037048
313,78,1,0.2375054806470871,0.19917121529579163,0.612109363079071,0.3274639844894409,0.966291069984436
314,78,2,0.28039148449897766,0.22815105319023132,0.6235610246658325,0.35371658205986023,1.1959376335144043
315,78,3,0.22148028016090393,0.1820473074913025,0.5196973085403442,0.31188783049583435,0.965664267539978
316,79,0,0.27091145515441895,0.22181294858455658,0.6468123197555542,0.31159159541130066,0.7835942506790161
317,79,1,0.24814924597740173,0.19951562583446503,0.6043338775634766,0.3067132532596588,0.8266801834106445
318,79,2,0.2669498324394226,0.22774158418178558,0.5359351634979248,0.26970168948173523,0.9009380340576172
319,79,3,0.27041471004486084,0.2210894525051117,0.6088590621948242,0.4074060022830963,1.1180469989776611
320,80,0,0.21771904826164246,0.17809243500232697,0.45515576004981995,0.287200003862381,0.8755860328674316
321,80,1,0.25907862186431885,0.22284096479415894,0.560735821723938,0.3522869944572449,0.8153131008148193
322,80,2,0.23658336699008942,0.19673040509223938,0.4992275834083557,0.4035012722015381,1.007968783378601
323,80,3,0.2534589469432831,0.20731347799301147,0.518837571144104,0.2766219973564148,0.8870313167572021
324,81,0,0.2656003534793854,0.22059854865074158,0.619834303855896,0.35780638456344604,1.2212505340576172
325,81,1,0.2853492200374603,0.23931442201137543,0.581649124622345,0.26021331548690796,0.7857422828674316
326,81,2,0.29321664571762085,0.23691736161708832,0.6478656530380249,0.2593015432357788,0.7988285422325134
327,81,3,0.2629431188106537,0.21743571758270264,0.6381398439407349,0.3166474997997284,1.039218783378601
328,82,0,0.2517748773097992,0.2071894258260727,0.5937315821647644,0.4335595667362213,1.079453468322754
329,82,1,0.28145864605903625,0.23584038019180298,0.6006638407707214,0.2569572329521179,0.8302348256111145
330,82,2,0.28912460803985596,0.2446083426475525,0.6510947942733765,0.34045273065567017,1.1645313501358032
331,82,3,0.2751234471797943,0.22633028030395508,0.7002246379852295,0.411681205034256,1.3131251335144043
332,83,0,0.28455135226249695,0.2282300591468811,0.6676335334777832,0.3411242663860321,1.0329691171646118
333,83,1,0.2547619044780731,0.21840645372867584,0.542283296585083,0.2648966908454895,0.9941410422325134
334,83,2,0.23297719657421112,0.1946696788072586,0.5647326707839966,0.29381176829338074,1.1175000667572021
335,83,3,0.31442776322364807,0.2689695656299591,0.646039605140686,0.2976313829421997,1.0478909015655518
336,84,0,0.24972181022167206,0.20317573845386505,0.6940240859985352,0.3219274878501892,1.0469532012939453
337,84,1,0.2598869800567627,0.21369150280952454,0.5796782970428467,0.31536194682121277,0.7818751335144043
338,84,2,0.2612576484680176,0.2107093781232834,0.6330432295799255,0.33151671290397644,1.1975786685943604
339,84,3,0.23727090656757355,0.19639615714550018,0.6346884965896606,0.31254273653030396,1.0632033348083496
340,85,0,0.2925507426261902,0.24431973695755005,0.7853285670280457,0.31428253650665283,0.8637892007827759
341,85,1,0.2749648690223694,0.2218695431947708,0.6941897869110107,0.30352583527565,0.9360551834106445
342,85,2,0.24631737172603607,0.2037048190832138,0.5867049098014832,0.31633758544921875,0.7661719918251038
343,85,3,0.2517314851284027,0.20600993931293488,0.5666071176528931,0.33857008814811707,1.1588287353515625
344,86,0,0.2868177592754364,0.23315416276454926,0.7202523350715637,0.3410324156284332,1.0564846992492676
345,86,1,0.2748607397079468,0.23030608892440796,0.576232373714447,0.30731505155563354,0.9032033085823059
346,86,2,0.2654615342617035,0.2130352258682251,0.6171988844871521,0.3841807544231415,1.1334376335144043
347,86,3,0.2953622043132782,0.24366027116775513,0.652734100818634,0.3068431317806244,0.9805078506469727
348,87,0,0.28020307421684265,0.2315385788679123,0.663108229637146,0.2500569820404053,0.9686336517333984
349,87,1,0.2353108525276184,0.19051434099674225,0.6187518835067749,0.28951385617256165,0.7769538760185242
350,87,2,0.29937943816185,0.24242542684078217,0.6450110673904419,0.4246712625026703,1.1894536018371582
351,87,3,0.25874707102775574,0.2184356451034546,0.5614323019981384,0.28061074018478394,0.9810547828674316
352,88,0,0.19670142233371735,0.16290295124053955,0.4537496566772461,0.3208605945110321,1.0717971324920654
353,88,1,0.2251083254814148,0.18616361916065216,0.5469192266464233,0.2870904505252838,0.9041019678115845
354,88,2,0.238453209400177,0.20066845417022705,0.5415271520614624,0.352603942155838,1.1961719989776611
355,88,3,0.21584556996822357,0.17557786405086517,0.5382710695266724,0.3343110680580139,1.211484432220459
356,89,0,0.21206723153591156,0.1798730045557022,0.4951448142528534,0.3185363709926605,0.9692587852478027
357,89,1,0.24358050525188446,0.20547229051589966,0.5431839227676392,0.28575149178504944,0.8685159087181091
358,89,2,0.19684749841690063,0.15995623171329498,0.48847782611846924,0.29505813121795654,0.9548840522766113
359,89,3,0.23961800336837769,0.19171026349067688,0.585086464881897,0.3830012381076813,1.414609432220459
360,90,0,0.27629441022872925,0.22110530734062195,0.6514804363250732,0.3355264365673065,0.8485158085823059
361,90,1,0.2504081726074219,0.20740027725696564,0.5447028875350952,0.3544653356075287,1.0139856338500977
362,90,2,0.2614785432815552,0.2171236276626587,0.6151202917098999,0.2822471559047699,0.8673437833786011
363,90,3,0.22590331733226776,0.17758773267269135,0.6622141003608704,0.3092828392982483,0.8920315504074097
364,91,0,0.2673476040363312,0.21956373751163483,0.6302937269210815,0.26633456349372864,0.8050391674041748
365,91,1,0.2648404538631439,0.2159813493490219,0.5982052087783813,0.27589529752731323,0.9314066171646118
366,91,2,0.2575545012950897,0.22012649476528168,0.494377076625824,0.328086256980896,1.0826572179794312
367,91,3,0.2551974058151245,0.21308642625808716,0.6188170909881592,0.36254027485847473,0.9939066171646118
368,92,0,0.23248499631881714,0.18604439496994019,0.5826402902603149,0.28349536657333374,0.9640631675720215
369,92,1,0.2934325337409973,0.24640950560569763,0.6822612285614014,0.36084043979644775,0.8752734661102295
370,92,2,0.21401241421699524,0.17882566154003143,0.43873265385627747,0.3286329507827759,1.0400002002716064
371,92,3,0.2499912977218628,0.20549561083316803,0.624663233757019,0.3166859447956085,0.9316410422325134
372,93,0,0.24602892994880676,0.2039121836423874,0.5420292615890503,0.33137643337249756,0.9651172161102295
373,93,1,0.24141456186771393,0.19987577199935913,0.5746259689331055,0.28139403462409973,0.9386721253395081
374,93,2,0.22628813982009888,0.19252239167690277,0.4744986295700073,0.4601801931858063,1.392812967300415
375,93,3,0.24483755230903625,0.20371346175670624,0.5150169134140015,0.29290008544921875,1.1257033348083496
376,94,0,0.24666641652584076,0.19829489290714264,0.5854126811027527,0.2570565938949585,0.8953126668930054
377,94,1,0.2544414699077606,0.21097815036773682,0.5806897282600403,0.2533673048019409,0.9332820177078247
378,94,2,0.25877878069877625,0.22031019628047943,0.5766923427581787,0.3057720959186554,0.8599219918251038
379,94,3,0.26476916670799255,0.21890482306480408,0.7490317821502686,0.26888734102249146,0.786523699760437
380,95,0,0.2067139595746994,0.16926240921020508,0.5032278895378113,0.2710946798324585,0.868008017539978
381,95,1,0.2481115311384201,0.2047719806432724,0.571379542350769,0.2618640065193176,0.7864456176757812
382,95,2,0.2417008876800537,0.19553011655807495,0.6125586032867432,0.30943238735198975,1.0246877670288086
383,95,3,0.23219291865825653,0.19409066438674927,0.4946075677871704,0.3898901343345642,1.2135162353515625
384,96,0,0.24189482629299164,0.19512934982776642,0.5996627807617188,0.3379199206829071,1.001328468322754
385,96,1,0.26796674728393555,0.22268365323543549,0.5852436423301697,0.2772793471813202,0.8401172161102295
386,96,2,0.2626286447048187,0.2185867428779602,0.6545732617378235,0.3318130373954773,0.8833204507827759
387,96,3,0.24886883795261383,0.19945625960826874,0.5825106501579285,0.327932745218277,0.994375467300415
388,97,0,0.22082529962062836,0.18006618320941925,0.5406807661056519,0.44337281584739685,1.234531283378601
389,97,1,0.28932109475135803,0.2413787692785263,0.665084719657898,0.28581297397613525,0.9922656416893005
390,97,2,0.2373749315738678,0.1950920671224594,0.5149208903312683,0.3016381859779358,1.0238282680511475
391,97,3,0.2597505450248718,0.2150433361530304,0.5314077734947205,0.32283711433410645,0.9229689836502075
392,98,0,0.25393328070640564,0.21083812415599823,0.5276429057121277,0.23291374742984772,1.0471093654632568
393,98,1,0.24677543342113495,0.2092461735010147,0.6008901596069336,0.3300958275794983,0.9341017007827759
394,98,2,0.25149667263031006,0.20648562908172607,0.5780606865882874,0.37187135219573975,1.0625
395,98,3,0.21848079562187195,0.16918443143367767,0.5623166561126709,0.37548568844795227,1.2658593654632568
396,99,0,0.2600790560245514,0.21523120999336243,0.5638349652290344,0.5935845971107483,1.8916425704956055
397,99,1,0.24540667235851288,0.20439830422401428,0.6259111762046814,0.2854149639606476,0.78125
398,99,2,0.27306124567985535,0.2287990003824234,0.5961427688598633,0.3551766872406006,1.267266035079956
399,99,3,0.2674073874950409,0.22031286358833313,0.5883840322494507,0.26511305570602417,0.7817587852478027
400,100,0,0.25998827815055847,0.21723581850528717,0.5436016321182251,0.38402295112609863,1.468906283378601
401,100,1,0.28961488604545593,0.23146992921829224,0.6471444964408875,0.2889915406703949,1.008359432220459
402,100,2,0.2721693515777588,0.2348041981458664,0.5363008975982666,0.2917224168777466,0.7194532752037048
403,100,3,0.2612426280975342,0.20997491478919983,0.6031250953674316,0.3393038809299469,0.9219141006469727
404,101,0,0.25150594115257263,0.20425406098365784,0.5713643431663513,0.3014605641365051,0.9344923496246338
405,101,1,0.2503860890865326,0.20958676934242249,0.5574328899383545,0.3243972659111023,0.9265235662460327
406,101,2,0.2611578404903412,0.2175740748643875,0.5870107412338257,0.2646908462047577,0.7933204174041748
407,101,3,0.29223474860191345,0.2489459216594696,0.5756423473358154,0.3470190465450287,1.0184381008148193
408,102,0,0.23304744064807892,0.20092891156673431,0.5474514365196228,0.2785133421421051,0.82421875
409,102,1,0.2534753680229187,0.20338955521583557,0.6021150946617126,0.2850317358970642,0.809609591960907
410,102,2,0.2359929233789444,0.1928311288356781,0.5927419066429138,0.2867269814014435,0.8143362998962402
411,102,3,0.24050863087177277,0.19644370675086975,0.6282873153686523,0.4029272496700287,1.2121877670288086
412,103,0,0.23434634506702423,0.1940799504518509,0.6420090198516846,0.291584312915802,0.8830868005752563
413,103,1,0.24649617075920105,0.2063109278678894,0.5999245047569275,0.27388855814933777,0.9194924831390381
414,103,2,0.23561440408229828,0.1940692663192749,0.7035881280899048,0.37618958950042725,1.0968756675720215
415,103,3,0.21799157559871674,0.17729607224464417,0.48312562704086304,0.2724597156047821,0.8051172494888306
416,104,0,0.2652103006839752,0.22398285567760468,0.7149325609207153,0.2771758735179901,0.9050396680831909
417,104,1,0.260967493057251,0.21478073298931122,0.6000041961669922,0.2488592565059662,0.7701172828674316
418,104,2,0.2335326075553894,0.1847274899482727,0.6545083522796631,0.29881560802459717,0.7635550498962402
419,104,3,0.2237636148929596,0.1807270497083664,0.5802900195121765,0.32545021176338196,1.2425782680511475
420,105,0,0.2333560734987259,0.18799751996994019,0.5373916625976562,0.3240668773651123,1.0393767356872559
421,105,1,0.2310272604227066,0.18364626169204712,0.6205772757530212,0.32946106791496277,1.156796932220459
422,105,2,0.24244964122772217,0.19087688624858856,0.7469420433044434,0.34733155369758606,1.164218783378601
423,105,3,0.23573458194732666,0.19345726072788239,0.537699818611145,0.2680168151855469,0.9260547161102295
424,106,0,0.26350951194763184,0.22164598107337952,0.7308886051177979,0.24000969529151917,0.7816797494888306
425,106,1,0.25064656138420105,0.21330486238002777,0.5453891754150391,0.3042614758014679,0.8416019678115845
426,106,2,0.2579318881034851,0.20992544293403625,0.5503712296485901,0.31508728861808777,0.9985551834106445
427,106,3,0.24342112243175507,0.20124465227127075,0.6520782709121704,0.2861248254776001,1.2439066171646118
428,107,0,0.28483858704566956,0.2387661188840866,0.6713427901268005,0.45838624238967896,1.279532551765442
429,107,1,0.27080056071281433,0.2152472883462906,0.7671874761581421,0.31791746616363525,0.9859378337860107
430,107,2,0.27957215905189514,0.2341206669807434,0.692645788192749,0.374977707862854,1.1959376335144043
431,107,3,0.2991781532764435,0.24703919887542725,0.8001255989074707,0.267851322889328,0.9476567506790161
432,108,0,0.23205184936523438,0.187720388174057,0.5708498954772949,0.3280751705169678,0.9519146680831909
433,108,1,0.22877392172813416,0.1934185028076172,0.48505616188049316,0.24584533274173737,0.8351178169250488
434,108,2,0.23944632709026337,0.19788210093975067,0.5331249833106995,0.2870558202266693,0.9890235662460327
435,108,3,0.22992058098316193,0.1955353319644928,0.49911820888519287,0.3375512659549713,1.095078468322754
436,109,0,0.20495502650737762,0.1691434681415558,0.555474579334259,0.3155249059200287,1.2194533348083496
437,109,1,0.2503393888473511,0.2093874216079712,0.5963037014007568,0.27854132652282715,0.8800393342971802
438,109,2,0.2386498749256134,0.195391446352005,0.540745735168457,0.2825791537761688,1.0943751335144043
439,109,3,0.28275221586227417,0.23727881908416748,0.5983342528343201,0.30126187205314636,1.1414064168930054
440,110,0,0.24259328842163086,0.20392528176307678,0.5586434602737427,0.30036240816116333,0.988594651222229
441,110,1,0.21867714822292328,0.17930063605308533,0.5522201061248779,0.2829058766365051,0.7307422161102295
442,110,2,0.27175503969192505,0.22325564920902252,0.5743201971054077,0.3222289979457855,0.9808204174041748
443,110,3,0.237178236246109,0.19887270033359528,0.5270495414733887,0.2825341820716858,0.8238288760185242
444,111,0,0.24187655746936798,0.2009539157152176,0.5427926182746887,0.3035241663455963,1.159766435623169
445,111,1,0.23946982622146606,0.19410867989063263,0.48614180088043213,0.3722277879714966,1.1812503337860107
446,111,2,0.21728113293647766,0.17982318997383118,0.5753330588340759,0.25011536478996277,0.7251176834106445
447,111,3,0.2358267456293106,0.19138038158416748,0.5348598957061768,0.30020081996917725,0.821290135383606
448,112,0,0.22838181257247925,0.18877746164798737,0.5415735244750977,0.3503867983818054,1.0178911685943604
449,112,1,0.2271214872598648,0.19029396772384644,0.4695802628993988,0.2675730884075165,0.9194924831390381
450,112,2,0.23498481512069702,0.19609171152114868,0.5718198418617249,0.29481810331344604,0.7983987331390381
451,112,3,0.2411624938249588,0.19342869520187378,0.6839501857757568,0.29006654024124146,0.8795313835144043
452,113,0,0.2221854329109192,0.18785367906093597,0.525341272354126,0.2887856364250183,1.2035157680511475
453,113,1,0.2505238652229309,0.1982603669166565,0.66236412525177,0.27463898062705994,0.9455469250679016
454,113,2,0.22917845845222473,0.19218602776527405,0.4913698434829712,0.3005169630050659,0.9455078840255737
455,113,3,0.22525520622730255,0.18270617723464966,0.5558276176452637,0.2565039098262787,0.8092970252037048
456,114,0,0.2667859196662903,0.22608429193496704,0.522996187210083,0.27785587310791016,1.2146883010864258
457,114,1,0.22657670080661774,0.18974748253822327,0.5795696377754211,0.2597026824951172,0.9385939836502075
458,114,2,0.2005089968442917,0.1587781459093094,0.47313085198402405,0.3047424256801605,0.9667582511901855
459,114,3,0.22230716049671173,0.1867474615573883,0.5915071964263916,0.3368656039237976,1.2663283348083496
460,115,0,0.23388715088367462,0.19470453262329102,0.6491473913192749,0.23391234874725342,0.7421875
461,115,1,0.20901618897914886,0.17617833614349365,0.540343165397644,0.304696649312973,0.9846094250679016
462,115,2,0.20736905932426453,0.17778579890727997,0.4529828429222107,0.3291088938713074,1.0171096324920654
463,115,3,0.1968926340341568,0.15868735313415527,0.4507244825363159,0.3060302734375,0.981836199760437
464,116,0,0.259985089302063,0.2180374264717102,0.5918689370155334,0.26587975025177,0.7657421827316284
465,116,1,0.22888727486133575,0.19086946547031403,0.5090041160583496,0.29046982526779175,0.7281644344329834
466,116,2,0.2437143325805664,0.20542125403881073,0.5336146354675293,0.2695138454437256,0.6799609661102295
467,116,3,0.26401272416114807,0.22240477800369263,0.5781211256980896,0.2911517322063446,0.9227345585823059
468,117,0,0.25035327672958374,0.20796552300453186,0.5890330076217651,0.2914852797985077,0.9884766340255737
469,117,1,0.23240432143211365,0.19229847192764282,0.5092922449111938,0.2605016231536865,0.821328341960907
470,117,2,0.26374635100364685,0.2154650241136551,0.6142812967300415,0.24039916694164276,0.7930468916893005
471,117,3,0.24327382445335388,0.19903582334518433,0.5719573497772217,0.27345749735832214,0.7719926834106445
472,118,0,0.22347211837768555,0.18693915009498596,0.5539255738258362,0.3119088411331177,1.0651568174362183
473,118,1,0.24220064282417297,0.2012808471918106,0.5946171283721924,0.3218573033809662,0.9700002670288086
474,118,2,0.22209756076335907,0.17183160781860352,0.539968729019165,0.3013591766357422,0.8533597588539124
475,118,3,0.28223463892936707,0.23036883771419525,0.6801943778991699,0.27617186307907104,0.9962109327316284
476,119,0,0.2083638608455658,0.16074758768081665,0.5182322263717651,0.26333892345428467,0.8264458179473877
477,119,1,0.20911508798599243,0.17281530797481537,0.42291784286499023,0.31879234313964844,0.9894924163818359
478,119,2,0.22960147261619568,0.18638475239276886,0.5345525741577148,0.2880377173423767,0.8959769010543823
479,119,3,0.23235805332660675,0.18750537931919098,0.5430806279182434,0.3409005105495453,0.8409377336502075
480,120,0,0.27119913697242737,0.22361503541469574,0.5612205266952515,0.3391967713832855,1.0003907680511475
481,120,1,0.25752249360084534,0.21441161632537842,0.5958425998687744,0.2934161424636841,0.8247267007827759
482,120,2,0.2782682180404663,0.22990593314170837,0.6636393070220947,0.32877060770988464,1.0085158348083496
483,120,3,0.25907275080680847,0.21187900006771088,0.6754990816116333,0.39288756251335144,1.2113282680511475
484,121,0,0.226120725274086,0.18355737626552582,0.526480495929718,0.2977924346923828,0.9741799831390381
485,121,1,0.24122647941112518,0.20737609267234802,0.5372765064239502,0.28896668553352356,0.9810547828674316
486,121,2,0.23997244238853455,0.19526702165603638,0.5844122171401978,0.2656717002391815,0.8536723256111145
487,121,3,0.21791554987430573,0.17626748979091644,0.4976774752140045,0.2991921901702881,0.9181641340255737
488,122,0,0.27232396602630615,0.22774933278560638,0.8903093338012695,0.438019722700119,1.1885159015655518
489,122,1,0.27758294343948364,0.2223261296749115,0.7716225981712341,0.27559661865234375,0.9047271013259888
490,122,2,0.2794701159000397,0.23268073797225952,0.7204341888427734,0.3097195327281952,0.8328126668930054
491,122,3,0.2945292890071869,0.2462916374206543,0.6361980438232422,0.28653258085250854,0.9102343916893005
492,123,0,0.2470080405473709,0.21299752593040466,0.4847978353500366,0.2499445378780365,0.7231251001358032
493,123,1,0.23433521389961243,0.19593195617198944,0.5194826126098633,0.2417767345905304,0.6527344584465027
494,123,2,0.2181076854467392,0.18201026320457458,0.47532331943511963,0.29735350608825684,0.83203125
495,123,3,0.24213024973869324,0.20416948199272156,0.6289350986480713,0.29010435938835144,0.8695317506790161
496,124,0,0.2405269742012024,0.20022881031036377,0.5691328048706055,0.3226965367794037,0.9972268342971802
497,124,1,0.2567651867866516,0.2132583111524582,0.594210684299469,0.28000152111053467,0.7914848923683167
498,124,2,0.24399571120738983,0.20486575365066528,0.6863486170768738,0.27036377787590027,0.8751171827316284
499,124,3,0.2413938194513321,0.19128946959972382,0.5955791473388672,0.37962159514427185,1.1267971992492676
500,125,0,0.2049948275089264,0.17106576263904572,0.4465257227420807,0.2982446253299713,1.072344183921814
501,125,1,0.20413975417613983,0.16921354830265045,0.47966527938842773,0.3202233910560608,0.9141016006469727
502,125,2,0.21878759562969208,0.18602629005908966,0.46494054794311523,0.28329771757125854,0.7831653356552124
503,125,3,0.21772773563861847,0.18116475641727448,0.473514199256897,0.2813684940338135,0.8796485662460327
504,126,0,0.25506559014320374,0.20766399800777435,0.6116467714309692,0.24833868443965912,0.946328341960907
505,126,1,0.2470822036266327,0.20822025835514069,0.5779435634613037,0.31658852100372314,1.0159375667572021
506,126,2,0.24558202922344208,0.20006130635738373,0.5721954107284546,0.29177430272102356,0.9065234661102295
507,126,3,0.2170632779598236,0.17059266567230225,0.5195338726043701,0.3670657277107239,1.1179689168930054
508,127,0,0.24971595406532288,0.2069353312253952,0.5433266758918762,0.32241150736808777,0.9024218916893005
509,127,1,0.2322794646024704,0.18861354887485504,0.5494481325149536,0.32274821400642395,0.8631258010864258
510,127,2,0.2547852396965027,0.2091177999973297,0.6139165163040161,0.3223327696323395,0.8692973256111145
511,127,3,0.24509297311306,0.20487219095230103,0.5320678353309631,0.29396483302116394,1.0008594989776611
512,128,0,0.2473200261592865,0.19993999600410461,0.5985879302024841,0.26884400844573975,0.8712109327316284
513,128,1,0.22251178324222565,0.1802075207233429,0.5226346850395203,0.250557541847229,0.9418359994888306
514,128,2,0.2411075085401535,0.19968611001968384,0.5495500564575195,0.23727402091026306,0.9808984994888306
515,128,3,0.23278196156024933,0.187149316072464,0.58698570728302,0.2982374131679535,1.0238282680511475
516,129,0,0.22349859774112701,0.18334615230560303,0.5073325037956238,0.27904731035232544,0.8353523015975952
517,129,1,0.2526387572288513,0.20695766806602478,0.5495537519454956,0.2872195541858673,0.9378516674041748
518,129,2,0.2518833875656128,0.20662404596805573,0.6656109690666199,0.35205087065696716,1.0478127002716064
519,129,3,0.24995966255664825,0.2034398466348648,0.5567439794540405,0.2928979992866516,1.195468783378601
520,130,0,0.23474615812301636,0.19077901542186737,0.7557673454284668,0.24172665178775787,0.6965627670288086
521,130,1,0.2151859998703003,0.17854374647140503,0.49800530076026917,0.3315701186656952,1.227109432220459
522,130,2,0.22830337285995483,0.1824369877576828,0.47394859790802,0.39481934905052185,1.1421096324920654
523,130,3,0.23294177651405334,0.1914452165365219,0.5300273895263672,0.3087512254714966,0.8996877670288086
524,131,0,0.23454442620277405,0.1940094530582428,0.4896460473537445,0.24966782331466675,0.8085945844650269
525,131,1,0.2012391984462738,0.1695965826511383,0.4588858187198639,0.2838488817214966,0.994219183921814
526,131,2,0.1989014893770218,0.1626177728176117,0.40925681591033936,0.26988494396209717,0.953125
527,131,3,0.22281008958816528,0.19024693965911865,0.4862051010131836,0.3058016300201416,0.9149220585823059
528,132,0,0.24426208436489105,0.20587769150733948,0.5468079447746277,0.3531118631362915,0.9153127670288086
529,132,1,0.22743931412696838,0.1859058141708374,0.5598732233047485,0.31589874625205994,1.0095316171646118
530,132,2,0.22660233080387115,0.18338650465011597,0.5631782412528992,0.286527544260025,0.9337109327316284
531,132,3,0.23784185945987701,0.19246028363704681,0.5572455525398254,0.29441025853157043,0.9648828506469727
532,133,0,0.2483428716659546,0.20942376554012299,0.5228481292724609,0.31188783049583435,0.8951172828674316
533,133,1,0.2153903841972351,0.17549684643745422,0.6063867211341858,0.23369872570037842,0.7309767007827759
534,133,2,0.2468079775571823,0.20894216001033783,0.5453988313674927,0.32644912600517273,0.7935547828674316
535,133,3,0.24918396770954132,0.21055130660533905,0.4971694350242615,0.3048545718193054,0.9931252002716064
536,134,0,0.23011671006679535,0.1969824731349945,0.5017340779304504,0.22885136306285858,0.8520704507827759
537,134,1,0.21453505754470825,0.1767258495092392,0.4978417158126831,0.31557098031044006,1.0081250667572021
538,134,2,0.22731201350688934,0.18588313460350037,0.5837609767913818,0.2558932602405548,0.7172661423683167
539,134,3,0.2476041465997696,0.2027021050453186,0.66015625,0.3173123300075531,0.9564069509506226
540,135,0,0.2067285180091858,0.17146092653274536,0.4477120339870453,0.26707884669303894,0.8204296827316284
541,135,1,0.22066016495227814,0.18950079381465912,0.4352377951145172,0.3116261959075928,1.0004688501358032
542,135,2,0.22610145807266235,0.18504230678081512,0.5062812566757202,0.31323227286338806,1.0564846992492676
543,135,3,0.2208099663257599,0.18115219473838806,0.4959964454174042,0.32136648893356323,0.9845312833786011
544,136,0,0.22650796175003052,0.1863701492547989,0.5068871974945068,0.2590863108634949,0.9613282084465027
545,136,1,0.1907244473695755,0.15962669253349304,0.46002480387687683,0.31611207127571106,1.0949220657348633
546,136,2,0.2277098298072815,0.19118167459964752,0.5063048005104065,0.25169333815574646,0.7428907752037048
547,136,3,0.18907171487808228,0.16081713140010834,0.40343406796455383,0.27525436878204346,0.8776568174362183
548,137,0,0.2333531677722931,0.18823212385177612,0.5144712924957275,0.29236847162246704,0.7703126668930054
549,137,1,0.216453418135643,0.1779203861951828,0.5150551199913025,0.2526197135448456,0.8962894678115845
550,137,2,0.21304215490818024,0.1803252398967743,0.4763031601905823,0.2833772301673889,0.9691407084465027
551,137,3,0.24520374834537506,0.21173104643821716,0.5160471200942993,0.3516046106815338,1.1650002002716064
552,138,0,0.24917380511760712,0.20555101335048676,0.5559695363044739,0.3204003870487213,1.1602351665496826
553,138,1,0.235409215092659,0.19303598999977112,0.5666342973709106,0.2742541432380676,0.848320484161377
554,138,2,0.22988925874233246,0.19230107963085175,0.5037961602210999,0.2556689381599426,0.7970703840255737
555,138,3,0.2547304928302765,0.21476581692695618,0.5385531783103943,0.23783446848392487,0.8562501668930054
556,139,0,0.20336657762527466,0.17099590599536896,0.49931955337524414,0.38998696208000183,1.0724222660064697
557,139,1,0.20720140635967255,0.1756874918937683,0.4624803066253662,0.2799304127693176,0.822344183921814
558,139,2,0.21772249042987823,0.18400238454341888,0.47099581360816956,0.30182310938835144,1.1218760013580322
559,139,3,0.2046632319688797,0.1677163541316986,0.49716630578041077,0.3552587926387787,0.9613282084465027
560,140,0,0.21521028876304626,0.1773516833782196,0.5868110656738281,0.28518402576446533,1.0000782012939453
561,140,1,0.2172648310661316,0.180510476231575,0.5190490484237671,0.2915521264076233,1.096484899520874
562,140,2,0.21524108946323395,0.17484255135059357,0.5732737183570862,0.2982921600341797,1.0479689836502075
563,140,3,0.2543196380138397,0.21090739965438843,0.5958352088928223,0.26972779631614685,0.7992973923683167
564,141,0,0.23404833674430847,0.18470625579357147,0.6442056894302368,0.30140411853790283,0.9063281416893005
565,141,1,0.22800280153751373,0.18841278553009033,0.5484675765037537,0.2682366967201233,0.670000433921814
566,141,2,0.20944702625274658,0.1730109006166458,0.46425825357437134,0.24190856516361237,0.7049222588539124
567,141,3,0.2400500327348709,0.19985152781009674,0.6301128268241882,0.2393328845500946,0.6805470585823059
568,142,0,0.23975048959255219,0.19972752034664154,0.5158382654190063,0.302560418844223,0.9597271680831909
569,142,1,0.20939157903194427,0.17234769463539124,0.5369689464569092,0.3316577076911926,1.056562900543213
570,142,2,0.19364361464977264,0.16326868534088135,0.434314489364624,0.28229594230651855,0.864297091960907
571,142,3,0.2214599847793579,0.1860239952802658,0.46295166015625,0.291635662317276,0.9262109994888306
572,143,0,0.24717983603477478,0.20182275772094727,0.6392298936843872,0.3279537856578827,1.227109432220459
573,143,1,0.21188300848007202,0.17548465728759766,0.45742952823638916,0.36392319202423096,1.111562967300415
574,143,2,0.22805801033973694,0.1853930652141571,0.6158117055892944,0.27880311012268066,1.0260162353515625
575,143,3,0.27324235439300537,0.2310730516910553,0.7089294791221619,0.30404481291770935,0.926601767539978
576,144,0,0.20694664120674133,0.17130638659000397,0.47934699058532715,0.3241000473499298,0.7723451852798462
577,144,1,0.23153948783874512,0.19420459866523743,0.510753870010376,0.2737811207771301,0.8492581844329834
578,144,2,0.22369730472564697,0.18922466039657593,0.5327660441398621,0.3010324239730835,0.9154690504074097
579,144,3,0.2693130373954773,0.22860760986804962,0.6949608325958252,0.29049208760261536,1.0475783348083496
580,145,0,0.20489834249019623,0.17209374904632568,0.426499605178833,0.2690359354019165,0.9196487665176392
581,145,1,0.20001819729804993,0.17075906693935394,0.4077039957046509,0.3222094774246216,1.1803908348083496
582,145,2,0.20237618684768677,0.17075656354427338,0.5483348965644836,0.2786218225955963,0.9935159087181091
583,145,3,0.19623449444770813,0.15929561853408813,0.5308178663253784,0.3315911889076233,1.1104689836502075
584,146,0,0.24937647581100464,0.21124888956546783,0.570777952671051,0.2575176954269409,0.9377734661102295
585,146,1,0.21836575865745544,0.17552562057971954,0.45871463418006897,0.2841317653656006,0.8800393342971802
586,146,2,0.24862724542617798,0.2070150226354599,0.5264653563499451,0.3026704490184784,1.1719532012939453
587,146,3,0.2046893984079361,0.17356958985328674,0.4595180153846741,0.2691015601158142,0.8174611330032349
588,147,0,0.22420409321784973,0.1804998219013214,0.4849581718444824,0.24054601788520813,0.8063675165176392
589,147,1,0.2176418900489807,0.17580756545066833,0.6506075859069824,0.270590215921402,0.8362500667572021
590,147,2,0.20757222175598145,0.16869761049747467,0.5116404891014099,0.2866747975349426,0.8527736663818359
591,147,3,0.23442672193050385,0.18375164270401,0.5625346899032593,0.3304669260978699,1.0484378337860107
592,148,0,0.21720129251480103,0.1782495379447937,0.448219358921051,0.2684375047683716,0.8993360996246338
593,148,1,0.20647071301937103,0.17389290034770966,0.46819576621055603,0.2800424098968506,0.871757984161377
594,148,2,0.2281450480222702,0.18369083106517792,0.5205765962600708,0.310918390750885,0.9846094250679016
595,148,3,0.22680887579917908,0.1845194399356842,0.5103155374526978,0.29134583473205566,0.7863283753395081
596,149,0,0.21897591650485992,0.1788102090358734,0.5121656656265259,0.2737530469894409,0.8995314836502075
597,149,1,0.20930004119873047,0.1773594617843628,0.5766323208808899,0.28502026200294495,1.1111721992492676
598,149,2,0.220957949757576,0.18541289865970612,0.4548083543777466,0.2780224680900574,0.9064844250679016
599,149,3,0.22665202617645264,0.1849660724401474,0.4926643371582031,0.2905258238315582,0.9690234661102295
600,150,0,0.21482343971729279,0.17398349940776825,0.5238310098648071,0.28679168224334717,0.9232034087181091
601,150,1,0.2275155633687973,0.1872812807559967,0.5432360768318176,0.2980495095252991,0.8949219584465027
602,150,2,0.20986925065517426,0.17144875228405,0.4702353775501251,0.30187657475471497,1.0946877002716064
603,150,3,0.2095240354537964,0.17217525839805603,0.45901644229888916,0.32289230823516846,0.9729297161102295
604,151,0,0.21296748518943787,0.17402008175849915,0.5136885643005371,0.2646435499191284,0.8777349591255188
605,151,1,0.2245541214942932,0.18416593968868256,0.5719625949859619,0.27401551604270935,0.7430860996246338
606,151,2,0.21094010770320892,0.16475485265254974,0.5063976645469666,0.3492407202720642,1.0639846324920654
607,151,3,0.22434157133102417,0.18513156473636627,0.5181633234024048,0.3118145763874054,0.8137893676757812
608,152,0,0.2641778588294983,0.2185589224100113,0.5609573721885681,0.3827032446861267,1.1886720657348633
609,152,1,0.22232221066951752,0.18065957725048065,0.5106526613235474,0.2873266637325287,0.8262113332748413
610,152,2,0.21828971803188324,0.18280521035194397,0.4850790500640869,0.2897758483886719,1.0162501335144043
611,152,3,0.23397475481033325,0.19419345259666443,0.5746902227401733,0.3022814989089966,0.8518750667572021
612,153,0,0.22143647074699402,0.19102676212787628,0.5229620933532715,0.28309205174446106,0.7969531416893005
613,153,1,0.19464954733848572,0.15643921494483948,0.47472620010375977,0.2564787268638611,0.8600001335144043
614,153,2,0.20509488880634308,0.1683618575334549,0.5110965967178345,0.29243072867393494,1.109921932220459
615,153,3,0.2185516208410263,0.17920397222042084,0.5166561007499695,0.2764095366001129,0.7267969250679016
616,154,0,0.2305036038160324,0.18999643623828888,0.618690550327301,0.3252597153186798,0.847969651222229
617,154,1,0.23366567492485046,0.18796898424625397,0.5559196472167969,0.3016931116580963,1.0319533348083496
618,154,2,0.23009781539440155,0.19118259847164154,0.5956355929374695,0.33861786127090454,0.8953126668930054
619,154,3,0.2300633192062378,0.19543717801570892,0.6071429252624512,0.26159241795539856,0.7152734994888306
620,155,0,0.2306596338748932,0.19122043251991272,0.5212191343307495,0.2887323796749115,0.7594152688980103
621,155,1,0.21850931644439697,0.17802393436431885,0.5580923557281494,0.23935799300670624,0.7176177501678467
622,155,2,0.2151585966348648,0.17271146178245544,0.5334906578063965,0.2941151559352875,0.9414843916893005
623,155,3,0.21859195828437805,0.17721471190452576,0.5252830982208252,0.32963043451309204,0.9770313501358032
624,156,0,0.2096284180879593,0.16737183928489685,0.5220260620117188,0.24188095331192017,0.6483211517333984
625,156,1,0.24384932219982147,0.1996556669473648,0.5414751768112183,0.26400527358055115,0.774453341960907
626,156,2,0.21505208313465118,0.17249101400375366,0.5095096826553345,0.29423797130584717,0.9494531750679016
627,156,3,0.17994540929794312,0.14793939888477325,0.5045117735862732,0.24871405959129333,0.7267187833786011
628,157,0,0.21443042159080505,0.18355616927146912,0.4607950747013092,0.2308749407529831,0.7271876335144043
629,157,1,0.21639403700828552,0.18360882997512817,0.5253084301948547,0.3284033238887787,0.7805866003036499
630,157,2,0.19073320925235748,0.1558639407157898,0.4852026700973511,0.2608361840248108,0.8203125
631,157,3,0.19703246653079987,0.1637466847896576,0.431218683719635,0.2760835289955139,0.8130868673324585
632,158,0,0.2167714238166809,0.17537645995616913,0.49328339099884033,0.2428155541419983,0.848672091960907
633,158,1,0.21448230743408203,0.16993431746959686,0.5759754180908203,0.28788208961486816,0.7241019010543823
634,158,2,0.22076387703418732,0.18981117010116577,0.4846843481063843,0.28943562507629395,0.8440625667572021
635,158,3,0.2188003957271576,0.18390946090221405,0.4974888563156128,0.289061576128006,0.813320517539978
636,159,0,0.21104678511619568,0.17106875777244568,0.46560561656951904,0.3058885931968689,0.7632815837860107
637,159,1,0.20077458024024963,0.16905343532562256,0.44506338238716125,0.27253493666648865,0.8790234327316284
638,159,2,0.20185023546218872,0.16859716176986694,0.4126110076904297,0.30659425258636475,0.9610546827316284
639,159,3,0.19098713994026184,0.16115570068359375,0.45867717266082764,0.31003159284591675,0.8990626335144043
640,160,0,0.23072020709514618,0.1933489441871643,0.6336290836334229,0.25711119174957275,0.8360546827316284
641,160,1,0.24753205478191376,0.20792676508426666,0.5529637932777405,0.27108216285705566,0.8908984661102295
642,160,2,0.2575923800468445,0.21582496166229248,0.5610405206680298,0.3055011034011841,0.9430862665176392
643,160,3,0.23521649837493896,0.19450561702251434,0.6146647334098816,0.3600299060344696,1.2975783348083496
644,161,0,0.2123344987630844,0.1739860475063324,0.4700546860694885,0.2542935311794281,1.227109432220459
645,161,1,0.2060704380273819,0.16182217001914978,0.5103023648262024,0.2682659924030304,0.774258017539978
646,161,2,0.186381995677948,0.1542678326368332,0.39767590165138245,0.2828753590583801,0.8245313167572021
647,161,3,0.2203681766986847,0.18379154801368713,0.5084502696990967,0.31723687052726746,0.9579298496246338
648,162,0,0.19177564978599548,0.15071699023246765,0.49656039476394653,0.3303982615470886,0.9617970585823059
649,162,1,0.19605688750743866,0.16084203124046326,0.4364857077598572,0.28058674931526184,0.774101734161377
650,162,2,0.19160081446170807,0.1606743186712265,0.4788737893104553,0.29003316164016724,0.9007036089897156
651,162,3,0.23331302404403687,0.2002360224723816,0.591841459274292,0.2550361752510071,0.8008984327316284
652,163,0,0.1958177089691162,0.16277334094047546,0.43680858612060547,0.23152710497379303,0.626367449760437
653,163,1,0.18566280603408813,0.14393648505210876,0.5784988403320312,0.28985893726348877,0.8843753337860107
654,163,2,0.1814684420824051,0.14710626006126404,0.42590346932411194,0.28040289878845215,0.7753910422325134
655,163,3,0.22489017248153687,0.18658672273159027,0.5322675704956055,0.30386656522750854,1.056875467300415
656,164,0,0.19310639798641205,0.15774688124656677,0.4511195421218872,0.2488250732421875,0.7229297161102295
657,164,1,0.19180737435817719,0.15928590297698975,0.4407891631126404,0.24921950697898865,0.8161726593971252
658,164,2,0.20369645953178406,0.16749510169029236,0.4548185169696808,0.2464752197265625,0.7696875333786011
659,164,3,0.2050751894712448,0.17060595750808716,0.4519428610801697,0.2958625853061676,0.9111729264259338
660,165,0,0.19209913909435272,0.16016271710395813,0.43775928020477295,0.27148064970970154,0.8050391674041748
661,165,1,0.22824811935424805,0.19342170655727386,0.49778199195861816,0.268790066242218,0.9243755340576172
662,165,2,0.21489617228507996,0.17617057263851166,0.5482160449028015,0.2497229427099228,0.783437967300415
663,165,3,0.2050437480211258,0.17189979553222656,0.4325541853904724,0.26166442036628723,0.8425396680831909
664,166,0,0.21036580204963684,0.16915178298950195,0.4480825662612915,0.305094838142395,0.8521094918251038
665,166,1,0.1949062943458557,0.16015122830867767,0.4612630009651184,0.2660367488861084,0.7426954507827759
666,166,2,0.2337854951620102,0.19882960617542267,0.4670851230621338,0.3286186158657074,0.9180468916893005
667,166,3,0.20731672644615173,0.17022983729839325,0.5384783148765564,0.2863385081291199,0.8744148015975952
668,167,0,0.2140110284090042,0.17868845164775848,0.46273118257522583,0.24250289797782898,0.6843751668930054
669,167,1,0.21452370285987854,0.17597927153110504,0.5988459587097168,0.2645342946052551,0.9337500333786011
670,167,2,0.20840871334075928,0.1731441468000412,0.5144602656364441,0.2615995705127716,0.6769542098045349
671,167,3,0.19274330139160156,0.15664689242839813,0.47655531764030457,0.3808770775794983,1.1271097660064697
672,168,0,0.1961309313774109,0.16416697204113007,0.5268816351890564,0.29909056425094604,0.8487111330032349
673,168,1,0.2132197618484497,0.17888326942920685,0.4340600073337555,0.24016760289669037,0.9263282418251038
674,168,2,0.2234601527452469,0.18034984171390533,0.5044537782669067,0.2664172351360321,0.7640239000320435
675,168,3,0.193417489528656,0.1649828851222992,0.46155500411987305,0.27265074849128723,0.7815625667572021
676,169,0,0.20143015682697296,0.16204391419887543,0.5478540062904358,0.25231611728668213,0.8382817506790161
677,169,1,0.24190926551818848,0.20725290477275848,0.49901336431503296,0.25728026032447815,0.9504299163818359
678,169,2,0.19386768341064453,0.15513354539871216,0.5265324115753174,0.25144898891448975,0.738945484161377
679,169,3,0.22116409242153168,0.18190553784370422,0.5767852067947388,0.2651503086090088,0.9985551834106445
680,170,0,0.20237985253334045,0.15901169180870056,0.4840298295021057,0.25251901149749756,0.6682031750679016
681,170,1,0.2019067257642746,0.16594137251377106,0.48459136486053467,0.28209152817726135,0.8486330509185791
682,170,2,0.1770351678133011,0.14549288153648376,0.38774096965789795,0.28689107298851013,1.117343783378601
683,170,3,0.2080620676279068,0.17169426381587982,0.5030949115753174,0.260216623544693,0.8360546827316284
684,171,0,0.20432843267917633,0.1715770661830902,0.4709309935569763,0.2622698247432709,0.7347266674041748
685,171,1,0.22959637641906738,0.19374440610408783,0.44152769446372986,0.2794519066810608,0.9626566171646118
686,171,2,0.20119012892246246,0.16231326758861542,0.47394847869873047,0.22404822707176208,0.5907033085823059
687,171,3,0.19856132566928864,0.15613828599452972,0.5076802372932434,0.29769134521484375,0.8217190504074097
688,172,0,0.2065543532371521,0.17146362364292145,0.46139925718307495,0.240661159157753,0.6251171827316284
689,172,1,0.20091788470745087,0.1710403859615326,0.4692217707633972,0.27192261815071106,0.9336718916893005
690,172,2,0.19815023243427277,0.1695607602596283,0.42941367626190186,0.25406309962272644,0.7617578506469727
691,172,3,0.20036262273788452,0.16471554338932037,0.4639112055301666,0.30741822719573975,0.8617973923683167
692,173,0,0.21854986250400543,0.18467622995376587,0.5253543257713318,0.2948468029499054,0.8264458179473877
693,173,1,0.20771241188049316,0.17468799650669098,0.4989573359489441,0.26314330101013184,0.9813673496246338
694,173,2,0.2529977262020111,0.21470792591571808,0.5574432611465454,0.24124324321746826,0.8360546827316284
695,173,3,0.2280600368976593,0.1909935623407364,0.49805086851119995,0.30004599690437317,1.065234899520874
696,174,0,0.18086357414722443,0.1497199684381485,0.36470985412597656,0.2823312282562256,0.9184376001358032
697,174,1,0.21361646056175232,0.17035914957523346,0.5299293398857117,0.2918221950531006,0.7468751668930054
698,174,2,0.19643741846084595,0.16625243425369263,0.40011516213417053,0.2890423536300659,0.9375781416893005
699,174,3,0.2000197470188141,0.1614881008863449,0.4849945604801178,0.24614578485488892,0.6691408753395081
700,175,0,0.21297019720077515,0.17683865129947662,0.5382645726203918,0.27748963236808777,0.7425391674041748
701,175,1,0.20797832310199738,0.169326514005661,0.44947531819343567,0.2940365970134735,0.7853516340255737
702,175,2,0.20031405985355377,0.16292957961559296,0.4435267448425293,0.2940014600753784,0.8575395345687866
703,175,3,0.21041016280651093,0.17049700021743774,0.5657377243041992,0.29396316409111023,0.8754305839538574
704,176,0,0.22855080664157867,0.1794857233762741,0.5215457677841187,0.338990181684494,0.9269924163818359
705,176,1,0.20418593287467957,0.16597837209701538,0.5727794170379639,0.28324830532073975,0.8792579174041748
706,176,2,0.22595106065273285,0.189193993806839,0.53303462266922,0.2943798005580902,0.926601767539978
707,176,3,0.22506661713123322,0.1831940859556198,0.48424482345581055,0.24712219834327698,0.8714063167572021
708,177,0,0.20418275892734528,0.17335839569568634,0.434198260307312,0.26793333888053894,0.8527736663818359
709,177,1,0.20836208760738373,0.17274336516857147,0.48744192719459534,0.2993127703666687,0.9808204174041748
710,177,2,0.20392057299613953,0.1680191159248352,0.43868929147720337,0.2545146644115448,0.813164234161377
711,177,3,0.20707513391971588,0.1735820174217224,0.46411609649658203,0.31245940923690796,0.9537501335144043
712,178,0,0.1764649748802185,0.14373987913131714,0.4836175739765167,0.26779404282569885,0.8652738332748413
713,178,1,0.18074476718902588,0.14060504734516144,0.45835936069488525,0.2933291494846344,1.0236718654632568
714,178,2,0.19460126757621765,0.160172238945961,0.5173309445381165,0.27395114302635193,0.9183594584465027
715,178,3,0.19835543632507324,0.16891799867153168,0.421142578125,0.25410225987434387,0.8630476593971252
716,179,0,0.223964124917984,0.18151623010635376,0.4923136532306671,0.27054938673973083,0.8054689168930054
717,179,1,0.2000676840543747,0.16833965480327606,0.47382834553718567,0.2597973644733429,0.7291021347045898
718,179,2,0.21729812026023865,0.1819705218076706,0.5095455646514893,0.24035575985908508,0.8015235662460327
719,179,3,0.19141165912151337,0.1555546373128891,0.5390674471855164,0.24713318049907684,0.6757820844650269
720,180,0,0.21170200407505035,0.17701195180416107,0.45965784788131714,0.23424194753170013,0.7551174163818359
721,180,1,0.2133387178182602,0.1710292398929596,0.684879720211029,0.2941358983516693,0.8048837184906006
722,180,2,0.22371312975883484,0.1938437968492508,0.44958874583244324,0.2664473056793213,0.6923048496246338
723,180,3,0.207330122590065,0.16801927983760834,0.5272841453552246,0.29739320278167725,1.1259377002716064
724,181,0,0.19405147433280945,0.15935859084129333,0.4546775221824646,0.2842871844768524,0.9079691171646118
725,181,1,0.22281299531459808,0.18652011454105377,0.5205379724502563,0.28713104128837585,0.8871094584465027
726,181,2,0.18362070620059967,0.15214566886425018,0.5401676893234253,0.4360314905643463,1.1573439836502075
727,181,3,0.20824351906776428,0.17673151195049286,0.4206715226173401,0.2701336741447449,0.8957424163818359
728,182,0,0.22420264780521393,0.19126293063163757,0.5236181020736694,0.3255409300327301,0.9036331176757812
729,182,1,0.23197738826274872,0.19053766131401062,0.47380077838897705,0.33498045802116394,1.0313282012939453
730,182,2,0.243695929646492,0.20032493770122528,0.5740694999694824,0.24610763788223267,0.7904307842254639
731,182,3,0.24114000797271729,0.19380837678909302,0.5767281651496887,0.25491616129875183,0.971953809261322
732,183,0,0.20796562731266022,0.17601802945137024,0.47615718841552734,0.30510374903678894,0.9825395345687866
733,183,1,0.20444649457931519,0.17401185631752014,0.45134595036506653,0.32322874665260315,0.915078341960907
734,183,2,0.18648728728294373,0.15114836394786835,0.4293358027935028,0.26309576630592346,0.7782814502716064
735,183,3,0.19579271972179413,0.16080088913440704,0.5112442374229431,0.25934284925460815,0.9066016674041748
736,184,0,0.20983749628067017,0.17135654389858246,0.46727657318115234,0.2713475525379181,0.7812117338180542
737,184,1,0.20931608974933624,0.18401597440242767,0.46518051624298096,0.2982386350631714,0.861406683921814
738,184,2,0.2080606073141098,0.1744101196527481,0.4806159734725952,0.2853015065193176,0.8791797161102295
739,184,3,0.2008366733789444,0.1641179472208023,0.5400185585021973,0.2998513877391815,0.965664267539978
740,185,0,0.19764019548892975,0.15949521958827972,0.5191391110420227,0.2814074456691742,0.8871484994888306
741,185,1,0.22333817183971405,0.18503306806087494,0.5270394086837769,0.2769050598144531,0.8203125
742,185,2,0.20297034084796906,0.16682381927967072,0.48554283380508423,0.2533508241176605,0.8598438501358032
743,185,3,0.18064211308956146,0.14310331642627716,0.45183122158050537,0.29946717619895935,0.7751957178115845
744,186,0,0.19535498321056366,0.15996389091014862,0.4776889979839325,0.2689288258552551,1.047031283378601
745,186,1,0.19863110780715942,0.16139410436153412,0.4878627061843872,0.2791956961154938,0.8478516340255737
746,186,2,0.18643759191036224,0.1542990356683731,0.386807382106781,0.29769349098205566,0.8835548162460327
747,186,3,0.19757679104804993,0.16591455042362213,0.414539098739624,0.2795996069908142,0.9242973923683167
748,187,0,0.20755746960639954,0.17642933130264282,0.4344484806060791,0.26537322998046875,0.79296875
749,187,1,0.20576129853725433,0.16942216455936432,0.42564043402671814,0.307228684425354,0.8897272348403931
750,187,2,0.20243456959724426,0.16313432157039642,0.490966796875,0.26890915632247925,0.7857422828674316
751,187,3,0.20866481959819794,0.17495903372764587,0.495326429605484,0.28167426586151123,0.760860025882721
752,188,0,0.20833970606327057,0.16926690936088562,0.5509076118469238,0.3181084096431732,1.1019532680511475
753,188,1,0.2165229767560959,0.1720651388168335,0.722796618938446,0.2760763466358185,0.8611722588539124
754,188,2,0.21686437726020813,0.1749005913734436,0.5403319001197815,0.2844194173812866,0.7779688835144043
755,188,3,0.20497047901153564,0.1720241755247116,0.4439713656902313,0.256317138671875,0.8321093916893005
756,189,0,0.19762398302555084,0.1614818572998047,0.5169914960861206,0.29244887828826904,0.8322656750679016
757,189,1,0.20125585794448853,0.16570495069026947,0.47276103496551514,0.2895428538322449,0.8065629005432129
758,189,2,0.1871032565832138,0.15005920827388763,0.45191851258277893,0.3171122670173645,1.041797399520874
759,189,3,0.20337414741516113,0.16946540772914886,0.4455847144126892,0.25560179352760315,0.8953126668930054
760,190,0,0.22373640537261963,0.18632207810878754,0.5818941593170166,0.24591384828090668,0.8017189502716064
761,190,1,0.14805211126804352,0.12115687131881714,0.4328784942626953,0.2802349925041199,0.697500467300415
762,190,2,0.22767317295074463,0.19402340054512024,0.46258288621902466,0.29689452052116394,0.8754297494888306
763,190,3,0.1824847012758255,0.15538157522678375,0.4001682996749878,0.3097490072250366,0.801797091960907
764,191,0,0.21469219028949738,0.18819883465766907,0.44964128732681274,0.2927630543708801,0.9048833847045898
765,191,1,0.20582786202430725,0.1724206954240799,0.4872635304927826,0.3085343837738037,0.79296875
766,191,2,0.2023739367723465,0.16298158466815948,0.545464277267456,0.28735777735710144,1.0314843654632568
767,191,3,0.20679748058319092,0.16574633121490479,0.4915615916252136,0.2483566254377365,0.8674219250679016
768,192,0,0.21542981266975403,0.18190665543079376,0.4127604365348816,0.3224676549434662,0.8407423496246338
769,192,1,0.1972503811120987,0.16911396384239197,0.4135870635509491,0.27893492579460144,0.8594921827316284
770,192,2,0.19107232987880707,0.15456193685531616,0.4857313632965088,0.26304078102111816,0.7468751668930054
771,192,3,0.19613179564476013,0.1570195108652115,0.5133481621742249,0.2554345726966858,0.8325782418251038
772,193,0,0.2148793637752533,0.17576047778129578,0.5660315752029419,0.250428706407547,0.7831254005432129
773,193,1,0.2111779749393463,0.175432950258255,0.46838605403900146,0.28722086548805237,0.8654301166534424
774,193,2,0.19234643876552582,0.16385336220264435,0.3777194321155548,0.30410516262054443,0.965507984161377
775,193,3,0.22621320188045502,0.18816615641117096,0.5843081474304199,0.2597275972366333,0.9258984327316284
776,194,0,0.18767066299915314,0.1526099145412445,0.5153865814208984,0.25270092487335205,0.7564458847045898
777,194,1,0.1901332437992096,0.16193926334381104,0.3841295838356018,0.2786334156990051,1.03125
778,194,2,0.2058575600385666,0.1693314015865326,0.606972336769104,0.27029114961624146,0.7941408753395081
779,194,3,0.1867569535970688,0.1609324961900711,0.43655920028686523,0.2837302088737488,0.9468753337860107
780,195,0,0.17272666096687317,0.14105582237243652,0.43178147077560425,0.2670377492904663,0.8766409754753113
781,195,1,0.17984050512313843,0.14402763545513153,0.47966134548187256,0.25928664207458496,0.7041018009185791
782,195,2,0.17591287195682526,0.14570388197898865,0.5489948391914368,0.3126625120639801,0.9649218916893005
783,195,3,0.1725407838821411,0.14213018119335175,0.41883692145347595,0.2705857753753662,0.8713672161102295
784,196,0,0.18020664155483246,0.14875520765781403,0.39657825231552124,0.2912219166755676,0.9267580509185791
785,196,1,0.2123589664697647,0.1794268637895584,0.46155521273612976,0.2872692942619324,0.7747659087181091
786,196,2,0.18939544260501862,0.15649038553237915,0.46265172958374023,0.2726002633571625,0.8652738332748413
787,196,3,0.22266140580177307,0.1896304190158844,0.43445539474487305,0.29384490847587585,0.8008984327316284
788,197,0,0.19249393045902252,0.1612851917743683,0.4283648133277893,0.2620260715484619,0.6689064502716064
789,197,1,0.20298445224761963,0.17124025523662567,0.4736136794090271,0.2587548494338989,0.715507984161377
790,197,2,0.2086910605430603,0.17224889993667603,0.43438026309013367,0.2610522508621216,0.7937110662460327
791,197,3,0.19781959056854248,0.1551072895526886,0.5096213817596436,0.30714356899261475,0.9196487665176392
792,198,0,0.17224518954753876,0.14011092483997345,0.41985172033309937,0.33835533261299133,1.0391407012939453
793,198,1,0.19968849420547485,0.16629306972026825,0.44243091344833374,0.23332542181015015,0.7529693841934204
794,198,2,0.19464917480945587,0.1683974415063858,0.46053993701934814,0.319772332906723,0.811445951461792
795,198,3,0.20383721590042114,0.17292003333568573,0.429577112197876,0.2902284264564514,0.9774220585823059
796,199,0,0.17549236118793488,0.14344415068626404,0.4019249677658081,0.3102937340736389,0.8874220252037048
797,199,1,0.18497344851493835,0.15633901953697205,0.41965219378471375,0.22891265153884888,0.6258985996246338
798,199,2,0.18576794862747192,0.1481938362121582,0.4973503351211548,0.3314785659313202,0.9385939836502075
799,199,3,0.2039368748664856,0.1764822006225586,0.5202522277832031,0.3098767101764679,1.0003907680511475
800,200,0,0.20024368166923523,0.16606847941875458,0.4504135549068451,0.27095580101013184,0.7334772348403931
801,200,1,0.22231772541999817,0.19139371812343597,0.4369715452194214,0.26654160022735596,0.7975782752037048
802,200,2,0.19184470176696777,0.1574621945619583,0.4218132197856903,0.2451770007610321,0.7320706844329834
803,200,3,0.1836850792169571,0.15110647678375244,0.4667506814002991,0.23534782230854034,0.7428126335144043
804,201,0,0.2097754329442978,0.17400795221328735,0.503662109375,0.2666980028152466,0.8209376335144043
805,201,1,0.18211492896080017,0.15234528481960297,0.488615483045578,0.2870548367500305,0.9770313501358032
806,201,2,0.2376798689365387,0.2005448192358017,0.5531636476516724,0.2895645201206207,0.856289267539978
807,201,3,0.22309161722660065,0.19157002866268158,0.48267662525177,0.3219567835330963,0.8399609327316284
808,202,0,0.18256312608718872,0.1582193821668625,0.4271430969238281,0.2515121400356293,0.836601734161377
809,202,1,0.14587680995464325,0.11922500282526016,0.4099767804145813,0.25012528896331787,0.7735546827316284
810,202,2,0.19618652760982513,0.15616361796855927,0.5131047964096069,0.2749893069267273,0.8775786757469177
811,202,3,0.18494519591331482,0.14847448468208313,0.431693434715271,0.23129211366176605,0.6840634346008301
812,203,0,0.1853518784046173,0.1542634218931198,0.42813703417778015,0.3027641177177429,0.7816797494888306
813,203,1,0.1792442351579666,0.14300528168678284,0.48071742057800293,0.2528640627861023,0.7910550832748413
814,203,2,0.19617675244808197,0.1645323634147644,0.48928600549697876,0.2625788748264313,0.7442973256111145
815,203,3,0.1836298406124115,0.15034887194633484,0.4228515625,0.28056395053863525,0.8139065504074097
816,204,0,0.20434114336967468,0.17156459391117096,0.5406744480133057,0.29728150367736816,0.8321484327316284
817,204,1,0.20730723440647125,0.17552955448627472,0.4983414113521576,0.3095929026603699,0.8331252336502075
818,204,2,0.1979500949382782,0.1594817191362381,0.47413337230682373,0.30327269434928894,0.7894141674041748
819,204,3,0.2000962793827057,0.16717754304409027,0.3943750262260437,0.24282348155975342,0.7093364000320435
820,205,0,0.20277422666549683,0.17308774590492249,0.4487377405166626,0.2919735610485077,0.9243755340576172
821,205,1,0.1737244725227356,0.1390688568353653,0.3837633430957794,0.27930542826652527,0.7200002670288086
822,205,2,0.19044232368469238,0.16438695788383484,0.4523366689682007,0.26560333371162415,0.7398449182510376
823,205,3,0.19774839282035828,0.16644737124443054,0.48478060960769653,0.2949749827384949,0.9503518342971802
824,206,0,0.18373055756092072,0.150999054312706,0.5445635914802551,0.25600501894950867,0.6744154691696167
825,206,1,0.17684583365917206,0.1495933085680008,0.429322749376297,0.294303297996521,0.9153127670288086
826,206,2,0.20289246737957,0.17100301384925842,0.5109357833862305,0.34205201268196106,0.9806641340255737
827,206,3,0.19182534515857697,0.16006822884082794,0.4079623222351074,0.2704418897628784,0.7210942506790161
828,207,0,0.18077245354652405,0.14857806265354156,0.5285059809684753,0.29529356956481934,0.8531253337860107
829,207,1,0.1966913342475891,0.16198934614658356,0.4360370934009552,0.2515448033809662,0.8532816171646118
830,207,2,0.18568842113018036,0.15220360457897186,0.4260297417640686,0.20683899521827698,0.6821880340576172
831,207,3,0.19277438521385193,0.1602693498134613,0.40046408772468567,0.27790969610214233,0.7776172161102295
832,208,0,0.20191997289657593,0.16767044365406036,0.4808233380317688,0.31732359528541565,1.0017971992492676
833,208,1,0.17777878046035767,0.14134430885314941,0.48150569200515747,0.283103346824646,0.8989844918251038
834,208,2,0.18617773056030273,0.15252791345119476,0.3975111246109009,0.27177199721336365,0.8071880340576172
835,208,3,0.19384409487247467,0.16538703441619873,0.4911954402923584,0.2872251868247986,1.0002343654632568
836,209,0,0.19614368677139282,0.16678284108638763,0.4271683096885681,0.2816528379917145,0.8947266340255737
837,209,1,0.1898752748966217,0.15621155500411987,0.4615982472896576,0.2719259560108185,0.7395706176757812
838,209,2,0.19052574038505554,0.15195582807064056,0.5032497644424438,0.2910272181034088,0.846953809261322
839,209,3,0.19605609774589539,0.1650198996067047,0.5373015403747559,0.27103951573371887,0.7123831510543823
840,210,0,0.20963092148303986,0.17510028183460236,0.5675563216209412,0.25674477219581604,0.8935162425041199
841,210,1,0.19331401586532593,0.16179977357387543,0.48184531927108765,0.24256835877895355,0.7722271680831909
842,210,2,0.17590376734733582,0.1449088156223297,0.39360514283180237,0.28486213088035583,0.8605861663818359
843,210,3,0.20463766157627106,0.1690838634967804,0.45118165016174316,0.2429991215467453,0.8539067506790161
844,211,0,0.19862611591815948,0.1683727502822876,0.47132545709609985,0.2817230224609375,0.8323047161102295
845,211,1,0.2021811604499817,0.17243503034114838,0.4285525679588318,0.25607436895370483,0.8672266006469727
846,211,2,0.18460381031036377,0.15267065167427063,0.48439669609069824,0.26457688212394714,0.8148442506790161
847,211,3,0.1968744844198227,0.15974090993404388,0.43205440044403076,0.32768166065216064,1.1264846324920654
848,212,0,0.21435460448265076,0.17880815267562866,0.6001476049423218,0.31095030903816223,1.0263288021087646
849,212,1,0.18726548552513123,0.1560816913843155,0.47014474868774414,0.27106788754463196,0.8084383010864258
850,212,2,0.19824184477329254,0.16600686311721802,0.3990885615348816,0.2794308364391327,0.80859375
851,212,3,0.1661376953125,0.13735441863536835,0.4748588800430298,0.2887799143791199,0.9424611330032349
852,213,0,0.18730904161930084,0.15552076697349548,0.461605429649353,0.27915650606155396,0.8681252002716064
853,213,1,0.19948342442512512,0.1697995960712433,0.4759211540222168,0.28996139764785767,0.7778907418251038
854,213,2,0.1883595883846283,0.1533397138118744,0.4010029435157776,0.2906964123249054,0.8601173162460327
855,213,3,0.193956196308136,0.1635516881942749,0.42029333114624023,0.27560698986053467,0.7592581510543823
856,214,0,0.18161427974700928,0.14866489171981812,0.44847986102104187,0.2686331272125244,0.934414267539978
857,214,1,0.1740698218345642,0.14300879836082458,0.40775877237319946,0.26117828488349915,0.6189457178115845
858,214,2,0.185444638133049,0.15525463223457336,0.38155877590179443,0.29077744483947754,0.96875
859,214,3,0.1641768217086792,0.13168057799339294,0.36489546298980713,0.26257842779159546,0.7830862998962402
860,215,0,0.18818598985671997,0.15605318546295166,0.4562717080116272,0.3348987102508545,0.974023699760437
861,215,1,0.20404982566833496,0.167381152510643,0.5264914035797119,0.3189288377761841,0.9498047828674316
862,215,2,0.22830387949943542,0.19002455472946167,0.45411282777786255,0.3011297583580017,0.7906644344329834
863,215,3,0.22181084752082825,0.18393395841121674,0.4938991665840149,0.23751263320446014,0.8175002336502075
864,216,0,0.1914951354265213,0.15763337910175323,0.4446403980255127,0.2887192666530609,0.9860941171646118
865,216,1,0.19208665192127228,0.15782643854618073,0.530223548412323,0.27260538935661316,0.7384766340255737
866,216,2,0.1816740483045578,0.15589171648025513,0.44765669107437134,0.269704133272171,0.9146876335144043
867,216,3,0.17641040682792664,0.1458866447210312,0.4787190854549408,0.26756712794303894,0.8594531416893005
868,217,0,0.1816190630197525,0.14765743911266327,0.38709601759910583,0.2994281053543091,0.8439844250679016
869,217,1,0.19186851382255554,0.15941908955574036,0.4150010347366333,0.3370593190193176,0.7583594918251038
870,217,2,0.19327709078788757,0.1634158343076706,0.41004157066345215,0.27582916617393494,0.8634375333786011
871,217,3,0.18452772498130798,0.1491435021162033,0.4749249815940857,0.3451400697231293,0.9927344918251038
872,218,0,0.21006521582603455,0.17547108232975006,0.538925051689148,0.28395506739616394,0.8292189836502075
873,218,1,0.2031230628490448,0.1700020581483841,0.5034759640693665,0.23359130322933197,0.7055083513259888
874,218,2,0.19541716575622559,0.16689012944698334,0.4442845582962036,0.28671377897262573,0.8609378337860107
875,218,3,0.1935090720653534,0.15798744559288025,0.4679657220840454,0.27654632925987244,0.7623447179794312
876,219,0,0.1774388551712036,0.14049679040908813,0.4276406466960907,0.26081740856170654,0.7434377670288086
877,219,1,0.1951945275068283,0.16069801151752472,0.4710618853569031,0.28790557384490967,0.8891021013259888
878,219,2,0.17367221415042877,0.14207783341407776,0.4446795880794525,0.2685497999191284,0.7040627002716064
879,219,3,0.18659575283527374,0.1532231718301773,0.37916824221611023,0.25743645429611206,0.7561333179473877
880,220,0,0.19243548810482025,0.158935084939003,0.5103887915611267,0.28000548481941223,0.9658986330032349
881,220,1,0.1926935315132141,0.16320738196372986,0.41896578669548035,0.2701740264892578,0.9845312833786011
882,220,2,0.19179876148700714,0.1510259211063385,0.4628210663795471,0.2746046483516693,0.7352345585823059
883,220,3,0.20200130343437195,0.16898353397846222,0.44906920194625854,0.22234253585338593,0.6335157752037048
884,221,0,0.18125002086162567,0.14600181579589844,0.37327802181243896,0.24923400580883026,0.796524167060852
885,221,1,0.1809925138950348,0.1509443074464798,0.4110947251319885,0.26627716422080994,0.7298843860626221
886,221,2,0.18815003335475922,0.15037547051906586,0.5359323024749756,0.2778378427028656,0.8131251335144043
887,221,3,0.18214909732341766,0.149985209107399,0.3950388729572296,0.26988890767097473,0.8364454507827759
888,222,0,0.19782349467277527,0.1692066639661789,0.520280659198761,0.2870739698410034,0.9392972588539124
889,222,1,0.19391021132469177,0.15936604142189026,0.5321869850158691,0.2425450086593628,0.7228906750679016
890,222,2,0.1850801557302475,0.15241986513137817,0.42253631353378296,0.2741064429283142,0.8558204174041748
891,222,3,0.1742924451828003,0.14304465055465698,0.44975823163986206,0.24304504692554474,0.6877344250679016
892,223,0,0.1868385523557663,0.15637809038162231,0.4441629648208618,0.27362000942230225,0.9254695177078247
893,223,1,0.19750621914863586,0.16362980008125305,0.4458044469356537,0.25833451747894287,0.7033594250679016
894,223,2,0.20053404569625854,0.17314130067825317,0.4292811155319214,0.25245651602745056,0.9416406750679016
895,223,3,0.1736585944890976,0.14441931247711182,0.47313445806503296,0.2538246214389801,0.7111328840255737
896,224,0,0.17358635365962982,0.14589092135429382,0.44742101430892944,0.26780205965042114,0.7465234994888306
897,224,1,0.1712757796049118,0.1408817023038864,0.3916577100753784,0.26208677887916565,0.6613674163818359
898,224,2,0.19575373828411102,0.16444669663906097,0.5139015316963196,0.2556993067264557,0.8513679504394531
899,224,3,0.1722678244113922,0.14556732773780823,0.41270413994789124,0.23684196174144745,0.8559376001358032
900,225,0,0.17855972051620483,0.14830872416496277,0.5305236577987671,0.3229345679283142,0.973320484161377
901,225,1,0.19969043135643005,0.1639583259820938,0.4735247492790222,0.3025549352169037,0.8105863332748413
902,225,2,0.1933092474937439,0.16159138083457947,0.4243527352809906,0.2897813320159912,0.9573829174041748
903,225,3,0.20357288420200348,0.1672157645225525,0.507128119468689,0.2676110863685608,0.7700782418251038
904,226,0,0.18094810843467712,0.1505337506532669,0.4382213056087494,0.2571026682853699,0.6371094584465027
905,226,1,0.18826691806316376,0.1533537060022354,0.44163501262664795,0.318297415971756,0.8525393009185791
906,226,2,0.1944865733385086,0.15723392367362976,0.49639448523521423,0.268746942281723,0.9574609994888306
907,226,3,0.18981043994426727,0.15934056043624878,0.4865323305130005,0.29418885707855225,0.8388287425041199
908,227,0,0.19665837287902832,0.16528236865997314,0.40923917293548584,0.2535855174064636,0.8908594250679016
909,227,1,0.18511764705181122,0.15071770548820496,0.4213383197784424,0.2536541819572449,0.8226567506790161
910,227,2,0.20029382407665253,0.16629162430763245,0.48359376192092896,0.2773928940296173,0.8210548162460327
911,227,3,0.18908347189426422,0.1557570993900299,0.4095423221588135,0.25258544087409973,0.6798055171966553
912,228,0,0.1862664818763733,0.15267378091812134,0.4495318830013275,0.26632049679756165,0.7427735328674316
913,228,1,0.19018112123012543,0.1553434282541275,0.4534311890602112,0.28876975178718567,1.046875
914,228,2,0.20449060201644897,0.16498805582523346,0.5805400013923645,0.29999497532844543,1.1429692506790161
915,228,3,0.18591821193695068,0.15314622223377228,0.4056434631347656,0.27694952487945557,0.7700001001358032
916,229,0,0.1903720647096634,0.15603499114513397,0.6250611543655396,0.27467218041419983,0.7973047494888306
917,229,1,0.20378759503364563,0.17165584862232208,0.4623955190181732,0.27559998631477356,0.9066797494888306
918,229,2,0.20314885675907135,0.17549540102481842,0.47247809171676636,0.34585249423980713,0.8518359661102295
919,229,3,0.19024114310741425,0.15973655879497528,0.4265136420726776,0.24229061603546143,0.7548048496246338
920,230,0,0.1867416799068451,0.15334494411945343,0.4216442108154297,0.2963232398033142,0.7820314168930054
921,230,1,0.19901439547538757,0.16271978616714478,0.4340553879737854,0.2925216555595398,0.8574613332748413
922,230,2,0.16728098690509796,0.13647280633449554,0.438129723072052,0.2610095143318176,0.6903131008148193
923,230,3,0.2082996368408203,0.1674462854862213,0.5077700614929199,0.31465330719947815,0.9225001335144043
924,231,0,0.1783319115638733,0.148225799202919,0.3925125300884247,0.27103668451309204,0.9538282752037048
925,231,1,0.19545520842075348,0.16881226003170013,0.4193198084831238,0.26281434297561646,0.7246097922325134
926,231,2,0.1787240207195282,0.15019871294498444,0.37097400426864624,0.2690730690956116,0.7932422161102295
927,231,3,0.17728136479854584,0.14786940813064575,0.4669738709926605,0.26746371388435364,0.8054298162460327
928,232,0,0.19940024614334106,0.1648477017879486,0.43663227558135986,0.2339247167110443,0.6334376335144043
929,232,1,0.16257576644420624,0.13370628654956818,0.3622598648071289,0.29104796051979065,0.8284766674041748
930,232,2,0.16399458050727844,0.13553278148174286,0.39224326610565186,0.26645126938819885,1.070468783378601
931,232,3,0.18109863996505737,0.144474595785141,0.39562681317329407,0.2802966833114624,0.8245313167572021
932,233,0,0.16629092395305634,0.13770680129528046,0.36274558305740356,0.26349350810050964,0.8594921827316284
933,233,1,0.19692695140838623,0.15821343660354614,0.5522017478942871,0.27209898829460144,0.7788674831390381
934,233,2,0.17183849215507507,0.1394549310207367,0.40468233823776245,0.25506454706192017,0.6072668433189392
935,233,3,0.1633906066417694,0.13194476068019867,0.44030240178108215,0.2533494532108307,0.8009375333786011
936,234,0,0.15232017636299133,0.1267838031053543,0.37192481756210327,0.2717955708503723,0.821679949760437
937,234,1,0.17563121020793915,0.14295770227909088,0.44512465596199036,0.25930359959602356,0.8010938167572021
938,234,2,0.21771283447742462,0.18875668942928314,0.43346071243286133,0.23769348859786987,0.6292188167572021
939,234,3,0.15227831900119781,0.12149526923894882,0.33828237652778625,0.2632177770137787,1.023593783378601
940,235,0,0.18428990244865417,0.15563185513019562,0.4793552756309509,0.2472274750471115,0.9343360662460327
941,235,1,0.1815023273229599,0.15213197469711304,0.4615599513053894,0.2723257541656494,0.8480469584465027
942,235,2,0.1992523968219757,0.16237148642539978,0.4510834813117981,0.2700573801994324,0.84375
943,235,3,0.19868747889995575,0.16202899813652039,0.43788236379623413,0.2401770055294037,0.7346892356872559
944,236,0,0.1881352812051773,0.15746018290519714,0.4139775037765503,0.23306988179683685,0.7835161089897156
945,236,1,0.18016158044338226,0.15325888991355896,0.3620912432670593,0.27298155426979065,1.0391407012939453
946,236,2,0.19873495399951935,0.170477956533432,0.4130620062351227,0.24548950791358948,0.7503125667572021
947,236,3,0.18935613334178925,0.15859787166118622,0.45339059829711914,0.25623467564582825,0.6842970252037048
948,237,0,0.20800548791885376,0.1776288002729416,0.4962973892688751,0.2666188180446625,0.7507423162460327
949,237,1,0.1956101953983307,0.1650569885969162,0.4266822934150696,0.2875085473060608,1.0166409015655518
950,237,2,0.169556125998497,0.1329122930765152,0.3853200674057007,0.26960045099258423,0.7735546827316284
951,237,3,0.20547831058502197,0.17042593657970428,0.4782049059867859,0.2761511206626892,0.7515628337860107
952,238,0,0.17414075136184692,0.14185774326324463,0.3683486878871918,0.29492735862731934,0.7775000333786011
953,238,1,0.18252186477184296,0.1509099155664444,0.48158493638038635,0.3007733225822449,0.8922659754753113
954,238,2,0.19158637523651123,0.15409572422504425,0.4484424889087677,0.2984362840652466,0.8887895345687866
955,238,3,0.18927113711833954,0.15500618517398834,0.45124030113220215,0.26734068989753723,0.686641275882721
956,239,0,0.18664447963237762,0.1526751071214676,0.4689865708351135,0.29265469312667847,0.8828125
957,239,1,0.19281014800071716,0.15891827642917633,0.4507948160171509,0.29954347014427185,1.0003125667572021
958,239,2,0.19493184983730316,0.16252675652503967,0.47951287031173706,0.25242918729782104,0.7117189168930054
959,239,3,0.16801641881465912,0.14225512742996216,0.41176629066467285,0.3114776611328125,0.9265235662460327
960,240,0,0.17062240839004517,0.12819431722164154,0.4684367775917053,0.2768743932247162,0.9183204174041748
961,240,1,0.2176872193813324,0.18584972620010376,0.4461930990219116,0.22299659252166748,0.5987502336502075
962,240,2,0.19446872174739838,0.16005972027778625,0.39409440755844116,0.2623891532421112,0.717031717300415
963,240,3,0.17382404208183289,0.14482364058494568,0.41002756357192993,0.2540917992591858,0.8048828840255737
964,241,0,0.17680402100086212,0.14657294750213623,0.4515455365180969,0.2597338855266571,0.9780471920967102
965,241,1,0.17649707198143005,0.1458386331796646,0.4185071885585785,0.3120526075363159,0.9567976593971252
966,241,2,0.19594764709472656,0.16175469756126404,0.47076618671417236,0.3066332936286926,0.996757984161377
967,241,3,0.20107638835906982,0.1659543663263321,0.44778910279273987,0.2584485709667206,0.7504297494888306
968,242,0,0.18388816714286804,0.1489887237548828,0.5065559148788452,0.2882794141769409,0.8015235662460327
969,242,1,0.17595867812633514,0.14701658487319946,0.365936279296875,0.2630276381969452,0.7193360328674316
970,242,2,0.19276392459869385,0.15922680497169495,0.4379864037036896,0.23437446355819702,0.8369143009185791
971,242,3,0.18375390768051147,0.15065547823905945,0.4488495886325836,0.2631213366985321,0.786523699760437
972,243,0,0.17967474460601807,0.15117862820625305,0.42293357849121094,0.26198455691337585,0.735195517539978
973,243,1,0.19987034797668457,0.16545739769935608,0.5285905003547668,0.3294879198074341,0.8987891674041748
974,243,2,0.18116872012615204,0.15308308601379395,0.38594478368759155,0.27647125720977783,0.8479688167572021
975,243,3,0.1675555557012558,0.14082306623458862,0.350566565990448,0.24422119557857513,0.6603125333786011
976,244,0,0.17308549582958221,0.14595484733581543,0.4464285373687744,0.2764868140220642,0.6963673830032349
977,244,1,0.180403932929039,0.15242135524749756,0.40712234377861023,0.2849352955818176,0.8914845585823059
978,244,2,0.19058912992477417,0.15817102789878845,0.4454396069049835,0.24441222846508026,0.6837891340255737
979,244,3,0.17116911709308624,0.14331935346126556,0.4316059350967407,0.2641580104827881,0.8615247011184692
980,245,0,0.19922718405723572,0.16362151503562927,0.5024304986000061,0.2742041051387787,0.837969183921814
981,245,1,0.18831296265125275,0.1577669084072113,0.3894900679588318,0.23300567269325256,0.624297559261322
982,245,2,0.18695266544818878,0.15753012895584106,0.42456483840942383,0.29202279448509216,0.8403907418251038
983,245,3,0.19136397540569305,0.1628691703081131,0.511173665523529,0.2703961730003357,0.8242578506469727
984,246,0,0.18534940481185913,0.14962048828601837,0.4269537925720215,0.2940005362033844,1.1194536685943604
985,246,1,0.19170235097408295,0.15860861539840698,0.40557152032852173,0.29091668128967285,0.8374221920967102
986,246,2,0.1879582703113556,0.15671421587467194,0.44509151577949524,0.30978935956954956,0.8792969584465027
987,246,3,0.20800310373306274,0.17933593690395355,0.43275272846221924,0.27335280179977417,1.0888288021087646
988,247,0,0.1651437133550644,0.1342371106147766,0.3656541407108307,0.2827305495738983,0.8714454174041748
989,247,1,0.19794535636901855,0.16666239500045776,0.453633189201355,0.26520782709121704,0.8430085182189941
990,247,2,0.1901153177022934,0.15814845263957977,0.4477245807647705,0.24162566661834717,0.6684767007827759
991,247,3,0.17846152186393738,0.14125725626945496,0.4714435935020447,0.2699243128299713,0.8090234994888306
992,248,0,0.1894824057817459,0.15710513293743134,0.45396023988723755,0.23911011219024658,0.8055470585823059
993,248,1,0.18240736424922943,0.14579886198043823,0.40502649545669556,0.25570982694625854,0.8712109327316284
994,248,2,0.19248484075069427,0.15204854309558868,0.5820022821426392,0.24266166985034943,0.7932813167572021
995,248,3,0.19929364323616028,0.16677670180797577,0.529578447341919,0.32543274760246277,1.0159375667572021
996,249,0,0.1930864006280899,0.16190260648727417,0.41003715991973877,0.26540908217430115,0.8168751001358032
997,249,1,0.17175796627998352,0.14036786556243896,0.3620341718196869,0.2571597397327423,0.7814453840255737
998,249,2,0.1947704255580902,0.16475754976272583,0.4196760058403015,0.2816377580165863,0.7909379005432129
999,249,3,0.17177331447601318,0.14283613860607147,0.41816624999046326,0.26320403814315796,0.8471100926399231
1000,250,0,0.19352427124977112,0.15928123891353607,0.5392491817474365,0.2842849791049957,0.7542969584465027
1001,250,1,0.19651351869106293,0.16690827906131744,0.44838815927505493,0.28261473774909973,0.793984591960907
1002,250,2,0.18111616373062134,0.14874953031539917,0.5043002963066101,0.2935357689857483,0.8653520345687866
1003,250,3,0.19177253544330597,0.15802520513534546,0.5046989321708679,0.33403655886650085,0.9789848923683167
1004,251,0,0.17668744921684265,0.14219608902931213,0.4253537058830261,0.2519630491733551,0.8567190170288086
1005,251,1,0.19155189394950867,0.16433458030223846,0.4294445514678955,0.2826376259326935,0.8441797494888306
1006,251,2,0.20454679429531097,0.1683543175458908,0.41641730070114136,0.260986328125,0.8833594918251038
1007,251,3,0.2063794881105423,0.16628305613994598,0.5744792222976685,0.31914961338043213,0.8178909420967102
1008,252,0,0.1785043329000473,0.14684835076332092,0.36724185943603516,0.25560393929481506,1.2037501335144043
1009,252,1,0.16924695670604706,0.13932764530181885,0.41995546221733093,0.2715957760810852,0.836601734161377
1010,252,2,0.19173426926136017,0.15731236338615417,0.5208317041397095,0.2323889136314392,0.7973438501358032
1011,252,3,0.17742666602134705,0.15109483897686005,0.40058642625808716,0.252308189868927,0.8117585182189941
1012,253,0,0.19821614027023315,0.16570037603378296,0.46571651101112366,0.33818894624710083,0.811445951461792
1013,253,1,0.18255329132080078,0.15988336503505707,0.4431966543197632,0.27509889006614685,0.8066410422325134
1014,253,2,0.17418786883354187,0.14000383019447327,0.47828495502471924,0.2953936755657196,1.000546932220459
1015,253,3,0.19718852639198303,0.1566505879163742,0.5449077486991882,0.25033628940582275,1.058750867843628
1016,254,0,0.19943873584270477,0.16145101189613342,0.4564736485481262,0.29798880219459534,1.0711719989776611
1017,254,1,0.1955147683620453,0.1636393517255783,0.4380101263523102,0.2545228600502014,0.9321880340576172
1018,254,2,0.18527816236019135,0.1527145802974701,0.38667207956314087,0.23696716129779816,0.7871097922325134
1019,254,3,0.17388971149921417,0.14459139108657837,0.3963707983493805,0.27658140659332275,0.7557035088539124
1020,255,0,0.19850300252437592,0.1647195965051651,0.5340955853462219,0.28753966093063354,0.9572266340255737
1021,255,1,0.18088971078395844,0.15110276639461517,0.3831327259540558,0.2578289806842804,0.7388672828674316
1022,255,2,0.17734922468662262,0.14091633260250092,0.424116313457489,0.2595793902873993,0.6333985328674316
1023,255,3,0.18773873150348663,0.15224775671958923,0.433155357837677,0.2914617955684662,1.008359432220459
1024,256,0,0.19117653369903564,0.1607321947813034,0.4420623183250427,0.2573070526123047,0.6719921827316284
1025,256,1,0.1897542029619217,0.15299761295318604,0.3875964283943176,0.2372015416622162,0.802148699760437
1026,256,2,0.1614207625389099,0.13038942217826843,0.40708687901496887,0.2604193091392517,0.90625
1027,256,3,0.19542884826660156,0.16568973660469055,0.4796634912490845,0.24861912429332733,0.9583206176757812
1028,257,0,0.18436110019683838,0.15235954523086548,0.42194098234176636,0.2794252634048462,1.0868752002716064
1029,257,1,0.16573850810527802,0.13773755729198456,0.410443514585495,0.26509490609169006,0.7790237665176392
1030,257,2,0.18708008527755737,0.15139250457286835,0.44877684116363525,0.2507180869579315,0.9771094918251038
1031,257,3,0.20216557383537292,0.16910845041275024,0.4442908763885498,0.27995240688323975,0.8970708847045898
1032,258,0,0.20409995317459106,0.16274814307689667,0.5890955924987793,0.2986190915107727,0.9025391340255737
1033,258,1,0.20207242667675018,0.15950526297092438,0.4548974633216858,0.23833656311035156,0.6566407084465027
1034,258,2,0.1850736290216446,0.15169277787208557,0.44287109375,0.2645242214202881,0.7825393676757812
1035,258,3,0.17476290464401245,0.1470491588115692,0.4396717846393585,0.28382599353790283,0.8711328506469727
1036,259,0,0.18126535415649414,0.15055066347122192,0.4225050210952759,0.3538839817047119,1.024765968322754
1037,259,1,0.2118200957775116,0.1795722395181656,0.43716466426849365,0.24195700883865356,0.8921096920967102
1038,259,2,0.20092694461345673,0.1665288507938385,0.5132758021354675,0.28337401151657104,1.0553908348083496
1039,259,3,0.1766446828842163,0.14486202597618103,0.5065777897834778,0.21750251948833466,0.8115240335464478
1040,260,0,0.19869045913219452,0.16489946842193604,0.4785618782043457,0.3027603030204773,0.988945484161377
1041,260,1,0.16730810701847076,0.14147065579891205,0.3827463388442993,0.292534738779068,0.7940236330032349
1042,260,2,0.18343272805213928,0.15049681067466736,0.44485345482826233,0.2695757746696472,0.8755079507827759
1043,260,3,0.18820291757583618,0.15329155325889587,0.40063557028770447,0.2501457929611206,0.743203341960907
1044,261,0,0.18911254405975342,0.1596294492483139,0.39421987533569336,0.24038131535053253,0.6526954174041748
1045,261,1,0.17533327639102936,0.1482168436050415,0.41104090213775635,0.2842065393924713,0.7989848256111145
1046,261,2,0.17506463825702667,0.14534279704093933,0.3995073437690735,0.23798827826976776,0.8645706176757812
1047,261,3,0.19145479798316956,0.15612828731536865,0.4783874750137329,0.2564733922481537,0.7598832845687866
1048,262,0,0.17924948036670685,0.14489248394966125,0.3766438663005829,0.2902219295501709,0.9380860328674316
1049,262,1,0.190443217754364,0.1559048444032669,0.3901769518852234,0.27587708830833435,0.7542969584465027
1050,262,2,0.17530807852745056,0.14717483520507812,0.3483865261077881,0.2345639020204544,0.8946875333786011
1051,262,3,0.1715647578239441,0.14356376230716705,0.40118828415870667,0.27327197790145874,0.7323441505432129
1052,263,0,0.17784324288368225,0.15300112962722778,0.41248857975006104,0.25919005274772644,0.9157816171646118
1053,263,1,0.19726353883743286,0.16008327901363373,0.5448325276374817,0.281585693359375,0.8757423162460327
1054,263,2,0.1809433251619339,0.1477971076965332,0.4609948992729187,0.2948029339313507,0.8750391006469727
1055,263,3,0.1664482057094574,0.13776260614395142,0.41115236282348633,0.25489625334739685,0.7583985328674316
1056,264,0,0.17946270108222961,0.15024025738239288,0.3575945794582367,0.24432525038719177,0.8106645345687866
1057,264,1,0.17635485529899597,0.14638811349868774,0.45011061429977417,0.2627853453159332,0.9928126335144043
1058,264,2,0.17972223460674286,0.14850161969661713,0.41540753841400146,0.2837231457233429,0.7706643342971802
1059,264,3,0.16052983701229095,0.130797877907753,0.34117162227630615,0.23690856993198395,0.8326572179794312
1060,265,0,0.17911763489246368,0.15130634605884552,0.3944053053855896,0.28184691071510315,0.8754688501358032
1061,265,1,0.1785425841808319,0.14363351464271545,0.407145619392395,0.25766247510910034,0.8881644010543823
1062,265,2,0.19009733200073242,0.1586032509803772,0.4208473563194275,0.29636475443840027,0.8600782752037048
1063,265,3,0.17725196480751038,0.1437186896800995,0.41149449348449707,0.2640722692012787,0.8175002336502075
1064,266,0,0.18216516077518463,0.15312160551548004,0.3904155492782593,0.2986071705818176,0.873945951461792
1065,266,1,0.1867971122264862,0.15671966969966888,0.4447769224643707,0.28391411900520325,0.8567190170288086
1066,266,2,0.18940196931362152,0.15583860874176025,0.4131573736667633,0.3328184485435486,0.899101734161377
1067,266,3,0.1866350620985031,0.15494194626808167,0.4611012041568756,0.23992949724197388,0.8635156750679016
1068,267,0,0.1843242645263672,0.14940482378005981,0.4773615002632141,0.26178374886512756,0.8635938167572021
1069,267,1,0.1703813076019287,0.13658365607261658,0.3582421541213989,0.27825868129730225,0.7750394344329834
1070,267,2,0.19311127066612244,0.1555631309747696,0.4162876605987549,0.2966662645339966,1.4235941171646118
1071,267,3,0.17795850336551666,0.14395743608474731,0.45955079793930054,0.28357255458831787,0.963125467300415
1072,268,0,0.18566878139972687,0.15843205153942108,0.38890892267227173,0.3048453629016876,0.7933594584465027
1073,268,1,0.17637784779071808,0.14410479366779327,0.42335087060928345,0.2920825183391571,1.078281283378601
1074,268,2,0.1834816336631775,0.15544523298740387,0.3931370675563812,0.27279359102249146,0.7623438835144043
1075,268,3,0.2001740038394928,0.17076866328716278,0.4377758502960205,0.23856079578399658,0.7923444509506226
1076,269,0,0.17585323750972748,0.1463291049003601,0.37764760851860046,0.27982720732688904,0.6905084848403931
1077,269,1,0.19093626737594604,0.1544804722070694,0.6025974154472351,0.2812344431877136,0.8242968916893005
1078,269,2,0.16290462017059326,0.13529792428016663,0.3754056990146637,0.29835784435272217,0.9065234661102295
1079,269,3,0.1827918291091919,0.15236739814281464,0.3966144323348999,0.2884137034416199,0.9089849591255188
1080,270,0,0.2147599458694458,0.18290290236473083,0.47289520502090454,0.24880096316337585,0.8400391340255737
1081,270,1,0.1926327496767044,0.1580529659986496,0.45221149921417236,0.26396557688713074,0.7625783085823059
1082,270,2,0.20514015853405,0.17069421708583832,0.63299959897995,0.25590211153030396,0.7359769344329834
1083,270,3,0.21272321045398712,0.17451390624046326,0.5668604373931885,0.3014949560165405,0.8489065170288086
1084,271,0,0.1768573820590973,0.14348269999027252,0.4173157215118408,0.28424012660980225,0.9894143342971802
1085,271,1,0.17779794335365295,0.15402641892433167,0.39228662848472595,0.2989938259124756,1.0713284015655518
1086,271,2,0.17795540392398834,0.14394904673099518,0.507956862449646,0.31835418939590454,0.8353523015975952
1087,271,3,0.18533380329608917,0.15138296782970428,0.3886021375656128,0.27072158455848694,0.9383595585823059
1088,272,0,0.19854430854320526,0.15835286676883698,0.4745253324508667,0.26545411348342896,0.9375391006469727
1089,272,1,0.17414480447769165,0.14342382550239563,0.40424835681915283,0.3524490296840668,1.0727348327636719
1090,272,2,0.17985086143016815,0.15036064386367798,0.3954538106918335,0.2836901843547821,0.860039234161377
1091,272,3,0.17580106854438782,0.14249970018863678,0.43913811445236206,0.2996719479560852,0.8141409754753113
1092,273,0,0.1926388144493103,0.15734127163887024,0.538131833076477,0.28274375200271606,0.8614848256111145
1093,273,1,0.1942293792963028,0.16735555231571198,0.4039425253868103,0.28010985255241394,0.7978518009185791
1094,273,2,0.2010728120803833,0.16612456738948822,0.5172243118286133,0.3366822898387909,0.9190236330032349
1095,273,3,0.1894054114818573,0.15902653336524963,0.45784294605255127,0.28880491852760315,1.0078907012939453
1096,274,0,0.18870724737644196,0.1613568812608719,0.4104079604148865,0.2784802317619324,1.0400002002716064
1097,274,1,0.18818652629852295,0.158611461520195,0.4428628087043762,0.2804833948612213,0.8789843916893005
1098,274,2,0.16336728632450104,0.13310791552066803,0.3754774332046509,0.26842743158340454,0.9466409087181091
1099,274,3,0.17593903839588165,0.15368376672267914,0.35480254888534546,0.31209471821784973,0.8472663760185242
1100,275,0,0.17636919021606445,0.1435033082962036,0.4330987334251404,0.2744177281856537,0.7270313501358032
1101,275,1,0.20372888445854187,0.17096394300460815,0.432888001203537,0.25406402349472046,0.7400785088539124
1102,275,2,0.17631959915161133,0.14670993387699127,0.36693835258483887,0.27355653047561646,0.8142582178115845
1103,275,3,0.17748460173606873,0.148054301738739,0.38645032048225403,0.2459001988172531,0.8264458179473877
1104,276,0,0.19881576299667358,0.17178015410900116,0.4255998134613037,0.25009796023368835,0.7542969584465027
1105,276,1,0.18417339026927948,0.15585486590862274,0.3737342357635498,0.2753506600856781,0.8556641340255737
1106,276,2,0.18125678598880768,0.149644672870636,0.4691098630428314,0.2850509583950043,0.7809773683547974
1107,276,3,0.17936469614505768,0.14957650005817413,0.429505854845047,0.3371553122997284,0.8873047828674316
1108,277,0,0.175949826836586,0.14382502436637878,0.3892329931259155,0.2943234145641327,0.7346484661102295
1109,277,1,0.16199341416358948,0.1317424327135086,0.4143937826156616,0.2685110569000244,0.7696484327316284
1110,277,2,0.17198921740055084,0.1392250806093216,0.4429292678833008,0.2449798583984375,0.7441020011901855
1111,277,3,0.16727647185325623,0.14074039459228516,0.36795735359191895,0.2522021532058716,0.7385547161102295
1112,278,0,0.1993531882762909,0.16508176922798157,0.48293185234069824,0.2553160488605499,0.6803907752037048
1113,278,1,0.18469823896884918,0.1526585817337036,0.5068364143371582,0.3144310712814331,0.9120707511901855
1114,278,2,0.1597151905298233,0.12592926621437073,0.44373708963394165,0.25651368498802185,0.6295313835144043
1115,278,3,0.1815493404865265,0.1496308296918869,0.40206605195999146,0.31738463044166565,0.9670708179473877
1116,279,0,0.17250990867614746,0.14520145952701569,0.37985897064208984,0.2703391909599304,0.9112111330032349
1117,279,1,0.1758468747138977,0.14756019413471222,0.46706441044807434,0.2754245102405548,0.8922659754753113
1118,279,2,0.16685763001441956,0.13258962333202362,0.4209628105163574,0.284851998090744,0.8712891340255737
1119,279,3,0.16285479068756104,0.1288999319076538,0.4242887794971466,0.27862152457237244,0.7600395679473877
1120,280,0,0.18615475296974182,0.15186744928359985,0.4618181586265564,0.2827548086643219,0.8227348923683167
1121,280,1,0.17913571000099182,0.14824208617210388,0.3765581548213959,0.30831557512283325,1.0155484676361084
1122,280,2,0.18274100124835968,0.14900198578834534,0.40919190645217896,0.26468154788017273,0.8914845585823059
1123,280,3,0.15959972143173218,0.12933653593063354,0.42083531618118286,0.25767502188682556,0.7752746343612671
1124,281,0,0.1993105709552765,0.1646040380001068,0.5833616256713867,0.26673126220703125,0.8871876001358032
1125,281,1,0.16930094361305237,0.1382608562707901,0.38826853036880493,0.24846099317073822,0.6934770345687866
1126,281,2,0.19842906296253204,0.16661562025547028,0.5652673840522766,0.26281753182411194,0.828789234161377
1127,281,3,0.19335594773292542,0.15783880650997162,0.48790982365608215,0.26480987668037415,0.8665241003036499
1128,282,0,0.17837926745414734,0.14757053554058075,0.4013604521751404,0.27330413460731506,0.9299219250679016
1129,282,1,0.15118280053138733,0.12440163642168045,0.38461241126060486,0.2504470944404602,0.7473049163818359
1130,282,2,0.17080816626548767,0.13955780863761902,0.5307035446166992,0.2358105480670929,0.8061331510543823
1131,282,3,0.166662335395813,0.13864533603191376,0.3838350176811218,0.23209427297115326,0.6851956844329834
1132,283,0,0.20341934263706207,0.16689103841781616,0.42993324995040894,0.23339320719242096,0.669336199760437
1133,283,1,0.16713294386863708,0.14096945524215698,0.3748629093170166,0.26427245140075684,0.7200784087181091
1134,283,2,0.15814977884292603,0.1314881592988968,0.36284178495407104,0.2390919327735901,0.7347657084465027
1135,283,3,0.18273228406906128,0.15417799353599548,0.3675457835197449,0.29757705330848694,0.9772657752037048
1136,284,0,0.2030797302722931,0.17398250102996826,0.5500096082687378,0.27702513337135315,0.7589846253395081
1137,284,1,0.17933334410190582,0.15069928765296936,0.4190404415130615,0.24206024408340454,0.7151172161102295
1138,284,2,0.20665831863880157,0.17363008856773376,0.4596114754676819,0.2732106149196625,0.9064844250679016
1139,284,3,0.18131038546562195,0.15420854091644287,0.39769381284713745,0.29776182770729065,0.8170313835144043
1140,285,0,0.18326254189014435,0.15750820934772491,0.44692760705947876,0.3029406666755676,0.7250786423683167
1141,285,1,0.1774681806564331,0.1499406099319458,0.42787981033325195,0.24915558099746704,0.7664845585823059
1142,285,2,0.18574127554893494,0.14712758362293243,0.4306303560733795,0.26609984040260315,0.7235158085823059
1143,285,3,0.15803734958171844,0.1293153464794159,0.4242359399795532,0.27565550804138184,0.9650391340255737
1144,286,0,0.17518092691898346,0.14203789830207825,0.3962699770927429,0.2776385545730591,0.8868750333786011
1145,286,1,0.2016143798828125,0.16429848968982697,0.45507413148880005,0.2920893728733063,0.9033986330032349
1146,286,2,0.1842121183872223,0.15024596452713013,0.43550145626068115,0.2789178490638733,0.9845312833786011
1147,286,3,0.17906083166599274,0.14810743927955627,0.4999004602432251,0.23328734934329987,0.7945315837860107
1148,287,0,0.17589043080806732,0.14780578017234802,0.48490118980407715,0.26577210426330566,0.91015625
1149,287,1,0.1604825258255005,0.13278600573539734,0.3429570496082306,0.2789018154144287,0.9496094584465027
1150,287,2,0.1759359985589981,0.14495019614696503,0.41067346930503845,0.28820618987083435,0.7685162425041199
1151,287,3,0.17761610448360443,0.1427989900112152,0.4682183861732483,0.2859918475151062,0.9812110662460327
1152,288,0,0.1610354334115982,0.13151346147060394,0.4183715581893921,0.30395933985710144,0.8064847588539124
1153,288,1,0.18434590101242065,0.15634645521640778,0.4197801351547241,0.26472488045692444,0.80078125
1154,288,2,0.17219962179660797,0.1444770097732544,0.38847699761390686,0.2691696286201477,0.786172091960907
1155,288,3,0.17321382462978363,0.14476430416107178,0.41437751054763794,0.28122925758361816,0.7308594584465027
1156,289,0,0.165695458650589,0.13584063947200775,0.3909962773323059,0.3264037072658539,0.8244141340255737
1157,289,1,0.19141548871994019,0.15625567734241486,0.4275357723236084,0.28322508931159973,0.7309376001358032
1158,289,2,0.16008368134498596,0.131841242313385,0.34683120250701904,0.2696199119091034,0.8013672828674316
1159,289,3,0.17596256732940674,0.1442364901304245,0.3742688298225403,0.26568183302879333,1.0627343654632568
1160,290,0,0.16382983326911926,0.13731685280799866,0.3704848885536194,0.2884957790374756,0.8914463520050049
1161,290,1,0.18219894170761108,0.14810749888420105,0.4658327102661133,0.2631814479827881,0.8086718916893005
1162,290,2,0.15705202519893646,0.13126122951507568,0.35140272974967957,0.2838708460330963,0.8286719918251038
1163,290,3,0.1759652942419052,0.14516736567020416,0.4022009074687958,0.24044708907604218,0.8798830509185791
1164,291,0,0.18467873334884644,0.1513742357492447,0.49424421787261963,0.291981965303421,0.8126953840255737
1165,291,1,0.16237503290176392,0.13375839591026306,0.3942906856536865,0.3538285791873932,1.1026564836502075
1166,291,2,0.18812145292758942,0.15643423795700073,0.3968689739704132,0.26446640491485596,0.8170313835144043
1167,291,3,0.16022039949893951,0.12940672039985657,0.38306063413619995,0.27753570675849915,0.7953521013259888
1168,292,0,0.18860416114330292,0.1496330052614212,0.46895790100097656,0.3077247738838196,0.9509769678115845
1169,292,1,0.19932693243026733,0.16881123185157776,0.39270472526550293,0.28010499477386475,0.98828125
1170,292,2,0.19394448399543762,0.1650513857603073,0.437080442905426,0.24669913947582245,0.7266406416893005
1171,292,3,0.17724639177322388,0.14873996376991272,0.3759669065475464,0.2477092742919922,0.8490628004074097
1172,293,0,0.18149858713150024,0.15091930329799652,0.4625706672668457,0.28548142313957214,0.8298050165176392
1173,293,1,0.17220623791217804,0.14276762306690216,0.39171528816223145,0.2683175802230835,0.7624610662460327
1174,293,2,0.1877242922782898,0.154635488986969,0.43965280055999756,0.287605881690979,0.9539845585823059
1175,293,3,0.1876107156276703,0.15812212228775024,0.3743996024131775,0.23620818555355072,0.9065625667572021
1176,294,0,0.17087823152542114,0.14415161311626434,0.44767946004867554,0.27731162309646606,0.8534379005432129
1177,294,1,0.1966259777545929,0.16124849021434784,0.45766955614089966,0.26085785031318665,0.7469541430473328
1178,294,2,0.18149365484714508,0.14795298874378204,0.42190873622894287,0.24659347534179688,0.9202739000320435
1179,294,3,0.18337854743003845,0.15300752222537994,0.4525739252567291,0.2744062840938568,0.9081254005432129
1180,295,0,0.19234809279441833,0.1592385321855545,0.5221977233886719,0.28485777974128723,1.0007814168930054
1181,295,1,0.19909816980361938,0.16434592008590698,0.4230791926383972,0.2764979600906372,0.8362891674041748
1182,295,2,0.18217825889587402,0.15259182453155518,0.3775002956390381,0.2781512439250946,0.8194147348403931
1183,295,3,0.19092175364494324,0.15817436575889587,0.4600665867328644,0.26751405000686646,0.9149220585823059
1184,296,0,0.1855275183916092,0.148427814245224,0.5003545880317688,0.22707931697368622,0.6070706844329834
1185,296,1,0.17308786511421204,0.14045237004756927,0.4019639492034912,0.2752864956855774,0.7393361330032349
1186,296,2,0.16807404160499573,0.14238381385803223,0.38852357864379883,0.27616721391677856,0.8519532084465027
1187,296,3,0.17406857013702393,0.13978855311870575,0.47014129161834717,0.2504473924636841,0.8439062833786011
1188,297,0,0.21305477619171143,0.17850139737129211,0.48752981424331665,0.292633056640625,0.7972266674041748
1189,297,1,0.19759446382522583,0.16551215946674347,0.4271506369113922,0.30635544657707214,0.9847657084465027
1190,297,2,0.20072834193706512,0.1649128794670105,0.44025033712387085,0.3163110315799713,0.9223438501358032
1191,297,3,0.19781050086021423,0.16399887204170227,0.469197154045105,0.3044883608818054,0.9088286757469177
1192,298,0,0.18360812962055206,0.14876502752304077,0.5347849726676941,0.2977236807346344,0.8403126001358032
1193,298,1,0.17182792723178864,0.13910038769245148,0.4703854024410248,0.25214308500289917,0.7045315504074097
1194,298,2,0.17608708143234253,0.14304782450199127,0.44858789443969727,0.3350640833377838,1.3046875
1195,298,3,0.18003147840499878,0.1447085738182068,0.4417097866535187,0.26517632603645325,0.8063284754753113
1196,299,0,0.1833384931087494,0.15324677526950836,0.40631741285324097,0.28073355555534363,0.9033986330032349
1197,299,1,0.17791783809661865,0.14641059935092926,0.46445196866989136,0.3068559169769287,0.7409771680831909
1198,299,2,0.1839381754398346,0.15153002738952637,0.4273821711540222,0.27612417936325073,0.7972266674041748
1199,299,3,0.1732376366853714,0.1380455642938614,0.41386497020721436,0.28920042514801025,1.1960158348083496
1200,300,0,0.17743831872940063,0.1510176956653595,0.39865705370903015,0.2998620569705963,0.8402734994888306
1201,300,1,0.18824775516986847,0.15091586112976074,0.47871819138526917,0.2592352330684662,0.8350397348403931
1202,300,2,0.18494637310504913,0.14760269224643707,0.4436545968055725,0.3133227527141571,0.8566408753395081
1203,300,3,0.18004173040390015,0.14833895862102509,0.4306205213069916,0.3498874008655548,1.0860157012939453
1204,301,0,0.1906667798757553,0.15687736868858337,0.4382677674293518,0.2650488317012787,0.7522661089897156
1205,301,1,0.1757676601409912,0.14931535720825195,0.41141390800476074,0.30399271845817566,0.923906683921814
1206,301,2,0.1759800761938095,0.14363855123519897,0.44100356101989746,0.24671722948551178,0.8476953506469727
1207,301,3,0.1987067461013794,0.16231326758861542,0.5026758909225464,0.284393310546875,0.9768750667572021
1208,302,0,0.17602236568927765,0.14241591095924377,0.447795033454895,0.277261346578598,0.7633597254753113
1209,302,1,0.18245452642440796,0.15752273797988892,0.39877426624298096,0.3212783932685852,0.9287897348403931
1210,302,2,0.17894582450389862,0.148395374417305,0.43123161792755127,0.31403258442878723,0.895351767539978
1211,302,3,0.15135951340198517,0.1229514479637146,0.4302043318748474,0.28591370582580566,0.8050000667572021
1212,303,0,0.175423726439476,0.14134454727172852,0.4165436923503876,0.23220673203468323,0.6089069843292236
1213,303,1,0.16207897663116455,0.13460904359817505,0.37221288681030273,0.28558582067489624,0.954140841960907
1214,303,2,0.17571952939033508,0.14119821786880493,0.46406570076942444,0.2624829113483429,0.8408986330032349
1215,303,3,0.18375703692436218,0.1536664515733719,0.3894948363304138,0.25011909008026123,0.7086331844329834
1216,304,0,0.1745230257511139,0.1442500650882721,0.40566039085388184,0.34012266993522644,0.9813673496246338
1217,304,1,0.17463813722133636,0.14193107187747955,0.38553404808044434,0.24522705376148224,0.7237111330032349
1218,304,2,0.1751357764005661,0.1459025740623474,0.38643062114715576,0.24612243473529816,0.7313673496246338
1219,304,3,0.19425393640995026,0.15649272501468658,0.48176467418670654,0.3059404492378235,0.8750391006469727
1220,305,0,0.17694903910160065,0.14687207341194153,0.47805970907211304,0.2932548522949219,1.0788283348083496
1221,305,1,0.18654674291610718,0.1528492122888565,0.4415404796600342,0.26359978318214417,0.833398699760437
1222,305,2,0.2070782333612442,0.17512837052345276,0.4323020577430725,0.27414488792419434,0.7463281750679016
1223,305,3,0.17658615112304688,0.15026777982711792,0.399331271648407,0.284576416015625,0.9311721920967102
1224,306,0,0.18213070929050446,0.15610837936401367,0.3635290265083313,0.31084999442100525,0.9574219584465027
1225,306,1,0.1876996010541916,0.15251827239990234,0.4425463378429413,0.2645101845264435,0.8949219584465027
1226,306,2,0.2041883021593094,0.16976770758628845,0.5172992944717407,0.266478568315506,1.0550000667572021
1227,306,3,0.15624156594276428,0.12512372434139252,0.37910860776901245,0.23812194168567657,0.8480859994888306
1228,307,0,0.180868461728096,0.14978118240833282,0.44555026292800903,0.316985160112381,1.0401564836502075
1229,307,1,0.16601943969726562,0.1341273933649063,0.4291836619377136,0.24255187809467316,0.9745707511901855
1230,307,2,0.18897905945777893,0.1596461832523346,0.42529505491256714,0.3203772008419037,0.8369143009185791
1231,307,3,0.17515483498573303,0.14670918881893158,0.3761010766029358,0.30955368280410767,0.785976767539978
1232,308,0,0.19432276487350464,0.15680935978889465,0.45259127020835876,0.2757003903388977,0.8207813501358032
1233,308,1,0.17909878492355347,0.15149980783462524,0.3888835608959198,0.2563316226005554,0.8287110328674316
1234,308,2,0.15014168620109558,0.12198983132839203,0.39999568462371826,0.23413056135177612,0.8052344918251038
1235,308,3,0.16635911166667938,0.14190076291561127,0.3503075838088989,0.27120545506477356,0.8400000333786011
1236,309,0,0.18016688525676727,0.1520553082227707,0.43395209312438965,0.2558056712150574,0.7851953506469727
1237,309,1,0.1690768003463745,0.13643889129161835,0.48700350522994995,0.29002928733825684,0.9935557842254639
1238,309,2,0.18805113434791565,0.15308502316474915,0.5764851570129395,0.2801315188407898,1.0628907680511475
1239,309,3,0.17818811535835266,0.14950841665267944,0.46671873331069946,0.2664065659046173,0.8678907752037048
1240,310,0,0.18092447519302368,0.15331174433231354,0.39009130001068115,0.26078978180885315,0.7620313167572021
1241,310,1,0.1799042969942093,0.14150211215019226,0.4194895625114441,0.3052215576171875,1.0167189836502075
1242,310,2,0.167734295129776,0.13561901450157166,0.4224998652935028,0.2721789479255676,0.8359375
1243,310,3,0.1753634512424469,0.144263356924057,0.40700286626815796,0.25966981053352356,0.771562933921814
1244,311,0,0.1947747766971588,0.16328027844429016,0.40871310234069824,0.2993338108062744,0.931368350982666
1245,311,1,0.1683516800403595,0.13448695838451385,0.4798240661621094,0.27025604248046875,0.8165625333786011
1246,311,2,0.17662586271762848,0.14598622918128967,0.39025211334228516,0.2824445962905884,0.9499610662460327
1247,311,3,0.18958325684070587,0.15212737023830414,0.41959819197654724,0.2564453184604645,0.7473440170288086
1248,312,0,0.18996703624725342,0.15627455711364746,0.3846006393432617,0.24337013065814972,0.8165234327316284
1249,312,1,0.1706545203924179,0.1433403193950653,0.39338797330856323,0.27442824840545654,0.9883593916893005
1250,312,2,0.17595773935317993,0.14516326785087585,0.3760582506656647,0.25318968296051025,0.8337112665176392
1251,312,3,0.16761687397956848,0.14289529621601105,0.4096199572086334,0.2802203297615051,0.8525393009185791
1252,313,0,0.19208833575248718,0.15268006920814514,0.5643460750579834,0.25547903776168823,0.794259786605835
1253,313,1,0.17910315096378326,0.15039180219173431,0.40255874395370483,0.26690614223480225,0.8286329507827759
1254,313,2,0.1909562349319458,0.15865716338157654,0.4249080419540405,0.2251119166612625,0.73828125
1255,313,3,0.19394028186798096,0.15793918073177338,0.4029810130596161,0.2764459252357483,0.8869141340255737
1256,314,0,0.1832229346036911,0.1548946350812912,0.39604830741882324,0.24567992985248566,0.7229297161102295
1257,314,1,0.17706747353076935,0.14110618829727173,0.46578964591026306,0.27905434370040894,0.8125391006469727
1258,314,2,0.18249167501926422,0.15246880054473877,0.462646484375,0.39256957173347473,1.2585939168930054
1259,314,3,0.18466168642044067,0.15568159520626068,0.40061208605766296,0.24324005842208862,0.6446883678436279
1260,315,0,0.1794503778219223,0.15310348570346832,0.39023256301879883,0.25700774788856506,1.0413286685943604
1261,315,1,0.15571582317352295,0.12397156655788422,0.37232470512390137,0.26546937227249146,0.8695317506790161
1262,315,2,0.16816158592700958,0.1343335509300232,0.534856379032135,0.23975738883018494,0.805703341960907
1263,315,3,0.17236992716789246,0.1430920958518982,0.35076501965522766,0.27636992931365967,0.8636719584465027
1264,316,0,0.18280495703220367,0.1520662009716034,0.45532530546188354,0.2967340052127838,0.922539234161377
1265,316,1,0.16741153597831726,0.13732093572616577,0.420014351606369,0.35007110238075256,0.969765841960907
1266,316,2,0.19387172162532806,0.157232865691185,0.43058761954307556,0.25119566917419434,0.8711328506469727
1267,316,3,0.1926104724407196,0.15992595255374908,0.4309377670288086,0.248210147023201,0.8132423162460327
1268,317,0,0.18518444895744324,0.1561306267976761,0.5084322690963745,0.2508923411369324,0.697344183921814
1269,317,1,0.16844318807125092,0.14003071188926697,0.3725724220275879,0.27334243059158325,0.9730079174041748
1270,317,2,0.1997109055519104,0.1665210723876953,0.4603821635246277,0.2579003870487213,0.7892187833786011
1271,317,3,0.1666877120733261,0.13603004813194275,0.3829812705516815,0.2981427013874054,0.9066407084465027
1272,318,0,0.17289532721042633,0.14364759624004364,0.3658469319343567,0.2787451148033142,0.8476953506469727
1273,318,1,0.19836781919002533,0.16255174577236176,0.45670026540756226,0.2875540256500244,0.9183984994888306
1274,318,2,0.18424959480762482,0.14575161039829254,0.5666062831878662,0.29853516817092896,0.9416016340255737
1275,318,3,0.16757290065288544,0.14103522896766663,0.5266676545143127,0.3238752782344818,1.109921932220459
1276,319,0,0.18337632715702057,0.14860893785953522,0.4860140085220337,0.28592708706855774,0.8164843916893005
1277,319,1,0.17239117622375488,0.14110201597213745,0.4035102128982544,0.2606271505355835,0.8171095252037048
1278,319,2,0.16505831480026245,0.1346881240606308,0.4353869557380676,0.262908935546875,0.9573438167572021
1279,319,3,0.16114501655101776,0.13751894235610962,0.335982084274292,0.2799530029296875,0.754922091960907
1280,320,0,0.1646551787853241,0.13510620594024658,0.391204833984375,0.24547836184501648,0.6499612331390381
1281,320,1,0.1666576862335205,0.13461923599243164,0.3782122731208801,0.2611960470676422,0.7670315504074097
1282,320,2,0.1781146079301834,0.1431671380996704,0.4307602047920227,0.23781967163085938,0.755937933921814
1283,320,3,0.14343677461147308,0.11793947219848633,0.41845786571502686,0.2606304883956909,0.8059768676757812
1284,321,0,0.16816763579845428,0.13295726478099823,0.3851355314254761,0.25240811705589294,0.8409377336502075
1285,321,1,0.17207275331020355,0.14303165674209595,0.46021997928619385,0.27242493629455566,0.8835548162460327
1286,321,2,0.18748098611831665,0.1538601666688919,0.4319283366203308,0.2639015316963196,0.7635941505432129
1287,321,3,0.17197538912296295,0.139123797416687,0.4525771737098694,0.2701342701911926,1.0235157012939453
1288,322,0,0.18300259113311768,0.15458576381206512,0.42645734548568726,0.33033934235572815,0.9899612665176392
1289,322,1,0.16736315190792084,0.13427168130874634,0.3467123508453369,0.2277807593345642,0.6898051500320435
1290,322,2,0.2012581080198288,0.1728867143392563,0.4111122786998749,0.23438690602779388,0.681054949760437
1291,322,3,0.19071131944656372,0.160700261592865,0.4122474789619446,0.285147100687027,0.8374221920967102
1292,323,0,0.18063683807849884,0.15485697984695435,0.39735788106918335,0.29133498668670654,0.9378125667572021
1293,323,1,0.18106360733509064,0.14498963952064514,0.3997049629688263,0.25951048731803894,0.7706252336502075
1294,323,2,0.18335574865341187,0.15528792142868042,0.4793879985809326,0.254781037569046,0.7190234661102295
1295,323,3,0.19390803575515747,0.1588226556777954,0.4933071434497833,0.2529614269733429,0.7892578840255737
1296,324,0,0.1729407161474228,0.14001789689064026,0.4282740354537964,0.26507508754730225,0.6586333513259888
1297,324,1,0.17706641554832458,0.13801124691963196,0.5030018091201782,0.2611920237541199,0.7933984994888306
1298,324,2,0.17814944684505463,0.14295901358127594,0.4564487338066101,0.23579345643520355,0.8443751335144043
1299,324,3,0.1804446578025818,0.14583882689476013,0.4125247001647949,0.2798815965652466,0.966211199760437
1300,325,0,0.16739261150360107,0.13748019933700562,0.4241386353969574,0.2991815209388733,0.9847657084465027
1301,325,1,0.17404425144195557,0.14352889358997345,0.4149256944656372,0.2827206552028656,0.8711718916893005
1302,325,2,0.1770557463169098,0.14623145759105682,0.4317252039909363,0.3337022364139557,0.9155089855194092
1303,325,3,0.18850335478782654,0.1575644165277481,0.4429139494895935,0.27879059314727783,0.766992449760437
1304,326,0,0.167873814702034,0.1378600001335144,0.44940680265426636,0.24312804639339447,0.6758984327316284
1305,326,1,0.16583891212940216,0.14059048891067505,0.4644554853439331,0.3035087585449219,1.0250003337860107
1306,326,2,0.1945967823266983,0.16401788592338562,0.4683007001876831,0.26249903440475464,0.8364844918251038
1307,326,3,0.1664230078458786,0.13362708687782288,0.43275541067123413,0.30452635884284973,1.0318751335144043
1308,327,0,0.20290982723236084,0.16964678466320038,0.442536860704422,0.3118212819099426,0.9198050498962402
1309,327,1,0.16898953914642334,0.13754239678382874,0.45664888620376587,0.26419615745544434,0.8439844250679016
1310,327,2,0.18365317583084106,0.15479959547519684,0.45654296875,0.3785272240638733,1.0589852333068848
1311,327,3,0.17667153477668762,0.14251656830310822,0.437089204788208,0.26115524768829346,0.9351174831390381
1312,328,0,0.1791338324546814,0.15199033915996552,0.4336807429790497,0.27949413657188416,0.9195706844329834
1313,328,1,0.1789335310459137,0.14642110466957092,0.4811400771141052,0.2596805691719055,0.7659766674041748
1314,328,2,0.1602887660264969,0.12633275985717773,0.40133100748062134,0.24787841737270355,0.7187891006469727
1315,328,3,0.16582417488098145,0.1311568319797516,0.46741726994514465,0.3292917013168335,0.9221875667572021
1316,329,0,0.15891191363334656,0.1298559010028839,0.437513530254364,0.2652694582939148,0.8449221253395081
1317,329,1,0.20030322670936584,0.1614535003900528,0.5515681505203247,0.24719665944576263,0.8993360996246338
1318,329,2,0.1894564926624298,0.1598900407552719,0.4298999309539795,0.2669244408607483,0.8477734327316284
1319,329,3,0.16185899078845978,0.1371360719203949,0.38514256477355957,0.2743922770023346,0.8913673162460327
1320,330,0,0.17353178560733795,0.142440065741539,0.36167389154434204,0.26761627197265625,0.7462500333786011
1321,330,1,0.17774300277233124,0.1513504534959793,0.3834269344806671,0.28951334953308105,0.9025000333786011
1322,330,2,0.17312778532505035,0.1422499418258667,0.42171910405158997,0.2795700132846832,0.7930468916893005
1323,330,3,0.159404456615448,0.13160502910614014,0.3592524528503418,0.2540155053138733,0.7422656416893005
1324,331,0,0.1840326488018036,0.14693056046962738,0.4908106029033661,0.3267196714878082,1.0015628337860107
1325,331,1,0.16618147492408752,0.14063958823680878,0.34912919998168945,0.2965261936187744,0.8714454174041748
1326,331,2,0.17492352426052094,0.1432843655347824,0.43671154975891113,0.2579547166824341,0.6426957845687866
1327,331,3,0.17557913064956665,0.14770853519439697,0.3649866580963135,0.31157776713371277,0.9029297828674316
1328,332,0,0.1756555289030075,0.15191194415092468,0.33698439598083496,0.24927139282226562,0.8242578506469727
1329,332,1,0.19733360409736633,0.1610497236251831,0.49866896867752075,0.3034776449203491,0.9580861330032349
1330,332,2,0.17699076235294342,0.14629170298576355,0.3941296339035034,0.297891229391098,0.9143359661102295
1331,332,3,0.17916439473628998,0.14660006761550903,0.37512528896331787,0.26037657260894775,0.8415237665176392
1332,333,0,0.18465302884578705,0.14922583103179932,0.6480333805084229,0.28841590881347656,0.6534377336502075
1333,333,1,0.18665887415409088,0.15745902061462402,0.373055636882782,0.3594219982624054,1.0475001335144043
1334,333,2,0.1826917678117752,0.1476876586675644,0.5123696327209473,0.3534402549266815,1.0783593654632568
1335,333,3,0.19269217550754547,0.1612270027399063,0.41544094681739807,0.30492064356803894,0.9492578506469727
1336,334,0,0.17243961989879608,0.14149780571460724,0.4125652313232422,0.25980445742607117,0.7177740335464478
1337,334,1,0.18994618952274323,0.16120906174182892,0.3707025349140167,0.2624148428440094,0.8602345585823059
1338,334,2,0.17422886192798615,0.14751207828521729,0.40097248554229736,0.29870086908340454,0.825039267539978
1339,334,3,0.17907580733299255,0.14317601919174194,0.5276108980178833,0.2604824900627136,0.6837109327316284
1340,335,0,0.1620439887046814,0.13426847755908966,0.4006517827510834,0.2668812572956085,0.8208985328674316
1341,335,1,0.18086951971054077,0.14942394196987152,0.40248897671699524,0.2403922975063324,0.8939069509506226
1342,335,2,0.1871364414691925,0.1541503518819809,0.40826940536499023,0.25239723920822144,0.9692969918251038
1343,335,3,0.1961454153060913,0.17011497914791107,0.4287753999233246,0.2719445824623108,0.7696875333786011
1344,336,0,0.16888141632080078,0.13505376875400543,0.4459516108036041,0.2655275762081146,0.9470316171646118
1345,336,1,0.17650051414966583,0.14115598797798157,0.4173685312271118,0.28031861782073975,0.867851734161377
1346,336,2,0.16438163816928864,0.1334107369184494,0.4003599286079407,0.283499151468277,0.7812117338180542
1347,336,3,0.1793108433485031,0.15018723905086517,0.37686365842819214,0.28362610936164856,0.9067969918251038
1348,337,0,0.16988158226013184,0.13939249515533447,0.45657050609588623,0.27173614501953125,0.8047266006469727
1349,337,1,0.16235844790935516,0.13949313759803772,0.38903170824050903,0.2608853280544281,0.6953516006469727
1350,337,2,0.1789838671684265,0.1488664597272873,0.36023736000061035,0.2809951901435852,0.806719183921814
1351,337,3,0.16154497861862183,0.13302083313465118,0.36860620975494385,0.2779492139816284,0.8439453840255737
1352,338,0,0.18198800086975098,0.14425650238990784,0.4382161498069763,0.28983834385871887,0.9925000667572021
1353,338,1,0.18733131885528564,0.15183253586292267,0.4727739691734314,0.30444541573524475,0.9536719918251038
1354,338,2,0.1771361529827118,0.13871687650680542,0.4709899127483368,0.26887962222099304,0.8691410422325134
1355,338,3,0.1654311567544937,0.13298092782497406,0.3992635905742645,0.2788510024547577,0.821328341960907
1356,339,0,0.16858024895191193,0.13669483363628387,0.38560837507247925,0.32500457763671875,1.047031283378601
1357,339,1,0.18311063945293427,0.15094655752182007,0.41876089572906494,0.27022141218185425,0.9339844584465027
1358,339,2,0.1706552356481552,0.1429515779018402,0.37088534235954285,0.24268920719623566,0.6930081844329834
1359,339,3,0.17010916769504547,0.13842026889324188,0.4022166430950165,0.2425347864627838,0.6965627670288086
1360,340,0,0.19469694793224335,0.16530880331993103,0.4004305601119995,0.3307589590549469,0.9732422828674316
1361,340,1,0.18003793060779572,0.14857624471187592,0.3727475702762604,0.29376065731048584,0.9814455509185791
1362,340,2,0.18613456189632416,0.1535804718732834,0.5221067667007446,0.3045729100704193,0.8369143009185791
1363,340,3,0.1727427840232849,0.14716307818889618,0.379006028175354,0.2610180675983429,0.6997657418251038
1364,341,0,0.18877512216567993,0.1550924926996231,0.46129781007766724,0.27067869901657104,0.7833216190338135
1365,341,1,0.1895628720521927,0.15825533866882324,0.4188814163208008,0.2804333567619324,0.8375784754753113
1366,341,2,0.17388108372688293,0.1384507268667221,0.587206244468689,0.26554375886917114,0.7426563501358032
1367,341,3,0.1692642867565155,0.13460053503513336,0.4756808280944824,0.2989966869354248,0.8690246343612671
1368,342,0,0.16112495958805084,0.1279670149087906,0.37419384717941284,0.2855297923088074,0.8518750667572021
1369,342,1,0.1660851687192917,0.1303042769432068,0.49046874046325684,0.26476868987083435,0.9116799831390381
1370,342,2,0.16258062422275543,0.12762579321861267,0.43290477991104126,0.26362061500549316,0.8873047828674316
1371,342,3,0.18024782836437225,0.1468755006790161,0.4028048515319824,0.3060266077518463,0.9850001335144043
1372,343,0,0.17199952900409698,0.13245274126529694,0.46685901284217834,0.3332165479660034,0.9885547161102295
1373,343,1,0.1557539403438568,0.1271570771932602,0.361654132604599,0.27721190452575684,0.9259383678436279
1374,343,2,0.18151016533374786,0.15686021745204926,0.4642704725265503,0.27662384510040283,0.8227348923683167
1375,343,3,0.20520414412021637,0.17146989703178406,0.44969600439071655,0.32979920506477356,0.854766309261322
1376,344,0,0.1712479442358017,0.141556054353714,0.4129573702812195,0.2704302966594696,0.8180081844329834
1377,344,1,0.1790088266134262,0.15083114802837372,0.3808946907520294,0.273040235042572,0.9127739667892456
1378,344,2,0.16844047605991364,0.14395800232887268,0.3503497838973999,0.273551344871521,0.872461199760437
1379,344,3,0.16368338465690613,0.13858875632286072,0.3663949966430664,0.2807272970676422,0.8297659754753113
1380,345,0,0.17914852499961853,0.14951758086681366,0.4828965663909912,0.3267285227775574,0.9237504005432129
1381,345,1,0.18779213726520538,0.1527571827173233,0.4114854335784912,0.28113219141960144,0.7674612998962402
1382,345,2,0.17636771500110626,0.1406937837600708,0.429436057806015,0.27608412504196167,0.7906253337860107
1383,345,3,0.1647079437971115,0.13614778220653534,0.37193724513053894,0.29369139671325684,0.8400000333786011
1384,346,0,0.1874077171087265,0.14811307191848755,0.5785379409790039,0.2845474183559418,0.9065625667572021
1385,346,1,0.17539767920970917,0.13683907687664032,0.5738464593887329,0.293313592672348,0.8960949182510376
1386,346,2,0.17935527861118317,0.14495645463466644,0.3889879584312439,0.2765524387359619,0.9119925498962402
1387,346,3,0.19597798585891724,0.16026011109352112,0.40891098976135254,0.28564149141311646,0.8207813501358032
1388,347,0,0.1714257150888443,0.1408282220363617,0.40213263034820557,0.3052358329296112,1.007968783378601
1389,347,1,0.16394296288490295,0.13069483637809753,0.4387529492378235,0.242859348654747,0.7726960182189941
1390,347,2,0.18589617311954498,0.15818476676940918,0.4581047296524048,0.27601805329322815,0.7475003004074097
1391,347,3,0.1739630401134491,0.1446068435907364,0.4001873731613159,0.28683486580848694,0.8910547494888306
1392,348,0,0.16448134183883667,0.13943737745285034,0.3863984942436218,0.2722436487674713,0.8243359327316284
1393,348,1,0.17378441989421844,0.14622196555137634,0.3691583573818207,0.28020262718200684,0.8792188167572021
1394,348,2,0.18092088401317596,0.15208755433559418,0.47375059127807617,0.28072142601013184,0.7280471920967102
1395,348,3,0.17022202908992767,0.14480465650558472,0.4094697833061218,0.2881454527378082,0.9033986330032349
1396,349,0,0.17335592210292816,0.14533068239688873,0.4209083318710327,0.2686511278152466,0.6917969584465027
1397,349,1,0.1599404215812683,0.13405151665210724,0.3758839964866638,0.2546287477016449,0.8402734994888306
1398,349,2,0.15607640147209167,0.12821424007415771,0.4078846871852875,0.2884529232978821,0.8013672828674316
1399,349,3,0.17786560952663422,0.1478068083524704,0.37250521779060364,0.26078522205352783,0.773086667060852
1400,350,0,0.16346535086631775,0.13495270907878876,0.34913012385368347,0.28030118346214294,0.9885547161102295
1401,350,1,0.16164161264896393,0.13324251770973206,0.3597484827041626,0.25509095191955566,0.7587502002716064
1402,350,2,0.1808774471282959,0.1523716300725937,0.4365578889846802,0.2716381847858429,0.8713281750679016
1403,350,3,0.17436888813972473,0.14152906835079193,0.4048745334148407,0.26854899525642395,0.8173830509185791
1404,351,0,0.18291588127613068,0.1562938690185547,0.4151785969734192,0.27714309096336365,0.7776954174041748
1405,351,1,0.17875713109970093,0.1476995199918747,0.5313572883605957,0.2809801399707794,0.8362109661102295
1406,351,2,0.16682811081409454,0.14225248992443085,0.39190763235092163,0.2685345411300659,0.7724615335464478
1407,351,3,0.1693936586380005,0.1400693953037262,0.4385347366333008,0.2709205746650696,0.8672266006469727
1408,352,0,0.16348715126514435,0.13442455232143402,0.41729384660720825,0.3441748023033142,1.2035938501358032
1409,352,1,0.1829480677843094,0.1552722305059433,0.3823321461677551,0.27412253618240356,0.8361719250679016
1410,352,2,0.16369958221912384,0.13441744446754456,0.38626840710639954,0.23227813839912415,0.7032421827316284
1411,352,3,0.1774759143590927,0.140378937125206,0.48345667123794556,0.2637642025947571,1.0004688501358032
1412,353,0,0.18013350665569305,0.1473861187696457,0.4449918866157532,0.30438432097435,0.9961328506469727
1413,353,1,0.17222155630588531,0.13972076773643494,0.36763179302215576,0.3002246022224426,0.819258451461792
1414,353,2,0.17011401057243347,0.14245164394378662,0.365501344203949,0.26174500584602356,0.8375003337860107
1415,353,3,0.1773436963558197,0.14539788663387299,0.48620033264160156,0.2917691171169281,0.9614063501358032
1416,354,0,0.19355686008930206,0.163884699344635,0.4377608001232147,0.28661254048347473,0.8674219250679016
1417,354,1,0.1771022379398346,0.14734266698360443,0.3959653377532959,0.3078427016735077,0.9494141340255737
1418,354,2,0.17034970223903656,0.13816803693771362,0.404833048582077,0.2509373426437378,0.8735551834106445
1419,354,3,0.18386270105838776,0.1476113498210907,0.4327407479286194,0.306740403175354,0.9614844918251038
1420,355,0,0.19648312032222748,0.16616268455982208,0.4435466527938843,0.2828860580921173,0.7737109661102295
1421,355,1,0.1732579618692398,0.14697875082492828,0.38097989559173584,0.2597399950027466,0.7908597588539124
1422,355,2,0.15663161873817444,0.12855157256126404,0.43150609731674194,0.2502490282058716,0.8534379005432129
1423,355,3,0.16417928040027618,0.13543757796287537,0.39274483919143677,0.3210205137729645,0.9597271680831909
1424,356,0,0.16331671178340912,0.13329721987247467,0.395274817943573,0.283952534198761,0.7503125667572021
1425,356,1,0.17119288444519043,0.13988029956817627,0.37480872869491577,0.3162405490875244,1.0180473327636719
1426,356,2,0.1699817180633545,0.14236785471439362,0.3921009600162506,0.31645143032073975,0.9771094918251038
1427,356,3,0.1909722536802292,0.15875020623207092,0.4629036784172058,0.3413510024547577,1.0348445177078247
1428,357,0,0.17497794330120087,0.14635254442691803,0.3785308599472046,0.29071274399757385,0.8274616003036499
1429,357,1,0.16550229489803314,0.13244114816188812,0.4672185182571411,0.25728562474250793,0.9039456844329834
1430,357,2,0.18824030458927155,0.1550172120332718,0.4457235634326935,0.26215270161628723,0.7199221253395081
1431,357,3,0.16903170943260193,0.13120073080062866,0.5769791603088379,0.29173219203948975,0.9616407752037048
1432,358,0,0.1627693921327591,0.13802587985992432,0.4388566017150879,0.26515868306159973,0.7023835182189941
1433,358,1,0.1780834048986435,0.1477373093366623,0.39698338508605957,0.2758074998855591,0.8268364667892456
1434,358,2,0.20103572309017181,0.16559867560863495,0.4977571964263916,0.24783599376678467,0.8285547494888306
1435,358,3,0.16951271891593933,0.1399981528520584,0.47378140687942505,0.322030633687973,1.1414844989776611
1436,359,0,0.17037685215473175,0.13870128989219666,0.44365936517715454,0.2807205319404602,0.7476565837860107
1437,359,1,0.16807876527309418,0.13573873043060303,0.36213231086730957,0.30377867817878723,0.8868359327316284
1438,359,2,0.19301564991474152,0.15900550782680511,0.48058491945266724,0.323403924703598,0.8633593916893005
1439,359,3,0.1961119920015335,0.16600309312343597,0.5460937023162842,0.288948655128479,0.8933217525482178
1440,360,0,0.19089512526988983,0.15629799664020538,0.4683181643486023,0.3178887963294983,1.234375
1441,360,1,0.1720336675643921,0.14374594390392303,0.4254557490348816,0.28075072169303894,0.7288676500320435
1442,360,2,0.1515054553747177,0.11514648795127869,0.4507312774658203,0.26809874176979065,0.8365626335144043
1443,360,3,0.1454932987689972,0.12091895937919617,0.3338751196861267,0.2644760012626648,0.7972266674041748
1444,361,0,0.16264735162258148,0.13397136330604553,0.5113753080368042,0.2755008041858673,0.8012892007827759
1445,361,1,0.18179169297218323,0.1512553095817566,0.42871928215026855,0.2976611256599426,0.8407814502716064
1446,361,2,0.17331452667713165,0.14306199550628662,0.3731948137283325,0.26639533042907715,0.8378129005432129
1447,361,3,0.16996288299560547,0.14307212829589844,0.4152846932411194,0.2954343557357788,0.9185157418251038
1448,362,0,0.20739710330963135,0.17505651712417603,0.5226069688796997,0.25408935546875,0.7047269344329834
1449,362,1,0.1627255231142044,0.1307864636182785,0.40238404273986816,0.2863723635673523,0.9415234327316284
1450,362,2,0.16915489733219147,0.1339186131954193,0.44036865234375,0.31724533438682556,0.9064062833786011
1451,362,3,0.18630222976207733,0.15703478455543518,0.50189208984375,0.3170190453529358,0.7878521680831909
1452,363,0,0.1748344451189041,0.14636185765266418,0.4286760091781616,0.27764129638671875,0.7854688167572021
1453,363,1,0.16139523684978485,0.12540988624095917,0.4122292995452881,0.280638724565506,0.9235941171646118
1454,363,2,0.20325614511966705,0.16860756278038025,0.5096144676208496,0.35572755336761475,0.8732426166534424
1455,363,3,0.17487499117851257,0.14471642673015594,0.44799864292144775,0.2965978980064392,0.7465234994888306
1456,364,0,0.19428105652332306,0.16421756148338318,0.42291802167892456,0.2582482397556305,0.876015841960907
1457,364,1,0.17497383058071136,0.14262428879737854,0.48942211270332336,0.2998303174972534,0.8652738332748413
1458,364,2,0.17620442807674408,0.1428484320640564,0.44414713978767395,0.2875101566314697,0.922890841960907
1459,364,3,0.16561053693294525,0.13732939958572388,0.3980135917663574,0.3048628270626068,0.9795318841934204
1460,365,0,0.20473931729793549,0.17513281106948853,0.41472572088241577,0.282560259103775,0.8951563835144043
1461,365,1,0.1958334743976593,0.15497857332229614,0.5024967789649963,0.29210877418518066,0.9113674163818359
1462,365,2,0.1928226798772812,0.16505035758018494,0.4179754853248596,0.3556566536426544,0.9638287425041199
1463,365,3,0.18107108771800995,0.15066078305244446,0.5209847688674927,0.269509881734848,0.7712112665176392
1464,366,0,0.16918179392814636,0.1425095945596695,0.3860478401184082,0.2674432396888733,0.8175002336502075
1465,366,1,0.17513960599899292,0.14367558062076569,0.38939833641052246,0.27030274271965027,0.844765841960907
1466,366,2,0.1657664179801941,0.13885390758514404,0.3664485216140747,0.23274920880794525,0.7461328506469727
1467,366,3,0.18192775547504425,0.15010926127433777,0.3912716507911682,0.2769326865673065,0.9260547161102295
1468,367,0,0.17884820699691772,0.1434907764196396,0.4093952775001526,0.2798651158809662,0.9420322179794312
1469,367,1,0.1751394122838974,0.14984135329723358,0.35229796171188354,0.28806549310684204,0.7938283085823059
1470,367,2,0.18800784647464752,0.15512046217918396,0.5498868227005005,0.2235182225704193,0.7542188167572021
1471,367,3,0.16817449033260345,0.13769233226776123,0.5020692944526672,0.2936735451221466,0.9223829507827759
1472,368,0,0.18026451766490936,0.14887674152851105,0.42328202724456787,0.2799316346645355,0.9315629005432129
1473,368,1,0.17431946098804474,0.14418856799602509,0.4482229948043823,0.2865109145641327,0.9580080509185791
1474,368,2,0.19048702716827393,0.15908923745155334,0.5238144397735596,0.28638017177581787,0.8141800165176392
1475,368,3,0.1919078528881073,0.15459811687469482,0.5272419452667236,0.26027098298072815,0.8187896013259888
1476,369,0,0.15870793163776398,0.13363230228424072,0.428088903427124,0.2727026343345642,0.8013282418251038
1477,369,1,0.1713639199733734,0.1429411619901657,0.4279946982860565,0.2903842031955719,0.8283993005752563
1478,369,2,0.18267875909805298,0.1524973064661026,0.4969525933265686,0.26826751232147217,0.8828906416893005
1479,369,3,0.1542896181344986,0.1275048553943634,0.34841108322143555,0.28241637349128723,0.8204296827316284
1480,370,0,0.16177597641944885,0.1358848512172699,0.3666638135910034,0.2762759327888489,0.9071877002716064
1481,370,1,0.17141766846179962,0.1421540528535843,0.3839862048625946,0.2652868628501892,0.8563673496246338
1482,370,2,0.1886233687400818,0.15740638971328735,0.4040871858596802,0.29183343052864075,0.7878139019012451
1483,370,3,0.15711867809295654,0.13145726919174194,0.35387110710144043,0.2949639856815338,0.7948441505432129
1484,371,0,0.1778004914522171,0.13941258192062378,0.4583243727684021,0.2850074768066406,0.8212110996246338
1485,371,1,0.16629323363304138,0.1305365264415741,0.4501259922981262,0.26748374104499817,0.7707424163818359
1486,371,2,0.17374911904335022,0.14535410702228546,0.402807354927063,0.24644088745117188,0.8557813167572021
1487,371,3,0.16276125609874725,0.12956710159778595,0.37554240226745605,0.27718138694763184,0.7894141674041748
1488,372,0,0.17148420214653015,0.1400117427110672,0.4543609619140625,0.27552109956741333,0.7971484661102295
1489,372,1,0.15759193897247314,0.12700897455215454,0.3929443359375,0.32609009742736816,1.0339068174362183
1490,372,2,0.18134677410125732,0.15493124723434448,0.41194021701812744,0.2684552073478699,0.7921881675720215
1491,372,3,0.18052101135253906,0.1519276201725006,0.36579886078834534,0.28841355443000793,0.9024609327316284
1492,373,0,0.19338521361351013,0.16347035765647888,0.42600584030151367,0.25568634271621704,0.8610159754753113
1493,373,1,0.18893404304981232,0.15194492042064667,0.4848417639732361,0.3582614064216614,1.1582036018371582
1494,373,2,0.17659421265125275,0.1424335092306137,0.4396626949310303,0.2978704869747162,0.7739454507827759
1495,373,3,0.17626193165779114,0.14126326143741608,0.4387320280075073,0.29077544808387756,0.7562114000320435
1496,374,0,0.16988462209701538,0.13885264098644257,0.42597696185112,0.2671861946582794,0.8560547828674316
1497,374,1,0.179780513048172,0.15521536767482758,0.41886359453201294,0.30953001976013184,0.8407814502716064
1498,374,2,0.17168328166007996,0.1391700804233551,0.41684991121292114,0.3000425100326538,0.8512898683547974
1499,374,3,0.19728140532970428,0.16308438777923584,0.40300604701042175,0.2714506983757019,0.9363677501678467
1500,375,0,0.18018420040607452,0.14585594832897186,0.413490891456604,0.27979493141174316,1.000156283378601
1501,375,1,0.20379576086997986,0.17286205291748047,0.5037603378295898,0.31133484840393066,0.8148442506790161
1502,375,2,0.17623484134674072,0.1428118497133255,0.41956523060798645,0.2977670431137085,0.8841409087181091
1503,375,3,0.17198140919208527,0.14315642416477203,0.3795294761657715,0.2982074022293091,0.8644924163818359
1504,376,0,0.17553555965423584,0.1424073427915573,0.5118395090103149,0.2883709669113159,0.9617970585823059
1505,376,1,0.1833672672510147,0.15251368284225464,0.415469229221344,0.2856491208076477,0.9375781416893005
1506,376,2,0.1687404364347458,0.14248448610305786,0.371684730052948,0.25849229097366333,0.7111719250679016
1507,376,3,0.16390486061573029,0.13646869361400604,0.4223775267601013,0.3025363087654114,0.8612504005432129
1508,377,0,0.18500570952892303,0.15313932299613953,0.38538146018981934,0.2968531847000122,0.7518754005432129
1509,377,1,0.168106809258461,0.1422269195318222,0.3607996106147766,0.30354049801826477,1.0955471992492676
1510,377,2,0.18271394073963165,0.14955903589725494,0.5013220906257629,0.2468724101781845,0.8013672828674316
1511,377,3,0.17384012043476105,0.14677481353282928,0.40876686573028564,0.27863648533821106,0.8957424163818359
1512,378,0,0.17956000566482544,0.1487789899110794,0.36919233202934265,0.32036805152893066,0.9167193174362183
1513,378,1,0.17764945328235626,0.14294801652431488,0.42935073375701904,0.2720138430595398,0.8923441171646118
1514,378,2,0.1611742228269577,0.13505740463733673,0.40400102734565735,0.26889464259147644,0.7348047494888306
1515,378,3,0.1720247119665146,0.13931722939014435,0.40144622325897217,0.2653738260269165,0.8203906416893005
1516,379,0,0.17818255722522736,0.14771755039691925,0.40053147077560425,0.26150617003440857,0.7846100926399231
1517,379,1,0.18234750628471375,0.1533277928829193,0.3923395872116089,0.2914578914642334,0.786172091960907
1518,379,2,0.1805272102355957,0.14543476700782776,0.3919682502746582,0.36225342750549316,1.2196877002716064
1519,379,3,0.17346905171871185,0.14429262280464172,0.3968423306941986,0.2967652976512909,0.9808984994888306
1520,380,0,0.17434532940387726,0.1430566906929016,0.4666392505168915,0.2489916980266571,0.8087500333786011
1521,380,1,0.14747163653373718,0.12176268547773361,0.3991464078426361,0.2946014404296875,0.8521485328674316
1522,380,2,0.17987196147441864,0.1484360247850418,0.48429036140441895,0.32273855805397034,0.9730859994888306
1523,380,3,0.19363228976726532,0.15405049920082092,0.4137369990348816,0.2929452657699585,1.0087502002716064
1524,381,0,0.14424113929271698,0.11847615242004395,0.3524726331233978,0.2507699728012085,0.7542188167572021
1525,381,1,0.17661307752132416,0.14565739035606384,0.36597609519958496,0.3209241032600403,0.8438281416893005
1526,381,2,0.17679721117019653,0.1480274200439453,0.4149084985256195,0.28108733892440796,0.9147657752037048
1527,381,3,0.18872451782226562,0.15524883568286896,0.43732714653015137,0.26479780673980713,0.768672525882721
1528,382,0,0.19087500870227814,0.1491153985261917,0.5943514108657837,0.26019522547721863,0.8363672494888306
1529,382,1,0.17878012359142303,0.1501275897026062,0.41632401943206787,0.30665770173072815,0.8602744340896606
1530,382,2,0.17414580285549164,0.14433519542217255,0.3896870017051697,0.27871835231781006,0.8328916430473328
1531,382,3,0.17028465867042542,0.14072436094284058,0.3992552161216736,0.26854920387268066,0.840664267539978
1532,383,0,0.17136450111865997,0.13503950834274292,0.4468224048614502,0.26002806425094604,0.9003129005432129
1533,383,1,0.1710512936115265,0.13637684285640717,0.4568900465965271,0.34817564487457275,1.0942188501358032
1534,383,2,0.1770075559616089,0.1449023336172104,0.48134082555770874,0.27849075198173523,0.8524610996246338
1535,383,3,0.15983180701732635,0.12608741223812103,0.40563881397247314,0.2598586976528168,0.7284770011901855
1536,384,0,0.16043630242347717,0.12723886966705322,0.43478161096572876,0.24073165655136108,0.7503516674041748
1537,384,1,0.16652265191078186,0.13163435459136963,0.3990582227706909,0.2889561355113983,0.7237502336502075
1538,384,2,0.16206048429012299,0.1358533501625061,0.3739376962184906,0.29405638575553894,0.7662110328674316
1539,384,3,0.19111600518226624,0.1622447818517685,0.4662829041481018,0.32869255542755127,0.9925000667572021
1540,385,0,0.17000950872898102,0.1392156034708023,0.4398047626018524,0.28517037630081177,0.9388284087181091
1541,385,1,0.18071213364601135,0.1430457979440689,0.5034024715423584,0.2599804699420929,0.9319536089897156
1542,385,2,0.1674644649028778,0.13723571598529816,0.3938801884651184,0.3624618649482727,1.1179689168930054
1543,385,3,0.1896618902683258,0.15702742338180542,0.4463830590248108,0.2570149302482605,0.8016408085823059
1544,386,0,0.19693788886070251,0.16219477355480194,0.5454021692276001,0.2787249684333801,0.7314455509185791
1545,386,1,0.203737273812294,0.16586971282958984,0.4363914728164673,0.3330821990966797,0.9627347588539124
1546,386,2,0.15039801597595215,0.12697578966617584,0.31965726613998413,0.28538253903388977,0.9558599591255188
1547,386,3,0.16801156103610992,0.13739387691020966,0.388820618391037,0.28753021359443665,0.7473831176757812
1548,387,0,0.20049676299095154,0.16302205622196198,0.496760755777359,0.29948484897613525,0.8329298496246338
1549,387,1,0.18270361423492432,0.1498967856168747,0.44157129526138306,0.3006240129470825,1.0234375
1550,387,2,0.1793639063835144,0.14606276154518127,0.48900681734085083,0.27327972650527954,0.8691410422325134
1551,387,3,0.1887308806180954,0.15543591976165771,0.4369197487831116,0.26248905062675476,0.8955861330032349
1552,388,0,0.1674479991197586,0.1386236697435379,0.35409268736839294,0.24343304336071014,0.83203125
1553,388,1,0.17735555768013,0.14695745706558228,0.4261293113231659,0.27066880464553833,0.807735025882721
1554,388,2,0.15613481402397156,0.13188697397708893,0.39515385031700134,0.26427122950553894,0.6836718916893005
1555,388,3,0.18717250227928162,0.1598713994026184,0.3907470703125,0.23668929934501648,0.6337110996246338
1556,389,0,0.1861792802810669,0.1512434333562851,0.48212891817092896,0.31310272216796875,0.9591801166534424
1557,389,1,0.1827167272567749,0.15484945476055145,0.41659843921661377,0.26513153314590454,0.8173048496246338
1558,389,2,0.17078804969787598,0.14332439005374908,0.3749578595161438,0.2857649326324463,0.813320517539978
1559,389,3,0.18210101127624512,0.15491163730621338,0.3800080418586731,0.2807905673980713,0.9905083179473877
1560,390,0,0.18150189518928528,0.1521335244178772,0.4140888750553131,0.2787854075431824,0.8910157084465027
1561,390,1,0.17198264598846436,0.13868708908557892,0.5187267661094666,0.2615479528903961,0.8366798162460327
1562,390,2,0.1828264594078064,0.1470949500799179,0.5089930295944214,0.278868705034256,1.0551563501358032
1563,390,3,0.18785516917705536,0.15299247205257416,0.5069987177848816,0.3329541087150574,1.0735163688659668
1564,391,0,0.20399042963981628,0.1723429560661316,0.4792250692844391,0.28596240282058716,0.7867972254753113
1565,391,1,0.16868148744106293,0.14127910137176514,0.4217813313007355,0.34763580560684204,1.1016407012939453
1566,391,2,0.16615186631679535,0.13695822656154633,0.42779412865638733,0.2627209424972534,0.8273053169250488
1567,391,3,0.18021057546138763,0.14552870392799377,0.5035624504089355,0.301605224609375,0.9731642007827759
1568,392,0,0.1622178554534912,0.1374630630016327,0.3087390065193176,0.23111937940120697,0.5979688167572021
1569,392,1,0.16608572006225586,0.13311868906021118,0.4434904456138611,0.24204955995082855,0.7737109661102295
1570,392,2,0.16955555975437164,0.1411428302526474,0.37296485900878906,0.2729043662548065,0.8832032084465027
1571,392,3,0.1750180423259735,0.1482960730791092,0.3993287980556488,0.2663586437702179,0.785976767539978
1572,393,0,0.17812955379486084,0.14184623956680298,0.4613746404647827,0.2571484446525574,0.7386329174041748
1573,393,1,0.19069309532642365,0.15945081412792206,0.4485557973384857,0.27500030398368835,0.9610937833786011
1574,393,2,0.18919843435287476,0.15968254208564758,0.438720703125,0.302430123090744,0.9190236330032349
1575,393,3,0.19473424553871155,0.15985897183418274,0.4803263545036316,0.25187957286834717,0.7842593193054199
1576,394,0,0.1789969503879547,0.14641927182674408,0.39649778604507446,0.25232911109924316,0.94140625
1577,394,1,0.159976065158844,0.12956823408603668,0.44130823016166687,0.27637580037117004,0.7821485996246338
1578,394,2,0.17451651394367218,0.14648903906345367,0.4091663360595703,0.3142889440059662,0.9142969250679016
1579,394,3,0.16169114410877228,0.13540253043174744,0.3804819583892822,0.21626819670200348,0.6692971587181091
1580,395,0,0.18024219572544098,0.14714771509170532,0.42903220653533936,0.2543880343437195,0.7462500333786011
1581,395,1,0.19099493324756622,0.1571095585823059,0.4140169620513916,0.29256531596183777,0.830156683921814
1582,395,2,0.15348310768604279,0.12365218997001648,0.357595831155777,0.3020896911621094,0.9536719918251038
1583,395,3,0.17172539234161377,0.1390688419342041,0.42130714654922485,0.28582441806793213,0.7617195844650269
1584,396,0,0.1778767853975296,0.1476849764585495,0.4420407712459564,0.2844979763031006,0.8873438835144043
1585,396,1,0.18356908857822418,0.1512933224439621,0.3684137463569641,0.23677796125411987,0.7153134346008301
1586,396,2,0.18377281725406647,0.15383632481098175,0.4421047568321228,0.29371291399002075,1.032578468322754
1587,396,3,0.16275374591350555,0.1362355649471283,0.35154587030410767,0.26014649868011475,0.851211667060852
1588,397,0,0.17449645698070526,0.1482975333929062,0.38519561290740967,0.3444494605064392,0.8928911089897156
1589,397,1,0.20148956775665283,0.1658402979373932,0.41862475872039795,0.27476027607917786,0.8714454174041748
1590,397,2,0.15497760474681854,0.12648987770080566,0.3658987283706665,0.2941754162311554,0.9378907084465027
1591,397,3,0.17824992537498474,0.15014030039310455,0.379295289516449,0.26316651701927185,0.7541016340255737
1592,398,0,0.16902628540992737,0.13432973623275757,0.5109599828720093,0.23819945752620697,0.7113282084465027
1593,398,1,0.1948717087507248,0.15321308374404907,0.699951171875,0.31602972745895386,1.0035181045532227
1594,398,2,0.18114034831523895,0.1457960605621338,0.41227591037750244,0.2704530358314514,0.9830083847045898
1595,398,3,0.15411940217018127,0.12777137756347656,0.3202672004699707,0.25539520382881165,0.8490628004074097
1596,399,0,0.17444542050361633,0.1391914337873459,0.42476463317871094,0.27289366722106934,0.9101953506469727
1597,399,1,0.1712234616279602,0.1414850801229477,0.4809414744377136,0.2747662365436554,0.8126562833786011
1598,399,2,0.1956760734319687,0.16154642403125763,0.529461145401001,0.3219168782234192,1.1110941171646118
1599,399,3,0.16689446568489075,0.1344309002161026,0.46523135900497437,0.2760290503501892,0.7467188835144043
1600,400,0,0.1639414131641388,0.13861984014511108,0.33143264055252075,0.24482020735740662,0.7578516006469727
1601,400,1,0.15446291863918304,0.12113860249519348,0.37896427512168884,0.25356820225715637,0.6685938835144043
1602,400,2,0.16772659122943878,0.13930541276931763,0.4416274428367615,0.2695726454257965,0.9232815504074097
1603,400,3,0.16591082513332367,0.14060764014720917,0.390197217464447,0.28100335597991943,0.9104297161102295
1604,401,0,0.18666362762451172,0.1596047729253769,0.399624228477478,0.3052310049533844,1.0007033348083496
1605,401,1,0.16908195614814758,0.1380065679550171,0.36963188648223877,0.25311997532844543,0.903007984161377
1606,401,2,0.17082740366458893,0.1394197791814804,0.36945196986198425,0.2780725061893463,0.8559376001358032
1607,401,3,0.15782509744167328,0.1238330751657486,0.39796915650367737,0.269461065530777,0.7353518009185791
1608,402,0,0.1688547432422638,0.13873066008090973,0.4110378623008728,0.20225708186626434,0.6954296827316284
1609,402,1,0.17586903274059296,0.14850972592830658,0.4134519398212433,0.39353713393211365,1.1801563501358032
1610,402,2,0.16060762107372284,0.13029737770557404,0.3788229525089264,0.2813861072063446,0.8790625333786011
1611,402,3,0.173898383975029,0.14109587669372559,0.44983577728271484,0.23893249034881592,0.6553131341934204
1612,403,0,0.1636398732662201,0.13472050428390503,0.40192437171936035,0.24379707872867584,0.8985546827316284
1613,403,1,0.20692700147628784,0.17129749059677124,0.4073265790939331,0.26760008931159973,0.7971094250679016
1614,403,2,0.17089037597179413,0.1382274031639099,0.4298936724662781,0.2756288945674896,0.9000784754753113
1615,403,3,0.16922304034233093,0.14267519116401672,0.35793137550354004,0.25630009174346924,0.7979689836502075
1616,404,0,0.1721230000257492,0.13786378502845764,0.38543403148651123,0.2713754177093506,0.7587110996246338
1617,404,1,0.18818210065364838,0.1562425196170807,0.5054024457931519,0.26291701197624207,0.9729297161102295
1618,404,2,0.16756513714790344,0.140645831823349,0.38492274284362793,0.2693222165107727,0.7548048496246338
1619,404,3,0.18158932030200958,0.14995869994163513,0.4181331396102905,0.23125885426998138,0.617851734161377
1620,405,0,0.17328175902366638,0.13696548342704773,0.46922504901885986,0.27751636505126953,0.8617973923683167
1621,405,1,0.18123506009578705,0.1517423838376999,0.38878580927848816,0.24364285171031952,0.9253132343292236
1622,405,2,0.18669989705085754,0.158214271068573,0.4437303841114044,0.2866578698158264,0.8492581844329834
1623,405,3,0.18820546567440033,0.15604689717292786,0.45278871059417725,0.2940649390220642,0.9297656416893005
1624,406,0,0.1697685867547989,0.13889355957508087,0.4297572374343872,0.2984095811843872,0.8801956176757812
1625,406,1,0.15773391723632812,0.12755289673805237,0.40810149908065796,0.24931518733501434,0.8915235996246338
1626,406,2,0.1771540343761444,0.1447271853685379,0.4959549605846405,0.2797870635986328,0.9423048496246338
1627,406,3,0.15880735218524933,0.13050732016563416,0.3536943197250366,0.25898072123527527,0.9221875667572021
1628,407,0,0.17747636139392853,0.1491474211215973,0.42548930644989014,0.3157830834388733,1.0238282680511475
1629,407,1,0.16046476364135742,0.13166528940200806,0.3939485549926758,0.28283292055130005,0.7621484994888306
1630,407,2,0.16931350529193878,0.1389131397008896,0.44087210297584534,0.2431727945804596,0.9028126001358032
1631,407,3,0.184744730591774,0.14951397478580475,0.5891380310058594,0.2435314953327179,0.966211199760437
1632,408,0,0.18064339458942413,0.1487654596567154,0.4748477339744568,0.28352296352386475,1.0955471992492676
1633,408,1,0.18430502712726593,0.1511622667312622,0.4496200680732727,0.2893337905406952,0.8896490335464478
1634,408,2,0.17106053233146667,0.1456601768732071,0.3476305603981018,0.26812058687210083,0.7719146013259888
1635,408,3,0.1620308756828308,0.13286398351192474,0.36339524388313293,0.3238076865673065,0.9908989667892456
1636,409,0,0.16124063730239868,0.13502340018749237,0.3914245367050171,0.24108153581619263,0.7175795435905457
1637,409,1,0.1549917459487915,0.12985080480575562,0.41328805685043335,0.2217828333377838,0.7698047161102295
1638,409,2,0.19907976686954498,0.16581833362579346,0.4561523199081421,0.2691080570220947,0.8643752336502075
1639,409,3,0.18768130242824554,0.15754610300064087,0.482094943523407,0.27165526151657104,0.7625783085823059
1640,410,0,0.1687067747116089,0.14221128821372986,0.39083391427993774,0.32088011503219604,0.7587502002716064
1641,410,1,0.16194477677345276,0.12827983498573303,0.4321207106113434,0.28401365876197815,0.9851564168930054
1642,410,2,0.18256622552871704,0.153411403298378,0.45364129543304443,0.2652267515659332,0.7658203840255737
1643,410,3,0.18449850380420685,0.15063238143920898,0.4945327937602997,0.2749084532260895,1.0393750667572021
1644,411,0,0.17528441548347473,0.15203522145748138,0.3454001545906067,0.2760571241378784,0.9783597588539124
1645,411,1,0.17725235223770142,0.14903178811073303,0.478385329246521,0.22217464447021484,0.7427344918251038
1646,411,2,0.1661413460969925,0.13904798030853271,0.36965471506118774,0.2376396358013153,0.7634378671646118
1647,411,3,0.1541520357131958,0.12874488532543182,0.38329166173934937,0.3017529249191284,0.8910547494888306
1648,412,0,0.16910886764526367,0.13871559500694275,0.4232572317123413,0.30704283714294434,0.9068360328674316
1649,412,1,0.15806986391544342,0.12753520905971527,0.3603179454803467,0.2794753909111023,0.8712500333786011
1650,412,2,0.18668700754642487,0.15242071449756622,0.44058704376220703,0.30624330043792725,0.8571487665176392
1651,412,3,0.16309097409248352,0.13323509693145752,0.42427679896354675,0.256447434425354,0.7952739000320435
1652,413,0,0.17212823033332825,0.14522434771060944,0.4132091701030731,0.24635787308216095,0.8992970585823059
1653,413,1,0.18200993537902832,0.14474031329154968,0.44063106179237366,0.3223422169685364,1.0398439168930054
1654,413,2,0.17544317245483398,0.14754408597946167,0.40212756395339966,0.26918402314186096,0.8010938167572021
1655,413,3,0.16531021893024445,0.13306544721126556,0.4171006679534912,0.25405120849609375,0.7267578840255737
1656,414,0,0.17686909437179565,0.14612044394016266,0.42479783296585083,0.2646446228027344,0.740626335144043
1657,414,1,0.16031064093112946,0.13146217167377472,0.4660087823867798,0.3110223412513733,1.1108596324920654
1658,414,2,0.18396297097206116,0.15394806861877441,0.4362967014312744,0.2331918329000473,0.6409775018692017
1659,414,3,0.17429842054843903,0.1459747552871704,0.39197784662246704,0.3052963316440582,0.955156683921814
1660,415,0,0.19230814278125763,0.16379015147686005,0.35771018266677856,0.2752636671066284,0.7468360662460327
1661,415,1,0.18229304254055023,0.1531103104352951,0.4591396450996399,0.28356751799583435,0.7230477929115295
1662,415,2,0.19895918667316437,0.1663709133863449,0.4338247776031494,0.2616448998451233,0.8999221920967102
1663,415,3,0.1566878855228424,0.12927040457725525,0.4136568009853363,0.2932858169078827,0.9149619340896606
1664,416,0,0.16782060265541077,0.1364792436361313,0.396827757358551,0.24877327680587769,0.8504302501678467
1665,416,1,0.17613622546195984,0.14589081704616547,0.3614070415496826,0.30977851152420044,0.8800393342971802
1666,416,2,0.16791395843029022,0.13726356625556946,0.4164460003376007,0.25631123781204224,0.8650394678115845
1667,416,3,0.17765730619430542,0.1480841487646103,0.4075253903865814,0.24370025098323822,0.7371099591255188
1668,417,0,0.17000770568847656,0.13873863220214844,0.44712334871292114,0.2930920422077179,1.0160938501358032
1669,417,1,0.1694640964269638,0.13451507687568665,0.42064791917800903,0.26286423206329346,0.7619141340255737
1670,417,2,0.15609842538833618,0.1250809133052826,0.4055338501930237,0.25092393159866333,0.6472271680831909
1671,417,3,0.1745682805776596,0.14400675892829895,0.4030023515224457,0.30263519287109375,0.8400391340255737
1672,418,0,0.18358120322227478,0.15139813721179962,0.4089896082878113,0.26773375272750854,0.7615633010864258
1673,418,1,0.18329860270023346,0.15086667239665985,0.5124210119247437,0.2954278588294983,1.0476564168930054
1674,418,2,0.1897658258676529,0.14731426537036896,0.6216288805007935,0.3069305419921875,0.9950787425041199
1675,418,3,0.1883339285850525,0.1544966697692871,0.4228840470314026,0.27944090962409973,0.8829296827316284
1676,419,0,0.16215868294239044,0.12822368741035461,0.5512152910232544,0.2996356189250946,0.794259786605835
1677,419,1,0.1444769650697708,0.11586104333400726,0.3474716544151306,0.264535516500473,0.9106642007827759
1678,419,2,0.1805596947669983,0.15332509577274323,0.3823434114456177,0.23392242193222046,0.7512893676757812
1679,419,3,0.17647995054721832,0.14558547735214233,0.40815040469169617,0.2699609398841858,0.7891406416893005
1680,420,0,0.1593155562877655,0.12942591309547424,0.3805815875530243,0.2663343846797943,0.6332813501358032
1681,420,1,0.1826843023300171,0.15465180575847626,0.4213823080062866,0.2691064476966858,0.7278518676757812
1682,420,2,0.19880221784114838,0.16698794066905975,0.4436696469783783,0.30588531494140625,0.9152346253395081
1683,420,3,0.17576134204864502,0.14320655167102814,0.39654403924942017,0.313821405172348,0.9076565504074097
1684,421,0,0.17139583826065063,0.14123030006885529,0.4080809950828552,0.24579383432865143,0.7701563835144043
1685,421,1,0.1878892481327057,0.15330618619918823,0.49722790718078613,0.26042479276657104,0.8008593916893005
1686,421,2,0.16270500421524048,0.13163146376609802,0.43572887778282166,0.2817803919315338,0.8798439502716064
1687,421,3,0.16196008026599884,0.12693190574645996,0.38685882091522217,0.29693785309791565,1.0017191171646118
1688,422,0,0.1859825998544693,0.15427978336811066,0.43554002046585083,0.2630718946456909,0.7443363666534424
1689,422,1,0.1832616925239563,0.15429270267486572,0.44334304332733154,0.2726452648639679,0.9376562833786011
1690,422,2,0.1959645301103592,0.16467119753360748,0.4275531768798828,0.35282349586486816,1.0238282680511475
1691,422,3,0.14396755397319794,0.11679345369338989,0.36016568541526794,0.30263885855674744,0.8336331844329834
1692,423,0,0.16249769926071167,0.1318078488111496,0.4243922233581543,0.2640104591846466,0.8564854264259338
1693,423,1,0.1781923621892929,0.14359697699546814,0.5968533754348755,0.28226327896118164,0.8751953840255737
1694,423,2,0.1860320121049881,0.1529572755098343,0.45643943548202515,0.28510773181915283,0.8672266006469727
1695,423,3,0.15855932235717773,0.12828773260116577,0.351870059967041,0.2513304054737091,0.7463281750679016
1696,424,0,0.17828410863876343,0.14814743399620056,0.45389652252197266,0.28941741585731506,0.9696877002716064
1697,424,1,0.17376109957695007,0.14115670323371887,0.3928106427192688,0.26083678007125854,0.8053126335144043
1698,424,2,0.15955966711044312,0.12864601612091064,0.3926424980163574,0.3065313696861267,0.7702735662460327
1699,424,3,0.19545124471187592,0.1613539755344391,0.4795016050338745,0.2508930265903473,0.8797658085823059
1700,425,0,0.17633846402168274,0.1471053659915924,0.4031296968460083,0.3005419969558716,0.8601564168930054
1701,425,1,0.17053167521953583,0.14171500504016876,0.398504376411438,0.22858017683029175,0.780195951461792
1702,425,2,0.15605854988098145,0.1259048581123352,0.3528769016265869,0.2974766492843628,0.8329298496246338
1703,425,3,0.16625355184078217,0.13806664943695068,0.3481791615486145,0.3032849133014679,0.9423830509185791
1704,426,0,0.17034265398979187,0.14119601249694824,0.564893901348114,0.2731251120567322,0.8071098923683167
1705,426,1,0.16070544719696045,0.13042208552360535,0.3978716731071472,0.2432737797498703,0.8441407084465027
1706,426,2,0.15607726573944092,0.12734940648078918,0.4549696743488312,0.2924160659313202,0.8137111663818359
1707,426,3,0.17389148473739624,0.14447401463985443,0.43586164712905884,0.2868994176387787,0.9343360662460327
1708,427,0,0.16310817003250122,0.13120952248573303,0.4149092435836792,0.27625367045402527,0.7843756675720215
1709,427,1,0.16228237748146057,0.13000482320785522,0.3644713759422302,0.2840319871902466,0.9544534087181091
1710,427,2,0.17037774622440338,0.13618163764476776,0.47141799330711365,0.2938937842845917,0.8012109994888306
1711,427,3,0.18936623632907867,0.15878582000732422,0.38421788811683655,0.3354569971561432,1.0136730670928955
1712,428,0,0.18497025966644287,0.1561240255832672,0.4060521423816681,0.27192366123199463,0.7584376335144043
1713,428,1,0.16195650398731232,0.12997321784496307,0.37435948848724365,0.3113604784011841,0.8520704507827759
1714,428,2,0.16632525622844696,0.137423574924469,0.4444422423839569,0.2871667444705963,0.9457813501358032
1715,428,3,0.17120859026908875,0.1394238919019699,0.4094843864440918,0.2763339877128601,0.813515841960907
1716,429,0,0.17877335846424103,0.14560461044311523,0.461201012134552,0.30348166823387146,0.8847660422325134
1717,429,1,0.15079466998577118,0.12319717556238174,0.3851935565471649,0.25161924958229065,0.8558594584465027
1718,429,2,0.19833877682685852,0.16748769581317902,0.4236631989479065,0.2917881906032562,0.9150002002716064
1719,429,3,0.1612432450056076,0.13333308696746826,0.35472244024276733,0.24442024528980255,0.7730085849761963
1720,430,0,0.2024790346622467,0.17184312641620636,0.43382638692855835,0.30129334330558777,0.9376562833786011
1721,430,1,0.17657431960105896,0.14473050832748413,0.40396353602409363,0.25288450717926025,0.7034766674041748
1722,430,2,0.17106448113918304,0.14299172163009644,0.3996174931526184,0.303070068359375,0.8142191171646118
1723,430,3,0.14733420312404633,0.11787217110395432,0.4348081648349762,0.2895682454109192,0.9321880340576172
1724,431,0,0.16805300116539001,0.1363331377506256,0.4773748815059662,0.2695901393890381,0.9210553169250488
1725,431,1,0.1601441651582718,0.13359881937503815,0.3901139497756958,0.27069687843322754,1.0321877002716064
1726,431,2,0.1807537078857422,0.1492616981267929,0.493367999792099,0.27830183506011963,0.8523048162460327
1727,431,3,0.1938975602388382,0.1622859537601471,0.41228926181793213,0.32307007908821106,1.0551563501358032
1728,432,0,0.16281969845294952,0.13248780369758606,0.3885338604450226,0.26265931129455566,0.8400000333786011
1729,432,1,0.16477186977863312,0.1383930891752243,0.4469032287597656,0.24791260063648224,0.6471099257469177
1730,432,2,0.16146087646484375,0.1288701444864273,0.4702622592449188,0.24727889895439148,0.8408986330032349
1731,432,3,0.17669200897216797,0.14712019264698029,0.4504142999649048,0.28045257925987244,0.7216412425041199
1732,433,0,0.15808847546577454,0.1314653605222702,0.3577307164669037,0.253409206867218,0.7308594584465027
1733,433,1,0.18601958453655243,0.15180830657482147,0.4427352547645569,0.27099353075027466,0.8431648015975952
1734,433,2,0.19027525186538696,0.16265255212783813,0.39397409558296204,0.272013396024704,0.6719141006469727
1735,433,3,0.18249772489070892,0.14617358148097992,0.45314931869506836,0.29552146792411804,0.8253518342971802
1736,434,0,0.17900651693344116,0.15137040615081787,0.39960426092147827,0.24592986702919006,0.7314064502716064
1737,434,1,0.15807978808879852,0.1318393349647522,0.3573480248451233,0.24709029495716095,0.891289234161377
1738,434,2,0.18066821992397308,0.1462385207414627,0.4103851318359375,0.3413464426994324,0.8794922828674316
1739,434,3,0.17902205884456635,0.14843972027301788,0.5367597937583923,0.2999267578125,1.0315625667572021
1740,435,0,0.1822039932012558,0.15301470458507538,0.37438732385635376,0.2604980766773224,0.8296487331390381
1741,435,1,0.19067369401454926,0.15512944757938385,0.42831307649612427,0.2935648262500763,0.8478125333786011
1742,435,2,0.17463235557079315,0.1431368589401245,0.3715996742248535,0.2692391872406006,0.8560938835144043
1743,435,3,0.17655910551548004,0.1448349505662918,0.4187696874141693,0.30032289028167725,0.9036331176757812
1744,436,0,0.16380731761455536,0.13378921151161194,0.4256678819656372,0.27055540680885315,0.8832032084465027
1745,436,1,0.18820253014564514,0.1502790004014969,0.5377164483070374,0.2484169751405716,0.7979689836502075
1746,436,2,0.15554046630859375,0.12770149111747742,0.38721323013305664,0.3235691785812378,1.0249221324920654
1747,436,3,0.15469208359718323,0.121745765209198,0.46728911995887756,0.343557745218277,1.0343756675720215
1748,437,0,0.17501771450042725,0.1456228345632553,0.4069281816482544,0.27182620763778687,1.0159375667572021
1749,437,1,0.1516408622264862,0.1195330023765564,0.3734257221221924,0.26258590817451477,0.8954298496246338
1750,437,2,0.15834906697273254,0.13451452553272247,0.38425421714782715,0.22944225370883942,0.8247267007827759
1751,437,3,0.1801166832447052,0.1496758610010147,0.3603709936141968,0.35740038752555847,1.0026568174362183
1752,438,0,0.19379892945289612,0.16343198716640472,0.544033944606781,0.2827020287513733,0.892656683921814
1753,438,1,0.1715417355298996,0.13805322349071503,0.46143415570259094,0.24698425829410553,0.9069532752037048
1754,438,2,0.15955893695354462,0.13449160754680634,0.40992873907089233,0.291645348072052,1.0946094989776611
1755,438,3,0.17267324030399323,0.14028537273406982,0.4648140072822571,0.267943412065506,0.852383017539978
1756,439,0,0.16463559865951538,0.13492858409881592,0.4641011953353882,0.2732146084308624,0.7618359327316284
1757,439,1,0.16782668232917786,0.13665828108787537,0.36550194025039673,0.30185893177986145,0.846797525882721
1758,439,2,0.17496944963932037,0.14553438127040863,0.43586692214012146,0.33025574684143066,0.9369148015975952
1759,439,3,0.1786881983280182,0.14534883201122284,0.4176749885082245,0.25139984488487244,0.7955083847045898
1760,440,0,0.1843748688697815,0.14331582188606262,0.5592713356018066,0.3057934641838074,0.984024167060852
1761,440,1,0.1732322871685028,0.14348113536834717,0.3878130316734314,0.2592547535896301,0.6451563835144043
1762,440,2,0.1922985464334488,0.159901425242424,0.36016780138015747,0.2634265124797821,0.8203516006469727
1763,440,3,0.1814652532339096,0.14844286441802979,0.4514519274234772,0.29276978969573975,0.7387892007827759
1764,441,0,0.17572873830795288,0.1435292363166809,0.4367988109588623,0.24096985161304474,0.6921485662460327
1765,441,1,0.18404492735862732,0.1519806832075119,0.42383235692977905,0.3179284632205963,0.8682423830032349
1766,441,2,0.17780451476573944,0.14962811768054962,0.4104992747306824,0.29637327790260315,0.8946484327316284
1767,441,3,0.17815139889717102,0.14032720029354095,0.4935992956161499,0.27191436290740967,0.9670708179473877
1768,442,0,0.18750892579555511,0.15787234902381897,0.3960036039352417,0.3349684178829193,1.0938282012939453
1769,442,1,0.18369296193122864,0.1555553376674652,0.4830670952796936,0.2584286630153656,0.9298437833786011
1770,442,2,0.1673814356327057,0.1374853104352951,0.4037739634513855,0.2631072998046875,0.8969146013259888
1771,442,3,0.17815595865249634,0.14665670692920685,0.40909093618392944,0.26598212122917175,0.7787894010543823
1772,443,0,0.16043399274349213,0.13475412130355835,0.37158286571502686,0.259125679731369,0.7873833179473877
1773,443,1,0.1552470624446869,0.1252286434173584,0.3646479845046997,0.2641984522342682,0.9703128337860107
1774,443,2,0.1715673804283142,0.14596392214298248,0.38632529973983765,0.27158278226852417,0.9075784087181091
1775,443,3,0.17560432851314545,0.14170055091381073,0.4047585129737854,0.2625788152217865,0.8481251001358032
1776,444,0,0.187077596783638,0.1521979570388794,0.4561197757720947,0.28963425755500793,0.7548830509185791
1777,444,1,0.16506735980510712,0.13864746689796448,0.37598294019699097,0.32010069489479065,0.797890841960907
1778,444,2,0.1892530471086502,0.15088361501693726,0.5289556980133057,0.28915831446647644,0.8401954174041748
1779,444,3,0.16311822831630707,0.13158679008483887,0.38421112298965454,0.3071884214878082,0.9493359327316284
1780,445,0,0.18937581777572632,0.16036386787891388,0.42699217796325684,0.2844444215297699,0.9307814836502075
1781,445,1,0.16930966079235077,0.13663458824157715,0.43839359283447266,0.29575133323669434,0.8599610328674316
1782,445,2,0.18018633127212524,0.15033777058124542,0.4111936092376709,0.27170899510383606,1.0625
1783,445,3,0.16734527051448822,0.13991254568099976,0.3702969253063202,0.30393508076667786,0.8689066171646118
1784,446,0,0.15959428250789642,0.13096876442432404,0.36966854333877563,0.27215152978897095,0.9299219250679016
1785,446,1,0.16863244771957397,0.1412632316350937,0.4236873388290405,0.270040899515152,0.8061721920967102
1786,446,2,0.15147550404071808,0.1274777054786682,0.3269329369068146,0.28327667713165283,0.7757817506790161
1787,446,3,0.16875270009040833,0.1374569833278656,0.3976466655731201,0.28760749101638794,0.7896094918251038
1788,447,0,0.1663171947002411,0.136061891913414,0.36800718307495117,0.3020262122154236,0.9573047161102295
1789,447,1,0.1704147905111313,0.14197960495948792,0.4041658341884613,0.2774249315261841,0.9062891006469727
1790,447,2,0.17835800349712372,0.1506115049123764,0.4482962489128113,0.26663437485694885,0.7626955509185791
1791,447,3,0.16243815422058105,0.1299680769443512,0.37116557359695435,0.251962274312973,0.7930078506469727
1792,448,0,0.16287755966186523,0.13351596891880035,0.3853362798690796,0.2785276770591736,1.0014065504074097
1793,448,1,0.15930067002773285,0.12475671619176865,0.4534033536911011,0.2694714367389679,0.7743752002716064
1794,448,2,0.19135256111621857,0.15859822928905487,0.4077867567539215,0.26234984397888184,0.7034375667572021
1795,448,3,0.16445660591125488,0.13050663471221924,0.4428008198738098,0.2550569176673889,0.814531683921814
1796,449,0,0.15968510508537292,0.12723921239376068,0.40229809284210205,0.3338867127895355,0.9106642007827759
1797,449,1,0.1675993949174881,0.13387034833431244,0.416878342628479,0.2476831078529358,0.6963673830032349
1798,449,2,0.1789804846048355,0.14579179883003235,0.3927658796310425,0.25978636741638184,0.7813281416893005
1799,449,3,0.1933874785900116,0.15704616904258728,0.5577111840248108,0.2754397690296173,1.158437967300415
1800,450,0,0.17416903376579285,0.1485128104686737,0.37937813997268677,0.27889159321784973,0.7522661089897156
1801,450,1,0.1593855768442154,0.13363365828990936,0.34499645233154297,0.32875823974609375,0.8867968916893005
1802,450,2,0.1659415066242218,0.13929229974746704,0.3983830213546753,0.27046722173690796,0.7538289427757263
1803,450,3,0.16417457163333893,0.13471612334251404,0.35395291447639465,0.26718857884407043,0.9611719250679016
1804,451,0,0.16855677962303162,0.1341473013162613,0.5226889848709106,0.2505072057247162,0.7780860662460327
1805,451,1,0.16440577805042267,0.13455580174922943,0.38385671377182007,0.2267245501279831,0.6719141006469727
1806,451,2,0.16780498623847961,0.13513712584972382,0.4061983525753021,0.28532958030700684,0.7274220585823059
1807,451,3,0.17891186475753784,0.14577703177928925,0.39593058824539185,0.2534472644329071,0.8025394678115845
1808,452,0,0.173566073179245,0.1424056887626648,0.4735628068447113,0.2834133207798004,0.8219925165176392
1809,452,1,0.17454011738300323,0.13856129348278046,0.534944474697113,0.26807647943496704,0.6878125667572021
1810,452,2,0.1871873289346695,0.1512293666601181,0.39897769689559937,0.3198263645172119,1.1903913021087646
1811,452,3,0.18576325476169586,0.15802061557769775,0.3920404016971588,0.27656233310699463,0.8816021680831909
1812,453,0,0.17468763887882233,0.14477334916591644,0.5058803558349609,0.28821444511413574,0.7704298496246338
1813,453,1,0.1820860654115677,0.15052947402000427,0.4410475492477417,0.2922976613044739,0.8053907752037048
1814,453,2,0.17142358422279358,0.1382448375225067,0.42118197679519653,0.2991964817047119,1.023984432220459
1815,453,3,0.17747561633586884,0.15076111257076263,0.4322373867034912,0.3042764365673065,0.8753125667572021
1816,454,0,0.16192880272865295,0.13515770435333252,0.4533899426460266,0.30529966950416565,1.1108596324920654
1817,454,1,0.17632855474948883,0.14843304455280304,0.41590383648872375,0.3047029376029968,1.0320314168930054
1818,454,2,0.16633138060569763,0.14015869796276093,0.3976806402206421,0.3153097629547119,0.9233596920967102
1819,454,3,0.18014486134052277,0.1484847366809845,0.43628156185150146,0.2536546289920807,0.7423046827316284
1820,455,0,0.17430685460567474,0.14798462390899658,0.4052503705024719,0.318818062543869,0.8733208179473877
1821,455,1,0.16663755476474762,0.13498762249946594,0.43053483963012695,0.26499176025390625,0.8167579174041748
1822,455,2,0.1821792870759964,0.1487763524055481,0.41648292541503906,0.30358031392097473,0.8752734661102295
1823,455,3,0.17852607369422913,0.1530027687549591,0.3652247488498688,0.250059574842453,0.7658203840255737
1824,456,0,0.15734994411468506,0.1318209171295166,0.3362990617752075,0.27362486720085144,0.7150391340255737
1825,456,1,0.17895810306072235,0.14768922328948975,0.44553127884864807,0.24310073256492615,0.7935938835144043
1826,456,2,0.16813866794109344,0.14262446761131287,0.39877039194107056,0.29854637384414673,0.8287501335144043
1827,456,3,0.1814870834350586,0.1522044539451599,0.3836429715156555,0.25736525654792786,0.6723047494888306
1828,457,0,0.1759265661239624,0.14692431688308716,0.4398126006126404,0.2787322998046875,0.8090234994888306
1829,457,1,0.1799960881471634,0.14919902384281158,0.4100099802017212,0.2711813449859619,0.7431252002716064
1830,457,2,0.1741643100976944,0.14191725850105286,0.4721800684928894,0.27753493189811707,0.9031251668930054
1831,457,3,0.1737193465232849,0.14037375152111053,0.37152671813964844,0.28982484340667725,0.7793762683868408
1832,458,0,0.17845726013183594,0.14697031676769257,0.37843814492225647,0.2644420564174652,0.8760548830032349
1833,458,1,0.16187556087970734,0.13538122177124023,0.3661198914051056,0.28342804312705994,0.9036331176757812
1834,458,2,0.17695005238056183,0.1446172147989273,0.38360559940338135,0.3041815161705017,0.8751953840255737
1835,458,3,0.16940605640411377,0.14164817333221436,0.42024725675582886,0.2949322462081909,0.8359766006469727
1836,459,0,0.1664721667766571,0.140113964676857,0.38573864102363586,0.2894233763217926,0.7463281750679016
1837,459,1,0.17895318567752838,0.15151728689670563,0.37459954619407654,0.2851446568965912,0.9376953840255737
1838,459,2,0.17308802902698517,0.14389871060848236,0.3694773316383362,0.255624383687973,0.699882984161377
1839,459,3,0.16004006564617157,0.12908145785331726,0.3867257535457611,0.2872888147830963,0.7589455842971802
1840,460,0,0.19201980531215668,0.1595245897769928,0.4844607710838318,0.2765222191810608,0.8022659420967102
1841,460,1,0.17630642652511597,0.14361536502838135,0.4824554920196533,0.28932493925094604,1.0882817506790161
1842,460,2,0.1658543348312378,0.13312430679798126,0.4234068691730499,0.3001013994216919,1.179843783378601
1843,460,3,0.16171057522296906,0.13405075669288635,0.3742448389530182,0.2799806296825409,1.0266413688659668
1844,461,0,0.18552431464195251,0.156098410487175,0.4428279399871826,0.2566247582435608,0.8753516674041748
1845,461,1,0.15990570187568665,0.12932832539081573,0.3693511486053467,0.2520153820514679,0.9501955509185791
1846,461,2,0.1608867198228836,0.1312742531299591,0.40999552607536316,0.2833223044872284,0.9306252002716064
1847,461,3,0.1696477085351944,0.13921937346458435,0.43352949619293213,0.24351195991039276,0.8127344250679016
1848,462,0,0.17473247647285461,0.15115928649902344,0.3809560537338257,0.36524108052253723,1.3527345657348633
1849,462,1,0.1895047277212143,0.16102558374404907,0.3841830790042877,0.22855804860591888,0.9121488332748413
1850,462,2,0.15550212562084198,0.12862013280391693,0.3591056168079376,0.27354156970977783,0.825039267539978
1851,462,3,0.16885384917259216,0.14258430898189545,0.457464337348938,0.23974257707595825,0.6289843916893005
1852,463,0,0.15346162021160126,0.12266972661018372,0.3329862058162689,0.24200439453125,0.6619925498962402
1853,463,1,0.16529084742069244,0.13565833866596222,0.404673308134079,0.2662157416343689,0.8714844584465027
1854,463,2,0.1676729917526245,0.13392262160778046,0.4215400815010071,0.2916664183139801,0.8075006008148193
1855,463,3,0.16614024341106415,0.13509772717952728,0.40122848749160767,0.31019774079322815,1.1017968654632568
1856,464,0,0.18078948557376862,0.15094493329524994,0.4590582847595215,0.24492065608501434,0.8898053169250488
1857,464,1,0.17534837126731873,0.1380697637796402,0.45458874106407166,0.25394532084465027,0.737422525882721
1858,464,2,0.1627340167760849,0.13294313848018646,0.4649229049682617,0.2292928248643875,0.8840627670288086
1859,464,3,0.15949490666389465,0.12739130854606628,0.4070279598236084,0.27473968267440796,0.7398831844329834
1860,465,0,0.1779247671365738,0.1481834203004837,0.38640204071998596,0.25949952006340027,0.6958985328674316
1861,465,1,0.16888871788978577,0.1357700228691101,0.39309513568878174,0.281310111284256,0.8359375
1862,465,2,0.1672084480524063,0.13823314011096954,0.43505585193634033,0.2918804883956909,0.8128516674041748
1863,465,3,0.18015506863594055,0.14804300665855408,0.43510758876800537,0.26280152797698975,0.8297659754753113
1864,466,0,0.20122253894805908,0.17050707340240479,0.4479566812515259,0.2615695297718048,0.7228125333786011
1865,466,1,0.18351201713085175,0.14607033133506775,0.48892471194267273,0.25599566102027893,0.9397661089897156
1866,466,2,0.1631113588809967,0.13538597524166107,0.36971724033355713,0.26232966780662537,0.6692198514938354
1867,466,3,0.16000521183013916,0.13694258034229279,0.32751935720443726,0.31273069977760315,1.1256251335144043
1868,467,0,0.16092438995838165,0.1292283982038498,0.38395583629608154,0.26736971735954285,0.8292580842971802
1869,467,1,0.16829515993595123,0.13846664130687714,0.36357951164245605,0.2850708067417145,0.845781683921814
1870,467,2,0.17091818153858185,0.14224444329738617,0.37499189376831055,0.280548095703125,0.8883206844329834
1871,467,3,0.17242778837680817,0.14154119789600372,0.4303153157234192,0.275299072265625,0.785820484161377
1872,468,0,0.16735580563545227,0.13860902190208435,0.480051726102829,0.275691419839859,0.7388282418251038
1873,468,1,0.17882193624973297,0.15086503326892853,0.3771418035030365,0.25105735659599304,0.6899223923683167
1874,468,2,0.14940357208251953,0.12178922444581985,0.3527885973453522,0.31099793314933777,0.9572266340255737
1875,468,3,0.17591236531734467,0.14723064005374908,0.4024987816810608,0.2697193920612335,0.6954687833786011
1876,469,0,0.17596952617168427,0.14552046358585358,0.367938756942749,0.27821290493011475,0.8477343916893005
1877,469,1,0.19357344508171082,0.15725642442703247,0.49685239791870117,0.3007217347621918,1.025625467300415
1878,469,2,0.17282739281654358,0.14066362380981445,0.4123721420764923,0.25312256813049316,0.7955864667892456
1879,469,3,0.1742263287305832,0.14011549949645996,0.4587624669075012,0.276376336812973,0.7235548496246338
1880,470,0,0.16664651036262512,0.14053110778331757,0.3670063316822052,0.2943215072154999,0.8403126001358032
1881,470,1,0.17634552717208862,0.1435396671295166,0.4081977605819702,0.29288238286972046,0.9199613332748413
1882,470,2,0.18886339664459229,0.15985803306102753,0.42951059341430664,0.25313079357147217,0.774258017539978
1883,470,3,0.17106696963310242,0.13745762407779694,0.46181201934814453,0.33762452006340027,0.9701182842254639
1884,471,0,0.19265702366828918,0.15954728424549103,0.4866902232170105,0.2716587781906128,0.8416800498962402
1885,471,1,0.17029820382595062,0.13910126686096191,0.5184404253959656,0.29713088274002075,1.133359432220459
1886,471,2,0.17876020073890686,0.14237754046916962,0.4249267578125,0.2918766736984253,0.9339844584465027
1887,471,3,0.17334434390068054,0.14723315834999084,0.3923123776912689,0.24603500962257385,0.7865628004074097
1888,472,0,0.17165298759937286,0.14119569957256317,0.41156983375549316,0.24943870306015015,0.7798051834106445
1889,472,1,0.1731690913438797,0.14601407945156097,0.3673115074634552,0.26269957423210144,0.7467188835144043
1890,472,2,0.1838284432888031,0.14522889256477356,0.528866171836853,0.2550337314605713,0.7820314168930054
1891,472,3,0.15176917612552643,0.12613706290721893,0.3963075876235962,0.2730288803577423,1.0325002670288086
1892,473,0,0.1672368198633194,0.1386590152978897,0.445634663105011,0.2873062193393707,0.8361719250679016
1893,473,1,0.16034719347953796,0.13985905051231384,0.3267996609210968,0.2863568067550659,0.8674609661102295
1894,473,2,0.19049669802188873,0.15732696652412415,0.5345479249954224,0.29684126377105713,1.0421881675720215
1895,473,3,0.17330427467823029,0.14555220305919647,0.4663337469100952,0.26580917835235596,0.7785948514938354
1896,474,0,0.17428438365459442,0.14048129320144653,0.4285513460636139,0.30068665742874146,0.9181641340255737
1897,474,1,0.17102287709712982,0.1431984305381775,0.3501870632171631,0.28392088413238525,0.7132426500320435
1898,474,2,0.17425347864627838,0.1446579396724701,0.37376195192337036,0.2905908226966858,0.7529693841934204
1899,474,3,0.1676471084356308,0.1314588338136673,0.48610663414001465,0.2876583933830261,0.8448439836502075
1900,475,0,0.16958847641944885,0.1424248367547989,0.3700982928276062,0.3163162171840668,0.7945706844329834
1901,475,1,0.17454580962657928,0.14571313560009003,0.40574803948402405,0.3085443079471588,0.9340626001358032
1902,475,2,0.1862396001815796,0.15024182200431824,0.3840152621269226,0.2912364900112152,0.7705861330032349
1903,475,3,0.18256673216819763,0.15238994359970093,0.4246686100959778,0.3043530285358429,0.9338672161102295
1904,476,0,0.1635729968547821,0.12901662290096283,0.5139209032058716,0.2772701382637024,0.8532034754753113
1905,476,1,0.17277319729328156,0.13762898743152618,0.47164613008499146,0.272055059671402,0.8527736663818359
1906,476,2,0.18180902302265167,0.15560615062713623,0.3858552873134613,0.31837037205696106,1.195859432220459
1907,476,3,0.1683938354253769,0.13780483603477478,0.4314911365509033,0.27612000703811646,0.817226767539978
1908,477,0,0.15677648782730103,0.1326875537633896,0.3659152388572693,0.3004967272281647,0.8989454507827759
1909,477,1,0.1819661259651184,0.1472894549369812,0.49438023567199707,0.2824094891548157,0.9584769010543823
1910,477,2,0.15988825261592865,0.12726625800132751,0.3604644536972046,0.2646905779838562,0.8598047494888306
1911,477,3,0.1695414036512375,0.13825856149196625,0.47580063343048096,0.26172196865081787,0.8759768009185791
1912,478,0,0.15464946627616882,0.1282891482114792,0.3479674756526947,0.2624545395374298,0.8092970252037048
1913,478,1,0.18219499289989471,0.14927324652671814,0.456707239151001,0.30032655596733093,0.9041800498962402
1914,478,2,0.17387768626213074,0.14451204240322113,0.4149550795555115,0.26570647954940796,1.0184381008148193
1915,478,3,0.17887279391288757,0.1441211849451065,0.40206509828567505,0.2734202444553375,0.8629695177078247
1916,479,0,0.19624170660972595,0.16569241881370544,0.4280868172645569,0.26021331548690796,0.7754300832748413
1917,479,1,0.1745021790266037,0.14899419248104095,0.34842607378959656,0.27876266837120056,0.8430866003036499
1918,479,2,0.1516178995370865,0.12643226981163025,0.3844694495201111,0.2759692370891571,0.8194147348403931
1919,479,3,0.1825210303068161,0.15457211434841156,0.46054530143737793,0.29870834946632385,1.016953468322754
1920,480,0,0.16722528636455536,0.13172699511051178,0.4954230785369873,0.2936520278453827,0.9259766340255737
1921,480,1,0.1538330614566803,0.12778043746948242,0.36472588777542114,0.24054627120494843,0.6430473923683167
1922,480,2,0.1701994091272354,0.14168351888656616,0.38949185609817505,0.2708342969417572,0.7628127336502075
1923,480,3,0.18562927842140198,0.15428782999515533,0.40780872106552124,0.29335731267929077,0.7389853596687317
1924,481,0,0.16822147369384766,0.14228025078773499,0.35050976276397705,0.2719958424568176,0.9972268342971802
1925,481,1,0.16436296701431274,0.13617344200611115,0.4190046787261963,0.26637303829193115,0.8600001335144043
1926,481,2,0.17182418704032898,0.14235886931419373,0.40415000915527344,0.31214234232902527,1.0571098327636719
1927,481,3,0.1582227498292923,0.1305999457836151,0.30669939517974854,0.2868306636810303,0.6726564168930054
1928,482,0,0.17013613879680634,0.13432134687900543,0.6106858849525452,0.29912444949150085,0.9465627670288086
1929,482,1,0.17369379103183746,0.14591443538665771,0.3773230314254761,0.33554399013519287,1.015781283378601
1930,482,2,0.1848575472831726,0.15384113788604736,0.4484783411026001,0.3125292956829071,1.0021097660064697
1931,482,3,0.18461734056472778,0.1533631533384323,0.40232157707214355,0.29018235206604004,0.8063284754753113
1932,483,0,0.1843670904636383,0.14739887416362762,0.43730807304382324,0.2984037697315216,0.9535547494888306
1933,483,1,0.16255336999893188,0.13020142912864685,0.44515103101730347,0.28936782479286194,0.942070484161377
1934,483,2,0.17502065002918243,0.14712460339069366,0.41127973794937134,0.2548584043979645,0.6915625333786011
1935,483,3,0.16738279163837433,0.13556374609470367,0.3718559741973877,0.30472901463508606,0.8714844584465027
1936,484,0,0.16905613243579865,0.14188233017921448,0.4165184497833252,0.25793930888175964,1.0728130340576172
1937,484,1,0.17089562118053436,0.14482742547988892,0.35112592577934265,0.30030396580696106,0.8384380340576172
1938,484,2,0.15685513615608215,0.12681187689304352,0.31740057468414307,0.2444726526737213,0.7032031416893005
1939,484,3,0.16613733768463135,0.13548584282398224,0.3431832194328308,0.27972301840782166,0.8090626001358032
1940,485,0,0.16760511696338654,0.13419735431671143,0.45809614658355713,0.28784042596817017,0.8059377670288086
1941,485,1,0.150847390294075,0.12579050660133362,0.3323568105697632,0.27597030997276306,1.062656283378601
1942,485,2,0.17650458216667175,0.14360767602920532,0.38484644889831543,0.29182615876197815,0.8516016006469727
1943,485,3,0.18001089990139008,0.14806121587753296,0.4882773160934448,0.29360565543174744,0.9883593916893005
1944,486,0,0.16731901466846466,0.134428009390831,0.4081590175628662,0.26362913846969604,0.7979689836502075
1945,486,1,0.16544020175933838,0.13427621126174927,0.48277318477630615,0.29851439595222473,0.8334378004074097
1946,486,2,0.1775795817375183,0.1454288214445114,0.44982782006263733,0.2900559902191162,0.8560157418251038
1947,486,3,0.17206300795078278,0.14363126456737518,0.3494695723056793,0.2730003297328949,1.0625782012939453
1948,487,0,0.1737496554851532,0.14011548459529877,0.44200292229652405,0.2580660879611969,0.6533986330032349
1949,487,1,0.17610685527324677,0.14573481678962708,0.3983338475227356,0.24338321387767792,0.7977735996246338
1950,487,2,0.17522896826267242,0.14521761238574982,0.42012470960617065,0.2695462107658386,0.7913286089897156
1951,487,3,0.17972920835018158,0.1493900716304779,0.3637797236442566,0.294342964887619,0.7745705842971802
1952,488,0,0.17647068202495575,0.14301814138889313,0.4358755946159363,0.25387024879455566,0.8146098256111145
1953,488,1,0.17890211939811707,0.14783857762813568,0.4317724108695984,0.3207690417766571,0.8448830842971802
1954,488,2,0.17485155165195465,0.14734740555286407,0.39129769802093506,0.290130615234375,0.8872267007827759
1955,488,3,0.1655600368976593,0.13767117261886597,0.36716026067733765,0.2815608084201813,0.6655862331390381
1956,489,0,0.18063659965991974,0.15014037489891052,0.38772785663604736,0.2516973912715912,0.7773828506469727
1957,489,1,0.17465338110923767,0.14842869341373444,0.3469768762588501,0.2766684591770172,0.7813671827316284
1958,489,2,0.15361429750919342,0.12468940764665604,0.4406445026397705,0.26524412631988525,0.7427344918251038
1959,489,3,0.15286795794963837,0.12089354544878006,0.36812669038772583,0.2724456787109375,0.7476565837860107
1960,490,0,0.17712610960006714,0.14206285774707794,0.42587611079216003,0.30773040652275085,1.000156283378601
1961,490,1,0.18190115690231323,0.1491284966468811,0.5058785080909729,0.3142266869544983,0.9456641674041748
1962,490,2,0.18121950328350067,0.14574594795703888,0.554154098033905,0.28814056515693665,0.7698438167572021
1963,490,3,0.17299118638038635,0.1422385275363922,0.44269102811813354,0.2978144586086273,0.9582424163818359
1964,491,0,0.16420525312423706,0.1343441903591156,0.40446656942367554,0.24099838733673096,1.0873440504074097
1965,491,1,0.15229332447052002,0.12662480771541595,0.3844916820526123,0.3047172427177429,0.8521485328674316
1966,491,2,0.18748633563518524,0.15883751213550568,0.42620962858200073,0.2694375514984131,0.7110937833786011
1967,491,3,0.18846827745437622,0.15467149019241333,0.541089653968811,0.3288029432296753,0.934414267539978
1968,492,0,0.1638772189617157,0.13276873528957367,0.38218244910240173,0.2433587610721588,0.7696875333786011
1969,492,1,0.18007686734199524,0.15557746589183807,0.400390625,0.28197234869003296,0.931719183921814
1970,492,2,0.17808203399181366,0.1417900174856186,0.42255377769470215,0.24504882097244263,0.7917974591255188
1971,492,3,0.18308067321777344,0.15370167791843414,0.4335487484931946,0.34422606229782104,0.9344541430473328
1972,493,0,0.17196783423423767,0.1494341343641281,0.4001571536064148,0.27229249477386475,1.1877343654632568
1973,493,1,0.18125754594802856,0.14546172320842743,0.5309002995491028,0.2774304151535034,0.8945320844650269
1974,493,2,0.18354910612106323,0.15025852620601654,0.40514326095581055,0.24777694046497345,0.7531256675720215
1975,493,3,0.18886280059814453,0.15517066419124603,0.5803653001785278,0.2946195900440216,0.8716017007827759
1976,494,0,0.17853139340877533,0.14645874500274658,0.4416063725948334,0.2770320177078247,0.7825393676757812
1977,494,1,0.1663893312215805,0.13581454753875732,0.35619381070137024,0.3016897439956665,0.836758017539978
1978,494,2,0.17595840990543365,0.14850172400474548,0.3460978865623474,0.2790519595146179,0.9664456844329834
1979,494,3,0.1791599988937378,0.15204472839832306,0.390625,0.2672528028488159,0.8130087852478027
1980,495,0,0.18101489543914795,0.15072518587112427,0.3764723539352417,0.27443787455558777,0.805508017539978
1981,495,1,0.17059628665447235,0.1402306705713272,0.491599440574646,0.2956370413303375,0.8923441171646118
1982,495,2,0.18288151919841766,0.15501102805137634,0.4103226065635681,0.2397630363702774,0.7895313501358032
1983,495,3,0.16726145148277283,0.13811971247196198,0.3854496479034424,0.30506470799446106,0.9382814168930054
1984,496,0,0.15507039427757263,0.1294243484735489,0.3524162769317627,0.2590438723564148,0.91796875
1985,496,1,0.1562688648700714,0.12993121147155762,0.3283002972602844,0.27772340178489685,0.7974219918251038
1986,496,2,0.1780281662940979,0.14864830672740936,0.41150322556495667,0.2597597539424896,0.8376566171646118
1987,496,3,0.17134033143520355,0.14472827315330505,0.4132812023162842,0.2554386854171753,0.8413674831390381
1988,497,0,0.15432661771774292,0.13479523360729218,0.3794706463813782,0.27296143770217896,0.8456254005432129
1989,497,1,0.17839539051055908,0.15189974009990692,0.39359772205352783,0.30291807651519775,0.9662894010543823
1990,497,2,0.1652548760175705,0.1355150192975998,0.3790208399295807,0.26800277829170227,0.7817969918251038
1991,497,3,0.1601954698562622,0.12996496260166168,0.4045877456665039,0.2531398832798004,0.6924611330032349
1992,498,0,0.16784340143203735,0.1394866406917572,0.4244001507759094,0.24663573503494263,0.7659766674041748
1993,498,1,0.1862979680299759,0.15534788370132446,0.43532508611679077,0.25861695408821106,0.8621099591255188
1994,498,2,0.18195882439613342,0.15224890410900116,0.4172651767730713,0.2743667662143707,0.8703131675720215
1995,498,3,0.16118060052394867,0.13343679904937744,0.43262791633605957,0.31913331151008606,0.9732422828674316
1996,499,0,0.18030117452144623,0.14841148257255554,0.4701741337776184,0.26685377955436707,0.8464068174362183
1997,499,1,0.19096538424491882,0.15388411283493042,0.486427903175354,0.2917431592941284,0.7886335849761963
1998,499,2,0.18030647933483124,0.14981664717197418,0.42451757192611694,0.27561646699905396,0.7239456176757812
1999,499,3,0.1620551198720932,0.13106805086135864,0.46296828985214233,0.32670119404792786,0.8598047494888306
2000,500,0,0.1637241691350937,0.13441413640975952,0.4355849623680115,0.2950299084186554,0.7831645011901855
2001,500,1,0.17429733276367188,0.14268870651721954,0.37776491045951843,0.2887689173221588,0.8127734661102295
2002,500,2,0.15849146246910095,0.12717552483081818,0.4503217935562134,0.31975647807121277,1.039218783378601
2003,500,3,0.1909816563129425,0.16399969160556793,0.42952781915664673,0.2784020006656647,0.9748051166534424
2004,501,0,0.16364385187625885,0.12937968969345093,0.4086986780166626,0.32734376192092896,0.9575392007827759
2005,501,1,0.19981490075588226,0.16820941865444183,0.44789111614227295,0.2651556432247162,0.8546881675720215
2006,501,2,0.16368670761585236,0.13670426607131958,0.3899882435798645,0.2673184275627136,0.727578341960907
2007,501,3,0.17395582795143127,0.147307887673378,0.40146303176879883,0.2335807830095291,0.6526563167572021
2008,502,0,0.15405431389808655,0.1251610517501831,0.3955850303173065,0.2842762768268585,0.8010156750679016
2009,502,1,0.17787522077560425,0.14814051985740662,0.394498735666275,0.2603152394294739,0.6814465522766113
2010,502,2,0.1529124230146408,0.12094174325466156,0.4330241084098816,0.26470130681991577,0.6710553169250488
2011,502,3,0.1662558615207672,0.138652041554451,0.4189453125,0.2805437445640564,0.7442582845687866
2012,503,0,0.18111728131771088,0.14946502447128296,0.4155648946762085,0.22773884236812592,0.660820484161377
2013,503,1,0.17614513635635376,0.14561843872070312,0.4075634479522705,0.28570008277893066,1.2120314836502075
2014,503,2,0.1718091517686844,0.1422780603170395,0.3927246332168579,0.2760125696659088,1.1342971324920654
2015,503,3,0.17384782433509827,0.1375681459903717,0.49859619140625,0.2562516927719116,0.7736719250679016
2016,504,0,0.16350235044956207,0.13936446607112885,0.4214843511581421,0.2800177037715912,1.0871095657348633
2017,504,1,0.1970921754837036,0.1625295877456665,0.4168460965156555,0.29742828011512756,0.8382036089897156
2018,504,2,0.15672719478607178,0.12621919810771942,0.3778950572013855,0.3423178791999817,1.2350001335144043
2019,504,3,0.17379789054393768,0.14909252524375916,0.35604560375213623,0.25217345356941223,0.7507423162460327
2020,505,0,0.16393497586250305,0.13776062428951263,0.4019743800163269,0.2849125564098358,0.8400391340255737
2021,505,1,0.17746028304100037,0.14894074201583862,0.4600818157196045,0.304535835981369,0.8207032084465027
2022,505,2,0.1961221545934677,0.15954746305942535,0.49361521005630493,0.31398627161979675,1.1412501335144043
2023,505,3,0.17381106317043304,0.14166231453418732,0.4433079957962036,0.2960975766181946,0.8729300498962402
2024,506,0,0.18004053831100464,0.15611104667186737,0.3612568974494934,0.27547532320022583,1.008359432220459
2025,506,1,0.16065552830696106,0.13164068758487701,0.3831687271595001,0.272858589887619,0.7545313835144043
2026,506,2,0.15241102874279022,0.12388463318347931,0.418992817401886,0.3075177073478699,0.9768750667572021
2027,506,3,0.1490589827299118,0.11786369979381561,0.382843017578125,0.2841245234012604,0.7500391006469727
2028,507,0,0.17373961210250854,0.1430031806230545,0.3869272470474243,0.27422425150871277,0.6877344250679016
2029,507,1,0.17805644869804382,0.14696046710014343,0.3820367455482483,0.3174731433391571,0.9246099591255188
2030,507,2,0.16941706836223602,0.14255684614181519,0.4564208984375,0.22705048322677612,0.8516406416893005
2031,507,3,0.15917642414569855,0.13102442026138306,0.36303290724754333,0.2695794701576233,0.9078128337860107
2032,508,0,0.18503859639167786,0.15601854026317596,0.3771550953388214,0.30579161643981934,0.9458594918251038
2033,508,1,0.1551516205072403,0.12422049790620804,0.4324250817298889,0.23878341913223267,0.7387109994888306
2034,508,2,0.16635382175445557,0.13633036613464355,0.37742477655410767,0.2686000168323517,0.7283597588539124
2035,508,3,0.16575603187084198,0.13178333640098572,0.44900548458099365,0.2582198977470398,0.7759380340576172
2036,509,0,0.18595676124095917,0.15183843672275543,0.4463996887207031,0.2695401906967163,0.7772664427757263
2037,509,1,0.1703406721353531,0.14358368515968323,0.40421122312545776,0.3032400608062744,0.9655860662460327
2038,509,2,0.17052356898784637,0.1388723999261856,0.438609778881073,0.2695690989494324,0.7317971587181091
2039,509,3,0.16355670988559723,0.13051845133304596,0.47611021995544434,0.2560264468193054,0.859375
2040,510,0,0.17651619017124176,0.1482332944869995,0.35252004861831665,0.26263368129730225,0.7774609327316284
2041,510,1,0.16804403066635132,0.13989382982254028,0.3741699457168579,0.26965537667274475,0.7710940837860107
2042,510,2,0.1750672608613968,0.1448829472064972,0.47776347398757935,0.26705077290534973,0.8531253337860107
2043,510,3,0.1543045938014984,0.125703826546669,0.37542402744293213,0.282776802778244,0.9962109327316284
2044,511,0,0.1711261123418808,0.14632272720336914,0.3921431601047516,0.27905529737472534,0.8041023015975952
2045,511,1,0.1724407970905304,0.1444208174943924,0.3667214512825012,0.2886215150356293,0.8798048496246338
2046,511,2,0.19726717472076416,0.16427242755889893,0.47871291637420654,0.2789343297481537,0.8560157418251038
2047,511,3,0.17991355061531067,0.14310862123966217,0.5356602072715759,0.253987580537796,0.6546489000320435
2048,512,0,0.17362403869628906,0.14403195679187775,0.45577114820480347,0.2881045639514923,0.7867581844329834
2049,512,1,0.17203354835510254,0.14285388588905334,0.357796847820282,0.2614198327064514,0.8369923830032349
2050,512,2,0.17203859984874725,0.1440437287092209,0.4022606611251831,0.2780620753765106,0.9033205509185791
2051,512,3,0.18594497442245483,0.15708258748054504,0.456199586391449,0.2946414053440094,0.7658203840255737
2052,513,0,0.15638208389282227,0.13398008048534393,0.3573843538761139,0.2273402363061905,0.8323438167572021
2053,513,1,0.17815451323986053,0.1497223973274231,0.3572808504104614,0.2630627453327179,0.6993750333786011
2054,513,2,0.17485928535461426,0.14040625095367432,0.38679540157318115,0.22834697365760803,0.8481259346008301
2055,513,3,0.169951930642128,0.13982337713241577,0.44536614418029785,0.2720365822315216,0.9110158085823059
2056,514,0,0.15912751853466034,0.12831678986549377,0.37558841705322266,0.2802335321903229,1.1021876335144043
2057,514,1,0.15284514427185059,0.12298714369535446,0.4629681706428528,0.28759124875068665,0.7621876001358032
2058,514,2,0.19720567762851715,0.16533911228179932,0.5201590657234192,0.26684752106666565,0.9230471253395081
2059,514,3,0.16164664924144745,0.1320837438106537,0.3943924903869629,0.2584170401096344,0.681054949760437
2060,515,0,0.18501465022563934,0.14980563521385193,0.5786822438240051,0.32647886872291565,1.1804689168930054
2061,515,1,0.18098558485507965,0.14900913834571838,0.4101889133453369,0.2603439390659332,0.793632984161377
2062,515,2,0.15585781633853912,0.12555164098739624,0.3704354166984558,0.269927054643631,0.9297266006469727
2063,515,3,0.17950600385665894,0.14354394376277924,0.4998568296432495,0.27339690923690796,0.829492449760437
2064,516,0,0.1937570869922638,0.15716233849525452,0.52785325050354,0.2877295911312103,0.9717193841934204
2065,516,1,0.16454844176769257,0.13500289618968964,0.38337427377700806,0.26596343517303467,0.8932036757469177
2066,516,2,0.18080611526966095,0.14908544719219208,0.4112400412559509,0.2601796090602875,0.7971875667572021
2067,516,3,0.17938725650310516,0.15062463283538818,0.4443672299385071,0.2600247263908386,0.8673828840255737
2068,517,0,0.1592007875442505,0.1308683156967163,0.38673046231269836,0.26113465428352356,0.7244144678115845
2069,517,1,0.18796104192733765,0.15746742486953735,0.4556849002838135,0.2262248992919922,0.5783984661102295
2070,517,2,0.17093877494335175,0.1424647867679596,0.37585189938545227,0.3052688241004944,0.7933594584465027
2071,517,3,0.1688908189535141,0.14147719740867615,0.38167423009872437,0.3086366355419159,0.9548441171646118
2072,518,0,0.16572009027004242,0.13444578647613525,0.5225694179534912,0.281005859375,0.7342203855514526
2073,518,1,0.1713089793920517,0.13978630304336548,0.40313059091567993,0.28851258754730225,0.8487893342971802
2074,518,2,0.17277178168296814,0.1489792913198471,0.4200831651687622,0.29679641127586365,0.9239848256111145
2075,518,3,0.160489022731781,0.13027924299240112,0.353343665599823,0.2432568371295929,0.6041411757469177
2076,519,0,0.16829833388328552,0.13314266502857208,0.44825392961502075,0.242412269115448,0.6960939168930054
2077,519,1,0.16334454715251923,0.14083129167556763,0.42761504650115967,0.25685060024261475,0.797539234161377
2078,519,2,0.17170429229736328,0.13884037733078003,0.38243114948272705,0.3324551284313202,0.9112111330032349
2079,519,3,0.17241084575653076,0.1457555741071701,0.44242218136787415,0.30823609232902527,0.9219921827316284
2080,520,0,0.1633724570274353,0.1367485374212265,0.4156959354877472,0.27856385707855225,0.8207032084465027
2081,520,1,0.17238906025886536,0.14353343844413757,0.452520489692688,0.2836770713329315,0.8169532418251038
2082,520,2,0.1729012429714203,0.1435217410326004,0.407918781042099,0.28771302103996277,0.8289845585823059
2083,520,3,0.1699814647436142,0.13948288559913635,0.36977505683898926,0.2532270848751068,0.816719651222229
2084,521,0,0.1725986897945404,0.14126895368099213,0.3770213723182678,0.27668967843055725,0.8119148015975952
2085,521,1,0.18553189933300018,0.1491081267595291,0.4136696457862854,0.27741503715515137,1.0549218654632568
2086,521,2,0.16367676854133606,0.1311313509941101,0.459759384393692,0.30454087257385254,0.9625003337860107
2087,521,3,0.1843179613351822,0.15735028684139252,0.4051485061645508,0.2769696116447449,0.8048046827316284
2088,522,0,0.17785373330116272,0.1499016284942627,0.3906732499599457,0.2958212196826935,0.9654297828674316
2089,522,1,0.16261793673038483,0.13502424955368042,0.3360624313354492,0.25556060671806335,0.8090234994888306
2090,522,2,0.14924213290214539,0.11915701627731323,0.3680938482284546,0.26087111234664917,0.8992189168930054
2091,522,3,0.17461712658405304,0.14832468330860138,0.41491469740867615,0.2606993019580841,0.9499610662460327
2092,523,0,0.1600661277770996,0.12796740233898163,0.46005773544311523,0.2859930396080017,0.9350394010543823
2093,523,1,0.16694514453411102,0.13657726347446442,0.401849627494812,0.2735153138637543,0.7085159420967102
2094,523,2,0.15991078317165375,0.13272838294506073,0.3659157156944275,0.2654983401298523,0.7114063501358032
2095,523,3,0.1734236180782318,0.14010347425937653,0.380940318107605,0.2583184838294983,0.7295318841934204
2096,524,0,0.16826480627059937,0.13990870118141174,0.45142972469329834,0.31886810064315796,0.969765841960907
2097,524,1,0.16346235573291779,0.12975654006004333,0.42029666900634766,0.2928546071052551,0.790078341960907
2098,524,2,0.18160167336463928,0.14014922082424164,0.4391292929649353,0.2904089391231537,0.7704298496246338
2099,524,3,0.16689470410346985,0.13346530497074127,0.39152902364730835,0.2582505941390991,0.7012895345687866
2100,525,0,0.1667398065328598,0.13324442505836487,0.4147335886955261,0.2761737108230591,0.7948832511901855
2101,525,1,0.194734588265419,0.15587705373764038,0.43157678842544556,0.3157731592655182,0.965664267539978
2102,525,2,0.17195212841033936,0.13551980257034302,0.4718484878540039,0.29608970880508423,0.8999221920967102
2103,525,3,0.1651056706905365,0.13396340608596802,0.428526371717453,0.2689550817012787,0.7933204174041748
2104,526,0,0.1651512086391449,0.1392732858657837,0.34918951988220215,0.2726510763168335,0.6917579174041748
2105,526,1,0.17894208431243896,0.14483657479286194,0.4007169306278229,0.2589172422885895,0.6450392007827759
2106,526,2,0.16449740529060364,0.13618768751621246,0.35407763719558716,0.2575048804283142,0.766445517539978
2107,526,3,0.15247474610805511,0.12330785393714905,0.42572736740112305,0.2916201651096344,0.8096877336502075
2108,527,0,0.17883723974227905,0.14791616797447205,0.36930325627326965,0.29928770661354065,0.783437967300415
2109,527,1,0.15981829166412354,0.12680822610855103,0.3547881245613098,0.30972716212272644,0.8482032418251038
2110,527,2,0.1603601574897766,0.13358527421951294,0.3518959879875183,0.2964666783809662,0.7592589855194092
2111,527,3,0.17695337533950806,0.14463217556476593,0.4802170395851135,0.2668299973011017,0.7750784754753113
2112,528,0,0.19279497861862183,0.1590958684682846,0.4551262855529785,0.31626540422439575,0.7777734994888306
2113,528,1,0.18743136525154114,0.15784940123558044,0.5319286584854126,0.27350279688835144,0.8134377002716064
2114,528,2,0.19910240173339844,0.16356514394283295,0.6232337951660156,0.2701016366481781,0.8187114000320435
2115,528,3,0.16088227927684784,0.12811079621315002,0.4362630248069763,0.32187315821647644,0.9814455509185791
2116,529,0,0.1803465038537979,0.15162065625190735,0.4142954647541046,0.2804858386516571,1.0714845657348633
2117,529,1,0.17821277678012848,0.14827679097652435,0.4406852126121521,0.22769668698310852,0.8912501335144043
2118,529,2,0.17937107384204865,0.15281474590301514,0.4027670919895172,0.3307366967201233,0.8985546827316284
2119,529,3,0.17563863098621368,0.14263387024402618,0.4811941385269165,0.2969265878200531,0.8449611663818359
2120,530,0,0.16005009412765503,0.12663057446479797,0.36972731351852417,0.2796606123447418,0.8203906416893005
2121,530,1,0.17515431344509125,0.14203692972660065,0.47305428981781006,0.264554888010025,0.9026954174041748
2122,530,2,0.18025170266628265,0.14675426483154297,0.4896911382675171,0.2698565721511841,0.9908208847045898
2123,530,3,0.1729966402053833,0.138841450214386,0.3810586631298065,0.30237486958503723,0.9185938835144043
2124,531,0,0.1821281909942627,0.14991658926010132,0.4611545503139496,0.31656065583229065,0.8750781416893005
2125,531,1,0.17755408585071564,0.14793802797794342,0.3964732885360718,0.2810247838497162,0.7166800498962402
2126,531,2,0.17364296317100525,0.14645610749721527,0.4128141403198242,0.2498762458562851,0.8013672828674316
2127,531,3,0.16885527968406677,0.13716882467269897,0.44750553369522095,0.2710897922515869,0.8771098256111145
2128,532,0,0.1503801792860031,0.12338819354772568,0.3966825008392334,0.2713964879512787,0.8127734661102295
2129,532,1,0.16213081777095795,0.1324884444475174,0.3897794485092163,0.29379332065582275,0.9748051166534424
2130,532,2,0.1739988774061203,0.14691902697086334,0.3884410560131073,0.2859340012073517,0.8173048496246338
2131,532,3,0.16300652921199799,0.12945076823234558,0.4668304920196533,0.2866479456424713,0.7977735996246338
2132,533,0,0.20327182114124298,0.17047591507434845,0.5026761889457703,0.2249896228313446,0.6642578840255737
2133,533,1,0.19290395081043243,0.15676194429397583,0.48240214586257935,0.3110891580581665,0.9421485662460327
2134,533,2,0.18098318576812744,0.14997024834156036,0.3961355984210968,0.2698967456817627,0.852383017539978
2135,533,3,0.17683131992816925,0.1479533314704895,0.4334860146045685,0.3179980516433716,0.9387502670288086
2136,534,0,0.1614333689212799,0.13355109095573425,0.3532547652721405,0.2684274911880493,0.8263676166534424
2137,534,1,0.190931499004364,0.16024884581565857,0.4158676266670227,0.28901252150535583,0.8610941171646118
2138,534,2,0.15762458741664886,0.13375447690486908,0.3828768730163574,0.260528564453125,0.7854688167572021
2139,534,3,0.16784130036830902,0.14019571244716644,0.36165544390678406,0.2791162133216858,0.845781683921814
2140,535,0,0.19080404937267303,0.154632106423378,0.5367521047592163,0.29293519258499146,0.9610937833786011
2141,535,1,0.18615785241127014,0.15919534862041473,0.4266819953918457,0.28019171953201294,0.9280864000320435
2142,535,2,0.17418669164180756,0.14194339513778687,0.3838099241256714,0.273040771484375,0.8655864000320435
2143,535,3,0.17461904883384705,0.14198417961597443,0.41138195991516113,0.2573859393596649,0.7824611663818359
2144,536,0,0.16733284294605255,0.1419014036655426,0.44543811678886414,0.3106704652309418,0.9928907752037048
2145,536,1,0.17783071100711823,0.14254899322986603,0.592395544052124,0.28338319063186646,0.7544922828674316
2146,536,2,0.20349322259426117,0.17702457308769226,0.39564013481140137,0.25724610686302185,0.787187933921814
2147,536,3,0.16476525366306305,0.13609598577022552,0.4210638403892517,0.2761663794517517,0.7479691505432129
2148,537,0,0.1750560998916626,0.1409962773323059,0.4647441506385803,0.2706443667411804,0.7545313835144043
2149,537,1,0.17251253128051758,0.1390959769487381,0.44226816296577454,0.2636779844760895,0.7607818841934204
2150,537,2,0.192945659160614,0.1614762842655182,0.4724416136741638,0.3013863265514374,0.9132428169250488
2151,537,3,0.17138127982616425,0.13327591121196747,0.5908904075622559,0.2977468967437744,1.0943751335144043
2152,538,0,0.15466612577438354,0.12128794938325882,0.3831096887588501,0.23756560683250427,0.8331252336502075
2153,538,1,0.1714799404144287,0.1329609900712967,0.4383297562599182,0.343570739030838,0.888086199760437
2154,538,2,0.16786591708660126,0.14031586050987244,0.4105137884616852,0.27413710951805115,0.7711722254753113
2155,538,3,0.1712314635515213,0.1455639749765396,0.3658681809902191,0.24412719905376434,0.7543359994888306
2156,539,0,0.18754863739013672,0.15520551800727844,0.46336615085601807,0.264222115278244,0.6662895679473877
2157,539,1,0.17717164754867554,0.14654232561588287,0.4108097553253174,0.31586670875549316,1.0109381675720215
2158,539,2,0.1803583800792694,0.14869144558906555,0.48704689741134644,0.26544997096061707,0.7595316171646118
2159,539,3,0.13860976696014404,0.11012011766433716,0.39862650632858276,0.28656837344169617,1.1105470657348633
2160,540,0,0.17881014943122864,0.14611738920211792,0.49369966983795166,0.277780145406723,0.7110937833786011
2161,540,1,0.15054136514663696,0.12191469222307205,0.3735671043395996,0.2864343225955963,0.8336722254753113
2162,540,2,0.17430329322814941,0.1409631371498108,0.4101249575614929,0.30470216274261475,0.8191802501678467
2163,540,3,0.14451813697814941,0.11953055113554001,0.3302164673805237,0.27606841921806335,0.9465627670288086
2164,541,0,0.16402558982372284,0.13289093971252441,0.3923806846141815,0.2706262171268463,0.7280471920967102
2165,541,1,0.16815394163131714,0.1415751427412033,0.46144354343414307,0.27503907680511475,0.7789065837860107
2166,541,2,0.19229483604431152,0.15626224875450134,0.4729134142398834,0.2716628909111023,0.7579296827316284
2167,541,3,0.1900855153799057,0.16157615184783936,0.45193734765052795,0.27998170256614685,0.8174611330032349
2168,542,0,0.17749373614788055,0.1459958702325821,0.43184998631477356,0.269430547952652,0.7234376668930054
2169,542,1,0.18281768262386322,0.15162961184978485,0.42186516523361206,0.34645670652389526,0.9939066171646118
2170,542,2,0.18541957437992096,0.15248268842697144,0.45334094762802124,0.28674012422561646,0.8989844918251038
2171,542,3,0.16033338010311127,0.1285300850868225,0.3948666453361511,0.30341193079948425,0.8689847588539124
2172,543,0,0.17753966152668,0.14583781361579895,0.39411014318466187,0.27856045961380005,0.84765625
2173,543,1,0.1764436811208725,0.1433393806219101,0.456403911113739,0.30563247203826904,0.836915135383606
2174,543,2,0.17142322659492493,0.14068704843521118,0.41883403062820435,0.2684634327888489,0.7911332845687866
2175,543,3,0.16897892951965332,0.1407739669084549,0.4400544762611389,0.30572709441185,0.8844534754753113
2176,544,0,0.17650505900382996,0.14872664213180542,0.3680430054664612,0.2810550034046173,0.8964457511901855
2177,544,1,0.1740676611661911,0.14693893492221832,0.3677968680858612,0.27751433849334717,0.7590236663818359
2178,544,2,0.18013067543506622,0.15114963054656982,0.4306640625,0.24789920449256897,0.9423830509185791
2179,544,3,0.17709611356258392,0.1479383111000061,0.40331125259399414,0.23508475720882416,0.72265625
2180,545,0,0.183031365275383,0.15028923749923706,0.4916369915008545,0.2947372496128082,0.7434377670288086
2181,545,1,0.16447578370571136,0.13333922624588013,0.3745899796485901,0.31502625346183777,0.817773699760437
2182,545,2,0.18043170869350433,0.14881563186645508,0.3874799609184265,0.2638455331325531,0.7195314168930054
2183,545,3,0.161520317196846,0.1339755356311798,0.338941365480423,0.2462042272090912,0.7057427167892456
2184,546,0,0.16034476459026337,0.1324557065963745,0.4141538739204407,0.22193168103694916,0.6526563167572021
2185,546,1,0.16280736029148102,0.13345938920974731,0.38861268758773804,0.2585490345954895,0.720937967300415
2186,546,2,0.16669516265392303,0.14042934775352478,0.3478041887283325,0.26065757870674133,0.7585157752037048
2187,546,3,0.18183638155460358,0.15109719336032867,0.41788792610168457,0.23992444574832916,0.793632984161377
2188,547,0,0.1875135451555252,0.1505620926618576,0.5112751722335815,0.2894657850265503,0.7199611663818359
2189,547,1,0.16306111216545105,0.1339292973279953,0.36238428950309753,0.26214659214019775,0.7469533085823059
2190,547,2,0.17554916441440582,0.1442994326353073,0.44189342856407166,0.26857757568359375,0.8262895345687866
2191,547,3,0.16108167171478271,0.13094094395637512,0.38355588912963867,0.30939698219299316,0.8420708179473877
2192,548,0,0.17578013241291046,0.1491101235151291,0.40096426010131836,0.28108200430870056,0.8246876001358032
2193,548,1,0.16465307772159576,0.13723362982273102,0.37444090843200684,0.2564602792263031,0.7387109994888306
2194,548,2,0.1594485491514206,0.13622623682022095,0.33281224966049194,0.29669928550720215,0.9691407084465027
2195,548,3,0.15916697680950165,0.13869315385818481,0.3198093771934509,0.2829311788082123,0.8179299831390381
2196,549,0,0.1767827719449997,0.14410191774368286,0.4696212410926819,0.27756163477897644,0.7737891674041748
2197,549,1,0.1685604453086853,0.14254026114940643,0.3660929501056671,0.2601985037326813,0.672852635383606
2198,549,2,0.17770616710186005,0.14273090660572052,0.40203857421875,0.243550106883049,0.65234375
2199,549,3,0.17288480699062347,0.14007972180843353,0.5088614225387573,0.30564576387405396,0.953125
2200,550,0,0.18821504712104797,0.159036323428154,0.4299479126930237,0.3288116455078125,1.0078907012939453
2201,550,1,0.16055472195148468,0.13072849810123444,0.4277786612510681,0.28669822216033936,0.9935159087181091
2202,550,2,0.1689564287662506,0.14209599792957306,0.45515555143356323,0.2735850512981415,0.9263672828674316
2203,550,3,0.17829464375972748,0.15223079919815063,0.38670068979263306,0.24650360643863678,0.9038674831390381
2204,551,0,0.18144580721855164,0.1517227292060852,0.4137195348739624,0.2879330515861511,0.8986328840255737
2205,551,1,0.1578422337770462,0.13450613617897034,0.3654600977897644,0.28358542919158936,0.8478906750679016
2206,551,2,0.18423402309417725,0.15768097341060638,0.4278227686882019,0.2196374535560608,0.8441797494888306
2207,551,3,0.1697283387184143,0.13784651458263397,0.4062957167625427,0.2826983630657196,0.6993758678436279
2208,552,0,0.14967119693756104,0.12362651526927948,0.3316514790058136,0.25882530212402344,0.7353518009185791
2209,552,1,0.19045601785182953,0.16030952334403992,0.447956919670105,0.28492555022239685,0.8891021013259888
2210,552,2,0.15654802322387695,0.12911058962345123,0.3706350028514862,0.2874568998813629,0.8480859994888306
2211,552,3,0.17416217923164368,0.14655469357967377,0.3311353921890259,0.2849475145339966,0.7896876335144043
2212,553,0,0.18123717606067657,0.14800454676151276,0.4066920876502991,0.2530386447906494,0.8712109327316284
2213,553,1,0.17684535682201385,0.14589256048202515,0.4530263841152191,0.28500670194625854,0.8165625333786011
2214,553,2,0.16388662159442902,0.1315893679857254,0.41858941316604614,0.30344346165657043,0.7935547828674316
2215,553,3,0.16598467528820038,0.13719861209392548,0.3953092098236084,0.27038177847862244,0.9652734994888306
2216,554,0,0.17024244368076324,0.13815003633499146,0.37582334876060486,0.23149321973323822,0.6682813167572021
2217,554,1,0.17465293407440186,0.14631563425064087,0.4090225100517273,0.28718262910842896,0.845430850982666
2218,554,2,0.16066117584705353,0.12787635624408722,0.37155580520629883,0.24392761290073395,0.7976564168930054
2219,554,3,0.16575466096401215,0.13661718368530273,0.372239351272583,0.26464760303497314,0.698516309261322
2220,555,0,0.18889759480953217,0.15764327347278595,0.49502843618392944,0.2634314000606537,0.7630471587181091
2221,555,1,0.17705166339874268,0.14828461408615112,0.42998695373535156,0.3123675584793091,1.1185940504074097
2222,555,2,0.20246241986751556,0.1703861951828003,0.5304588079452515,0.32635819911956787,0.9184384346008301
2223,555,3,0.18898910284042358,0.15771816670894623,0.4797188341617584,0.32016313076019287,0.974023699760437
2224,556,0,0.16813577711582184,0.1337001472711563,0.4655587077140808,0.3172120153903961,0.7978127002716064
2225,556,1,0.19945314526557922,0.16845527291297913,0.4353046119213104,0.2579556405544281,0.783281683921814
2226,556,2,0.18212547898292542,0.1543194055557251,0.44672513008117676,0.3378451466560364,1.1985944509506226
2227,556,3,0.16625966131687164,0.13253062963485718,0.44729194045066833,0.2748222351074219,0.7655867338180542
2228,557,0,0.1838216781616211,0.1499648541212082,0.47083747386932373,0.32784149050712585,0.9884766340255737
2229,557,1,0.17558331787586212,0.14413337409496307,0.4266064763069153,0.2687661647796631,0.8249610662460327
2230,557,2,0.15730875730514526,0.12912988662719727,0.3589588701725006,0.30976441502571106,1.1508598327636719
2231,557,3,0.1864275485277176,0.1466517597436905,0.46424296498298645,0.29948973655700684,0.9808204174041748
2232,558,0,0.18860022723674774,0.15675508975982666,0.4440896511077881,0.23913009464740753,0.7891406416893005
2233,558,1,0.16780012845993042,0.14356181025505066,0.3326384425163269,0.29699888825416565,0.8950001001358032
2234,558,2,0.1705581247806549,0.13887742161750793,0.4267021119594574,0.28040558099746704,1.0480470657348633
2235,558,3,0.1722017228603363,0.14485254883766174,0.5151543617248535,0.2963623106479645,0.8227348923683167
2236,559,0,0.17613869905471802,0.14532938599586487,0.38871219754219055,0.2701267898082733,0.7592190504074097
2237,559,1,0.155894935131073,0.13325397670269012,0.3301060199737549,0.26694735884666443,0.8204296827316284
2238,559,2,0.1696854531764984,0.13767120242118835,0.3866908550262451,0.2599916160106659,0.711601734161377
2239,559,3,0.1584474891424179,0.13025248050689697,0.3353794813156128,0.25830018520355225,0.7744923830032349
2240,560,0,0.19931448996067047,0.16470928490161896,0.4762173295021057,0.2808305323123932,0.8972271680831909
2241,560,1,0.1665858030319214,0.13455826044082642,0.4174206256866455,0.2879383862018585,0.8440234661102295
2242,560,2,0.1776079386472702,0.14867988228797913,0.37210381031036377,0.28414902091026306,0.8804299831390381
2243,560,3,0.1674792617559433,0.14171142876148224,0.35647648572921753,0.25488853454589844,0.6642969250679016
2244,561,0,0.166501984000206,0.1351475864648819,0.4518228769302368,0.2682202160358429,0.6919922828674316
2245,561,1,0.14754553139209747,0.12008111923933029,0.38621819019317627,0.2532781958580017,0.8359375
2246,561,2,0.16355831921100616,0.1360194832086563,0.42780736088752747,0.24178223311901093,0.8321875333786011
2247,561,3,0.18209566175937653,0.14678360521793365,0.5026830434799194,0.3045208752155304,0.9869536757469177
2248,562,0,0.18116432428359985,0.15172415971755981,0.4485761523246765,0.31170332431793213,1.205000400543213
2249,562,1,0.19871853291988373,0.1638273447751999,0.5474537014961243,0.2760046422481537,0.9946880340576172
2250,562,2,0.14750447869300842,0.11919035017490387,0.33545738458633423,0.2905804514884949,0.8594531416893005
2251,562,3,0.16104386746883392,0.12948833405971527,0.4197499752044678,0.28574830293655396,1.0010939836502075
2252,563,0,0.17780950665473938,0.1500522941350937,0.42065006494522095,0.29190337657928467,0.9582424163818359
2253,563,1,0.15395671129226685,0.12123793363571167,0.38054269552230835,0.26006194949150085,0.8176565170288086
2254,563,2,0.1559215784072876,0.1296623796224594,0.40152013301849365,0.2930702269077301,0.9648828506469727
2255,563,3,0.182197704911232,0.14659512042999268,0.45665624737739563,0.2471630871295929,1.09375
2256,564,0,0.170855313539505,0.134351909160614,0.492470383644104,0.25920408964157104,0.8298441171646118
2257,564,1,0.1703220009803772,0.13443905115127563,0.43132853507995605,0.3219234347343445,0.9969923496246338
2258,564,2,0.17078599333763123,0.13927429914474487,0.36877769231796265,0.27962708473205566,0.9107032418251038
2259,564,3,0.17203690111637115,0.13910114765167236,0.38417044281959534,0.2972985804080963,0.9429699182510376
2260,565,0,0.16977806389331818,0.1421913355588913,0.3734102249145508,0.22759033739566803,0.7399222254753113
2261,565,1,0.16744464635849,0.138225257396698,0.36605632305145264,0.3065124452114105,0.961915135383606
2262,565,2,0.1720503568649292,0.13438983261585236,0.6241675019264221,0.3056313395500183,0.9458204507827759
2263,565,3,0.15754757821559906,0.13249456882476807,0.43699365854263306,0.2555326819419861,0.7775000333786011
2264,566,0,0.17449888586997986,0.14758925139904022,0.3595730662345886,0.2613227963447571,1.0887506008148193
2265,566,1,0.1873057633638382,0.1559659242630005,0.4004114866256714,0.2817118763923645,0.9453516006469727
2266,566,2,0.17395995557308197,0.13805148005485535,0.5289673805236816,0.33176910877227783,0.9034768342971802
2267,566,3,0.1598113775253296,0.13091932237148285,0.39574888348579407,0.2686590552330017,0.7739063501358032
2268,567,0,0.1492452323436737,0.12593677639961243,0.32836925983428955,0.2407371550798416,0.7510548830032349
2269,567,1,0.17129242420196533,0.1392519325017929,0.3909870386123657,0.2789066433906555,0.8483985662460327
2270,567,2,0.18865938484668732,0.1539730578660965,0.4322082996368408,0.2984575033187866,0.9454687833786011
2271,567,3,0.1820412427186966,0.14876683056354523,0.5138810276985168,0.29793688654899597,0.7197268009185791
2272,568,0,0.17605112493038177,0.14279651641845703,0.41413718461990356,0.25773802399635315,0.7737500667572021
2273,568,1,0.17888861894607544,0.15065467357635498,0.3789864480495453,0.21909713745117188,0.7279690504074097
2274,568,2,0.16439180076122284,0.12869319319725037,0.45809704065322876,0.3015795946121216,0.84765625
2275,568,3,0.18344587087631226,0.1433822214603424,0.5089597702026367,0.2711865305900574,0.8675782084465027
2276,569,0,0.1684044748544693,0.1328432410955429,0.4200942814350128,0.2614980936050415,0.848672091960907
2277,569,1,0.18495549261569977,0.15723729133605957,0.38503214716911316,0.28830382227897644,0.899101734161377
2278,569,2,0.172734335064888,0.13592737913131714,0.44556403160095215,0.2836698889732361,0.9627347588539124
2279,569,3,0.16119417548179626,0.129055917263031,0.43339818716049194,0.31729066371917725,1.0235157012939453
2280,570,0,0.1875491440296173,0.15966153144836426,0.40863120555877686,0.27585509419441223,0.8989063501358032
2281,570,1,0.18473155796527863,0.15379057824611664,0.4219342768192291,0.22705520689487457,0.7825393676757812
2282,570,2,0.16293202340602875,0.13449257612228394,0.40097928047180176,0.3280676305294037,0.9614844918251038
2283,570,3,0.16916760802268982,0.1436881273984909,0.4606175720691681,0.29477858543395996,0.9493359327316284
2284,571,0,0.1773499697446823,0.14637884497642517,0.4032539129257202,0.2906455993652344,0.8144535422325134
2285,571,1,0.16993728280067444,0.14082515239715576,0.4270148277282715,0.30269715189933777,0.8050000667572021
2286,571,2,0.17188864946365356,0.14345568418502808,0.4115261435508728,0.22637832164764404,0.8598438501358032
2287,571,3,0.1680191606283188,0.13935761153697968,0.37729835510253906,0.24748504161834717,0.6807423830032349
2288,572,0,0.14256848394870758,0.11937324702739716,0.3102604150772095,0.2915736436843872,0.845117449760437
2289,572,1,0.18903455138206482,0.15570126473903656,0.386053204536438,0.2897375524044037,0.7915630340576172
2290,572,2,0.16882750391960144,0.1392056792974472,0.39569032192230225,0.27567505836486816,1.0714845657348633
2291,572,3,0.16767184436321259,0.13512398302555084,0.4294273853302002,0.29054564237594604,0.8212502002716064
2292,573,0,0.17634417116641998,0.14624951779842377,0.40407565236091614,0.2777664065361023,0.7817188501358032
2293,573,1,0.16236160695552826,0.13935256004333496,0.3650086522102356,0.2649264633655548,0.8412894010543823
2294,573,2,0.17331871390342712,0.14038759469985962,0.5143964290618896,0.25873658061027527,0.7465626001358032
2295,573,3,0.18648487329483032,0.15727421641349792,0.40796223282814026,0.26192936301231384,0.8798048496246338
2296,574,0,0.197769433259964,0.1605227291584015,0.5322364568710327,0.3274865746498108,0.7975782752037048
2297,574,1,0.1616671085357666,0.13272352516651154,0.4190071225166321,0.25661957263946533,0.6410938501358032
2298,574,2,0.1546029895544052,0.12776240706443787,0.3701331615447998,0.2336367815732956,0.8991798162460327
2299,574,3,0.19808857142925262,0.16839246451854706,0.4199056029319763,0.33062073588371277,1.0035945177078247
2300,575,0,0.17831829190254211,0.14633908867835999,0.38590818643569946,0.2704232931137085,0.7469533085823059
2301,575,1,0.17196069657802582,0.14057475328445435,0.41644853353500366,0.2957088351249695,0.7740626335144043
2302,575,2,0.1737712025642395,0.14597217738628387,0.4009232521057129,0.29831573367118835,0.946328341960907
2303,575,3,0.18880409002304077,0.15928572416305542,0.5242466926574707,0.254851371049881,0.8249610662460327
2304,576,0,0.15611222386360168,0.12933382391929626,0.3947014808654785,0.23556198179721832,0.6689455509185791
2305,576,1,0.18550129234790802,0.1557774394750595,0.3900315761566162,0.2939617931842804,0.8382817506790161
2306,576,2,0.15619058907032013,0.12745006382465363,0.34535324573516846,0.31035372614860535,0.9071095585823059
2307,576,3,0.16904428601264954,0.1400001496076584,0.4125494360923767,0.3018913269042969,0.8759377002716064
2308,577,0,0.18679428100585938,0.15494678914546967,0.4511417746543884,0.2688683271408081,0.8797658085823059
2309,577,1,0.1778906285762787,0.15229743719100952,0.38044095039367676,0.3112449645996094,0.8711328506469727
2310,577,2,0.17176200449466705,0.14073190093040466,0.41618871688842773,0.26829206943511963,0.8716017007827759
2311,577,3,0.17405985295772552,0.1449212282896042,0.4071878492832184,0.30720216035842896,0.8775786757469177
2312,578,0,0.16838409006595612,0.14163635671138763,0.4345404803752899,0.304961234331131,0.7969531416893005
2313,578,1,0.16982287168502808,0.14081792533397675,0.45625361800193787,0.24941694736480713,0.7192188501358032
2314,578,2,0.1816207766532898,0.14838939905166626,0.4331972301006317,0.2976614236831665,1.0875003337860107
2315,578,3,0.16465061902999878,0.13649219274520874,0.44221270084381104,0.295024037361145,0.7672659754753113
2316,579,0,0.17571651935577393,0.14856234192848206,0.41018491983413696,0.2832760512828827,0.7889461517333984
2317,579,1,0.18895676732063293,0.15053430199623108,0.4585456848144531,0.25805938243865967,0.8650394678115845
2318,579,2,0.17195382714271545,0.13929109275341034,0.41525137424468994,0.2604106068611145,0.9654297828674316
2319,579,3,0.1673162579536438,0.13617926836013794,0.41750627756118774,0.2723698318004608,0.9144532084465027
2320,580,0,0.17360471189022064,0.1495141088962555,0.4644373059272766,0.2924552857875824,0.9964454174041748
2321,580,1,0.14149455726146698,0.11601731181144714,0.31659284234046936,0.2584768533706665,0.7230469584465027
2322,580,2,0.18040621280670166,0.15165941417217255,0.3657863736152649,0.23417754471302032,0.6893754005432129
2323,580,3,0.1739090532064438,0.14753884077072144,0.47057196497917175,0.2535285949707031,0.7430860996246338
2324,581,0,0.16945582628250122,0.14155691862106323,0.40165087580680847,0.26943710446357727,0.9032423496246338
2325,581,1,0.17359688878059387,0.14560605585575104,0.37706637382507324,0.22769653797149658,0.5952737331390381
2326,581,2,0.16286946833133698,0.13374002277851105,0.37539881467819214,0.2988693118095398,0.9030860662460327
2327,581,3,0.16470158100128174,0.13272160291671753,0.42826247215270996,0.263985276222229,0.7329301834106445
2328,582,0,0.17989464104175568,0.1541023552417755,0.3365077078342438,0.2997075617313385,0.8300785422325134
2329,582,1,0.1855909824371338,0.15422405302524567,0.390766441822052,0.2429388463497162,0.8929692506790161
2330,582,2,0.17140620946884155,0.14274844527244568,0.3767361044883728,0.2796337902545929,0.8722268342971802
2331,582,3,0.1637236475944519,0.13463358581066132,0.341176837682724,0.23692405223846436,0.8768754005432129
2332,583,0,0.16601087152957916,0.1363847851753235,0.383897989988327,0.2662099301815033,0.6648838520050049
2333,583,1,0.18459713459014893,0.14987896382808685,0.4351522922515869,0.30333495140075684,0.9853127002716064
2334,583,2,0.16581736505031586,0.1332937479019165,0.3735760748386383,0.2686123549938202,0.7827737331390381
2335,583,3,0.1701517254114151,0.14189080893993378,0.4384940266609192,0.27766019105911255,0.7856251001358032
2336,584,0,0.16598868370056152,0.13197298347949982,0.5124746561050415,0.2723950147628784,0.7072656750679016
2337,584,1,0.16833661496639252,0.13854600489139557,0.4036712050437927,0.24334976077079773,0.8990235328674316
2338,584,2,0.16271089017391205,0.13734613358974457,0.3417285978794098,0.28712767362594604,0.8415237665176392
2339,584,3,0.1733686774969101,0.14233218133449554,0.40219348669052124,0.3218560814857483,0.921875
2340,585,0,0.18302829563617706,0.1586247980594635,0.46050381660461426,0.2950119078159332,0.8059768676757812
2341,585,1,0.16998524963855743,0.14150689542293549,0.44548600912094116,0.306906133890152,1.0971100330352783
2342,585,2,0.1627504676580429,0.13061891496181488,0.3880271911621094,0.2841552793979645,0.9494531750679016
2343,585,3,0.1703130453824997,0.1436605304479599,0.39595702290534973,0.3023930490016937,0.848320484161377
2344,586,0,0.17919868230819702,0.14835938811302185,0.42941904067993164,0.3139753043651581,1.101718783378601
2345,586,1,0.1578270047903061,0.13319671154022217,0.3474760055541992,0.27104490995407104,0.8805480599403381
2346,586,2,0.17825503647327423,0.14833515882492065,0.38800477981567383,0.2588818371295929,1.0078907012939453
2347,586,3,0.1687779575586319,0.13269026577472687,0.4485927224159241,0.2802218496799469,0.7907034754753113
2348,587,0,0.16335318982601166,0.13327434659004211,0.3621557056903839,0.25018858909606934,0.7075001001358032
2349,587,1,0.18222753703594208,0.15606166422367096,0.45363903045654297,0.3129284679889679,0.8364454507827759
2350,587,2,0.1827349215745926,0.1469411551952362,0.45236438512802124,0.25303658843040466,0.7503907084465027
2351,587,3,0.1730918139219284,0.14390408992767334,0.43429428339004517,0.3016192615032196,0.8526173830032349
2352,588,0,0.162492036819458,0.13255088031291962,0.39095911383628845,0.2864306569099426,0.997461199760437
2353,588,1,0.18220360577106476,0.14474473893642426,0.49770286679267883,0.2638220191001892,0.7310938835144043
2354,588,2,0.16669587790966034,0.14103132486343384,0.3813442587852478,0.27910277247428894,0.9905864000320435
2355,588,3,0.1871013641357422,0.15581925213336945,0.4214729070663452,0.30232515931129456,0.883828341960907
2356,589,0,0.17500974237918854,0.1473991572856903,0.3683786988258362,0.2823062241077423,0.907265841960907
2357,589,1,0.1653904914855957,0.13414959609508514,0.37763336300849915,0.27630966901779175,0.8839064836502075
2358,589,2,0.19214235246181488,0.15983863174915314,0.39541906118392944,0.26820921897888184,0.809609591960907
2359,589,3,0.17756374180316925,0.15060420334339142,0.5093517899513245,0.30735108256340027,0.7903909087181091
2360,590,0,0.16610702872276306,0.13254743814468384,0.37380045652389526,0.25893357396125793,0.6954687833786011
2361,590,1,0.17410233616828918,0.14095720648765564,0.42674243450164795,0.30120849609375,0.813867449760437
2362,590,2,0.16471907496452332,0.14219526946544647,0.3235247731208801,0.25198113918304443,0.7454694509506226
2363,590,3,0.16360406577587128,0.13486289978027344,0.4000624716281891,0.2507385313510895,0.8992189168930054
2364,591,0,0.1649865210056305,0.1334531307220459,0.4515168368816376,0.3106268346309662,1.1328125
2365,591,1,0.161077082157135,0.13300523161888123,0.3456342816352844,0.274402379989624,0.7621876001358032
2366,591,2,0.16723158955574036,0.13672928512096405,0.40137553215026855,0.2733902037143707,0.8050391674041748
2367,591,3,0.16610002517700195,0.1337984949350357,0.4001420736312866,0.2680121660232544,0.834532618522644
2368,592,0,0.16164496541023254,0.13205042481422424,0.38473862409591675,0.2823655605316162,0.8681252002716064
2369,592,1,0.15485861897468567,0.12644538283348083,0.4175502359867096,0.26939529180526733,0.8559376001358032
2370,592,2,0.17666621506214142,0.14510369300842285,0.36775538325309753,0.289337158203125,0.9139461517333984
2371,592,3,0.16161811351776123,0.1331503838300705,0.35179591178894043,0.2579432725906372,0.7979689836502075
2372,593,0,0.17806941270828247,0.14917732775211334,0.4152134656906128,0.24824614822864532,0.9066016674041748
2373,593,1,0.17351025342941284,0.1485300213098526,0.3747093677520752,0.25310227274894714,0.6529297828674316
2374,593,2,0.16182105243206024,0.13431687653064728,0.36780375242233276,0.3062707483768463,0.8985156416893005
2375,593,3,0.1764436662197113,0.14508266746997833,0.3790319561958313,0.30388060212135315,0.9235159754753113
2376,594,0,0.18437455594539642,0.1507689356803894,0.45061177015304565,0.2601486146450043,0.6641406416893005
2377,594,1,0.15585240721702576,0.1250486969947815,0.3776206374168396,0.2759847939014435,0.7900393009185791
2378,594,2,0.17045021057128906,0.13820335268974304,0.45121443271636963,0.3154956102371216,0.9228127002716064
2379,594,3,0.1738491803407669,0.1415739804506302,0.41897767782211304,0.35299575328826904,1.0177347660064697
2380,595,0,0.16297268867492676,0.13807635009288788,0.35730552673339844,0.266733855009079,1.109921932220459
2381,595,1,0.188209667801857,0.16060984134674072,0.5084847807884216,0.23023323714733124,0.6689064502716064
2382,595,2,0.17089223861694336,0.13200320303440094,0.4627520442008972,0.28137147426605225,0.877031683921814
2383,595,3,0.17430560290813446,0.1455141007900238,0.38051098585128784,0.2961987257003784,0.8048828840255737
2384,596,0,0.17761504650115967,0.14140427112579346,0.45864337682724,0.27514466643333435,0.7201956510543823
2385,596,1,0.16544407606124878,0.13116535544395447,0.39088913798332214,0.28516295552253723,1.0877346992492676
2386,596,2,0.1676124930381775,0.1375710368156433,0.43415677547454834,0.285317063331604,0.8757032752037048
2387,596,3,0.17459134757518768,0.14238588511943817,0.3957074284553528,0.2887808084487915,0.8518359661102295
2388,597,0,0.1996617168188095,0.16598635911941528,0.4657968282699585,0.2916894555091858,0.9299609661102295
2389,597,1,0.16102278232574463,0.12518343329429626,0.42234116792678833,0.26857849955558777,0.8751171827316284
2390,597,2,0.15724404156208038,0.11928429454565048,0.38681545853614807,0.29533401131629944,0.965507984161377
2391,597,3,0.16480393707752228,0.13552135229110718,0.36591339111328125,0.3798205554485321,0.9259375333786011
2392,598,0,0.163849875330925,0.1280841827392578,0.44199806451797485,0.2884167432785034,0.9219531416893005
2393,598,1,0.15520231425762177,0.12758593261241913,0.366200715303421,0.2847274839878082,0.8137111663818359
2394,598,2,0.170360267162323,0.13934366405010223,0.45830658078193665,0.2717565894126892,0.7980080842971802
2395,598,3,0.16224822402000427,0.13610772788524628,0.40740713477134705,0.2706230878829956,0.8874220252037048
2396,599,0,0.17540612816810608,0.14729346334934235,0.39163243770599365,0.2861812710762024,0.8677344918251038
2397,599,1,0.17362691462039948,0.13770513236522675,0.3942815363407135,0.2369067370891571,0.8284375667572021
2398,599,2,0.18159262835979462,0.15093569457530975,0.46812963485717773,0.2932421863079071,0.9935159087181091
2399,599,3,0.16576005518436432,0.1365600973367691,0.43741297721862793,0.32603591680526733,0.8637501001358032
2400,600,0,0.18728898465633392,0.16302703320980072,0.3713231086730957,0.271018385887146,0.8052735328674316
2401,600,1,0.17545901238918304,0.14805442094802856,0.4662153124809265,0.2555566430091858,0.8572269678115845
2402,600,2,0.17852044105529785,0.14067214727401733,0.6360456347465515,0.25384873151779175,0.7793762683868408
2403,600,3,0.17828230559825897,0.14658568799495697,0.40667450428009033,0.2902691662311554,0.7703126668930054
2404,601,0,0.1791803240776062,0.14230091869831085,0.43721020221710205,0.2403213530778885,0.75390625
2405,601,1,0.17538763582706451,0.1483689546585083,0.46459054946899414,0.2841547131538391,0.9534375667572021
2406,601,2,0.18329957127571106,0.15707360208034515,0.4207878112792969,0.2823260426521301,1.0004688501358032
2407,601,3,0.17513889074325562,0.14426763355731964,0.4497338533401489,0.29663676023483276,0.8559767007827759
2408,602,0,0.16290977597236633,0.1345118135213852,0.3860676884651184,0.26374268531799316,0.8753125667572021
2409,602,1,0.1758284568786621,0.14589473605155945,0.41633522510528564,0.2652435302734375,0.7857422828674316
2410,602,2,0.19434495270252228,0.1624433547258377,0.43735942244529724,0.2693343460559845,0.719414234161377
2411,602,3,0.187901109457016,0.15828117728233337,0.45310935378074646,0.2959863245487213,0.9816799163818359
2412,603,0,0.1737608164548874,0.141611248254776,0.3877268433570862,0.29009902477264404,0.9783996343612671
2413,603,1,0.1681111752986908,0.1386227011680603,0.3876262903213501,0.23692291975021362,0.7734766006469727
2414,603,2,0.1746855229139328,0.14653223752975464,0.3559027910232544,0.21716125309467316,0.7239456176757812
2415,603,3,0.16040325164794922,0.12961091101169586,0.4596956968307495,0.2721707224845886,0.9426956176757812
2416,604,0,0.17625051736831665,0.14492271840572357,0.3889297842979431,0.2769779860973358,0.8676172494888306
2417,604,1,0.1596052348613739,0.1278061419725418,0.393372505903244,0.2345111072063446,0.7736328840255737
2418,604,2,0.16548898816108704,0.13737483322620392,0.35606127977371216,0.274952232837677,0.8455472588539124
2419,604,3,0.16623015701770782,0.14010611176490784,0.4403388500213623,0.25266745686531067,0.9389846920967102
2420,605,0,0.181033656001091,0.15047162771224976,0.44505929946899414,0.2932372987270355,0.8885550498962402
2421,605,1,0.19195304811000824,0.158373162150383,0.4021005928516388,0.2616107165813446,0.8556250333786011
2422,605,2,0.18474417924880981,0.152394637465477,0.46028000116348267,0.2838616967201233,0.7582430839538574
2423,605,3,0.15677958726882935,0.13151893019676208,0.38181567192077637,0.2961607277393341,1.0007033348083496
2424,606,0,0.18039031326770782,0.15023918449878693,0.4153803586959839,0.29061248898506165,0.8478125333786011
2425,606,1,0.17149901390075684,0.13944827020168304,0.47812366485595703,0.25871458649635315,0.8245313167572021
2426,606,2,0.16222518682479858,0.12524689733982086,0.43279629945755005,0.32693207263946533,1.0485941171646118
2427,606,3,0.1876423954963684,0.15775111317634583,0.4254132807254791,0.25031524896621704,0.7582813501358032
2428,607,0,0.1485775113105774,0.12278525531291962,0.3578599989414215,0.2867605686187744,0.8948438167572021
2429,607,1,0.15984506905078888,0.13171499967575073,0.4068988263607025,0.2911825478076935,0.8245704174041748
2430,607,2,0.19104643166065216,0.16062211990356445,0.4457923173904419,0.2724170684814453,0.8418363332748413
2431,607,3,0.15434280037879944,0.12426818907260895,0.36688804626464844,0.2790626883506775,0.713985025882721
2432,608,0,0.16108310222625732,0.13161525130271912,0.38412240147590637,0.2463102787733078,0.7768757343292236
2433,608,1,0.16534548997879028,0.13319483399391174,0.3966909945011139,0.29793816804885864,0.8487111330032349
2434,608,2,0.1572818011045456,0.13267280161380768,0.3797881603240967,0.283934623003006,0.7896485328674316
2435,608,3,0.16890718042850494,0.1447419971227646,0.35387468338012695,0.26254668831825256,0.6928519010543823
2436,609,0,0.15753334760665894,0.12899546325206757,0.4175666570663452,0.24471808969974518,1.188828468322754
2437,609,1,0.16446927189826965,0.13736771047115326,0.37821003794670105,0.2786133587360382,0.7903127670288086
2438,609,2,0.16236861050128937,0.13401298224925995,0.31470656394958496,0.29747986793518066,1.0941407680511475
2439,609,3,0.18463978171348572,0.15666848421096802,0.5206465125083923,0.24418029189109802,0.6470317840576172
2440,610,0,0.16472040116786957,0.13224203884601593,0.39580461382865906,0.2722301483154297,0.82421875
2441,610,1,0.17494359612464905,0.14267612993717194,0.4487840533256531,0.26819610595703125,0.7685943841934204
2442,610,2,0.1695329248905182,0.13628631830215454,0.4639986753463745,0.26115453243255615,0.7361722588539124
2443,610,3,0.15716849267482758,0.13277029991149902,0.3709847927093506,0.2776224613189697,0.8479688167572021
2444,611,0,0.1617557853460312,0.1325935572385788,0.40853214263916016,0.24874283373355865,0.8876173496246338
2445,611,1,0.16385377943515778,0.1340673565864563,0.5160467028617859,0.24148346483707428,0.8019143342971802
2446,611,2,0.17001588642597198,0.1411055028438568,0.42399364709854126,0.27633270621299744,0.7072656750679016
2447,611,3,0.16579017043113708,0.1367507427930832,0.4343074858188629,0.2840329110622406,0.8871876001358032
2448,612,0,0.17458541691303253,0.14309969544410706,0.3778538703918457,0.32056915760040283,1.1024219989776611
2449,612,1,0.152957484126091,0.13217845559120178,0.32371631264686584,0.26152586936950684,0.6947273015975952
2450,612,2,0.17662857472896576,0.14721497893333435,0.3985375761985779,0.2589285671710968,0.7313283085823059
2451,612,3,0.1751120537519455,0.14354278147220612,0.4031762480735779,0.25934693217277527,0.7735937833786011
2452,613,0,0.16120237112045288,0.12962567806243896,0.45553767681121826,0.2811816334724426,0.8052344918251038
2453,613,1,0.16844715178012848,0.14126113057136536,0.43243807554244995,0.2872987389564514,1.0728912353515625
2454,613,2,0.18181687593460083,0.15186834335327148,0.42891788482666016,0.25529420375823975,0.66015625
2455,613,3,0.17215308547019958,0.14352089166641235,0.3683657646179199,0.27085626125335693,0.7579687833786011
2456,614,0,0.1525728851556778,0.12846192717552185,0.3231704831123352,0.2633170187473297,0.90625
2457,614,1,0.14549359679222107,0.12039846181869507,0.3091113567352295,0.25800013542175293,0.8285938501358032
2458,614,2,0.1645873337984085,0.13375459611415863,0.40824389457702637,0.22315220534801483,0.6733995676040649
2459,614,3,0.1672884225845337,0.13805127143859863,0.37045860290527344,0.22440795600414276,0.7461328506469727
2460,615,0,0.2015947550535202,0.16320472955703735,0.47431644797325134,0.2887026071548462,0.8406251668930054
2461,615,1,0.1646733433008194,0.13128820061683655,0.49885594844818115,0.2776127755641937,0.9518364667892456
2462,615,2,0.1593192219734192,0.12702932953834534,0.4349609613418579,0.30636292695999146,1.0324220657348633
2463,615,3,0.17385101318359375,0.14662733674049377,0.3950357735157013,0.26279136538505554,0.8378910422325134
2464,616,0,0.14793631434440613,0.11923722177743912,0.47661635279655457,0.27864378690719604,0.8386724591255188
2465,616,1,0.1821780651807785,0.15428772568702698,0.42805737257003784,0.2771478295326233,0.8292189836502075
2466,616,2,0.1680934727191925,0.1383744180202484,0.3902522027492523,0.3092794716358185,0.8756650686264038
2467,616,3,0.16379112005233765,0.13987283408641815,0.38530176877975464,0.2698171138763428,0.8285938501358032
2468,617,0,0.17162343859672546,0.14157335460186005,0.4195290803909302,0.315998375415802,0.9155471920967102
2469,617,1,0.18326805531978607,0.14871035516262054,0.47903645038604736,0.27691832184791565,1.1292977333068848
2470,617,2,0.17392347753047943,0.1433064043521881,0.41377511620521545,0.2877429127693176,0.7267187833786011
2471,617,3,0.18676984310150146,0.1576279103755951,0.504448652267456,0.2907882630825043,0.9071095585823059
2472,618,0,0.1722002476453781,0.14555473625659943,0.3713040351867676,0.2706475853919983,0.8284766674041748
2473,618,1,0.1696661412715912,0.14001275599002838,0.42491763830184937,0.27629807591438293,0.7350001335144043
2474,618,2,0.17494331300258636,0.1411532759666443,0.4109964072704315,0.23276793956756592,0.6916016340255737
2475,618,3,0.19440147280693054,0.1635631024837494,0.4026893973350525,0.3060592710971832,0.8297659754753113
2476,619,0,0.17742381989955902,0.1519322544336319,0.4009319543838501,0.2926371097564697,0.9143750667572021
2477,619,1,0.1658053696155548,0.13458208739757538,0.39501953125,0.277793288230896,0.8452745676040649
2478,619,2,0.17667654156684875,0.14597588777542114,0.44389763474464417,0.32122802734375,0.9336328506469727
2479,619,3,0.18326926231384277,0.14512085914611816,0.46328049898147583,0.26592817902565,0.806875467300415
2480,620,0,0.18255291879177094,0.15099668502807617,0.5132011771202087,0.2930322289466858,1.093906283378601
2481,620,1,0.1869792640209198,0.15779158473014832,0.38893812894821167,0.24690115451812744,0.6878907084465027
2482,620,2,0.1681884080171585,0.13706256449222565,0.38039296865463257,0.30747345089912415,0.8303911089897156
2483,620,3,0.16993948817253113,0.14294351637363434,0.39726072549819946,0.23831146955490112,0.6613674163818359
2484,621,0,0.17111805081367493,0.14073029160499573,0.425032377243042,0.27234557271003723,0.827774167060852
2485,621,1,0.15424150228500366,0.12370426207780838,0.45309287309646606,0.2732012867927551,0.7687506675720215
2486,621,2,0.17232385277748108,0.139042928814888,0.3832908272743225,0.2517163157463074,1.0078907012939453
2487,621,3,0.18683956563472748,0.15587979555130005,0.5119761228561401,0.32906126976013184,1.0164844989776611
2488,622,0,0.18002822995185852,0.14810766279697418,0.49889326095581055,0.30165040493011475,0.8576958179473877
2489,622,1,0.15347066521644592,0.12481720000505447,0.38321569561958313,0.2750384509563446,0.875
2490,622,2,0.17314626276493073,0.14744079113006592,0.41215258836746216,0.28697022795677185,0.8997659087181091
2491,622,3,0.17306184768676758,0.13961027562618256,0.4058666229248047,0.2766415476799011,0.9383595585823059
2492,623,0,0.18490424752235413,0.15498284995555878,0.440066933631897,0.2780963182449341,0.7744923830032349
2493,623,1,0.16509346663951874,0.13666731119155884,0.33405643701553345,0.26767608523368835,0.8325392007827759
2494,623,2,0.1412207931280136,0.10881070047616959,0.40627405047416687,0.2607360780239105,0.8139065504074097
2495,623,3,0.16763409972190857,0.13608390092849731,0.36620309948921204,0.2911047339439392,0.8309381008148193
2496,624,0,0.17324304580688477,0.1393776834011078,0.491235613822937,0.25749754905700684,0.6077739000320435
2497,624,1,0.17666472494602203,0.1469046175479889,0.45872068405151367,0.2910598814487457,0.9184376001358032
2498,624,2,0.14364956319332123,0.11842083930969238,0.33639979362487793,0.23691070079803467,0.8518359661102295
2499,624,3,0.16539902985095978,0.12432622164487839,0.6375921964645386,0.27545517683029175,0.8967981934547424
2500,625,0,0.18830756843090057,0.1569092720746994,0.3985905349254608,0.2793743908405304,0.7857813835144043
2501,625,1,0.1786198616027832,0.15346160531044006,0.3514246642589569,0.29065021872520447,0.8539848923683167
2502,625,2,0.1657004952430725,0.13406531512737274,0.48832911252975464,0.28564453125,0.8010938167572021
2503,625,3,0.1547434777021408,0.12754055857658386,0.3606742024421692,0.27456310391426086,0.9573438167572021
2504,626,0,0.1895417720079422,0.1646125763654709,0.4725627601146698,0.2866775393486023,0.8648049831390381
2505,626,1,0.15365813672542572,0.1235583946108818,0.3758890926837921,0.26376327872276306,0.8014063835144043
2506,626,2,0.14493374526500702,0.1196223795413971,0.3594117760658264,0.2726741135120392,0.8100394010543823
2507,626,3,0.18331743776798248,0.1555396020412445,0.4129142165184021,0.24966460466384888,0.7316408753395081
2508,627,0,0.17263706028461456,0.13728420436382294,0.41254958510398865,0.2779693603515625,0.8335549831390381
2509,627,1,0.1874479353427887,0.14756348729133606,0.6366811990737915,0.3237765431404114,1.1890628337860107
2510,627,2,0.15537768602371216,0.12871839106082916,0.406599760055542,0.22879470884799957,0.8329298496246338
2511,627,3,0.17800895869731903,0.14896446466445923,0.4375,0.24471038579940796,0.778164267539978
2512,628,0,0.1822340041399002,0.15156380832195282,0.40989142656326294,0.28854551911354065,0.7917193174362183
2513,628,1,0.15806810557842255,0.12734922766685486,0.39662814140319824,0.26297760009765625,0.8206250667572021
2514,628,2,0.16079048812389374,0.13701508939266205,0.46377405524253845,0.2721099853515625,0.8581646680831909
2515,628,3,0.1630060076713562,0.13224530220031738,0.47441092133522034,0.2691914439201355,0.7690632343292236
2516,629,0,0.18650834262371063,0.15325970947742462,0.5297976732254028,0.3124381899833679,1.1745318174362183
2517,629,1,0.16597533226013184,0.14142996072769165,0.31593602895736694,0.28414803743362427,0.7268750667572021
2518,629,2,0.1819068044424057,0.1526987999677658,0.42873209714889526,0.27190980315208435,0.7392189502716064
2519,629,3,0.160847008228302,0.12787911295890808,0.4278889298439026,0.2827145457267761,0.7268750667572021
2520,630,0,0.1733444333076477,0.14411352574825287,0.39519158005714417,0.278189092874527,0.7821095585823059
2521,630,1,0.14835530519485474,0.12203517556190491,0.3253912925720215,0.30273887515068054,0.8566408753395081
2522,630,2,0.1824834644794464,0.15335868299007416,0.47852230072021484,0.2507440149784088,0.7979298830032349
2523,630,3,0.1587100625038147,0.12768182158470154,0.3741806149482727,0.2685500979423523,0.9116799831390381
2524,631,0,0.16724184155464172,0.13627398014068604,0.37802839279174805,0.3758116066455841,1.0951565504074097
2525,631,1,0.16111576557159424,0.12454193830490112,0.46624821424484253,0.256160169839859,0.824882984161377
2526,631,2,0.19068700075149536,0.15702466666698456,0.37454426288604736,0.2963446080684662,0.8737114667892456
2527,631,3,0.2152506560087204,0.18283133208751678,0.5004971027374268,0.2584131360054016,0.8019924163818359
2528,632,0,0.17269472777843475,0.14382363855838776,0.4171200692653656,0.23607085645198822,0.680821418762207
2529,632,1,0.16396619379520416,0.13746090233325958,0.3872951865196228,0.25475823879241943,0.8208594918251038
2530,632,2,0.16889753937721252,0.1393631100654602,0.4380928874015808,0.2616824209690094,0.8485939502716064
2531,632,3,0.1937934160232544,0.16166096925735474,0.46601173281669617,0.2789456248283386,0.9389846920967102
2532,633,0,0.17029795050621033,0.14159157872200012,0.44705235958099365,0.2790985107421875,0.7600395679473877
2533,633,1,0.1604095995426178,0.12700246274471283,0.41078048944473267,0.26779723167419434,0.8480469584465027
2534,633,2,0.15091156959533691,0.12314152717590332,0.3293471932411194,0.2051539570093155,0.5603128671646118
2535,633,3,0.17485283315181732,0.1481724977493286,0.464959979057312,0.23388534784317017,0.6491407752037048
2536,634,0,0.16304929554462433,0.13614343106746674,0.34132182598114014,0.2616436779499054,0.7631253004074097
2537,634,1,0.14416708052158356,0.11817595362663269,0.3503819704055786,0.24705077707767487,0.7229297161102295
2538,634,2,0.18254801630973816,0.15364791452884674,0.4148230254650116,0.23190613090991974,0.7309376001358032
2539,634,3,0.15361973643302917,0.12414384633302689,0.3743782341480255,0.26408660411834717,0.6992968916893005
2540,635,0,0.17433877289295197,0.14322014153003693,0.4316214323043823,0.3201269507408142,1.0100786685943604
2541,635,1,0.17773635685443878,0.15331672132015228,0.42666521668434143,0.25070738792419434,0.692422091960907
2542,635,2,0.15862974524497986,0.131708025932312,0.33720624446868896,0.28084686398506165,0.793984591960907
2543,635,3,0.17361481487751007,0.14581558108329773,0.4183999300003052,0.29262083768844604,0.961953341960907
2544,636,0,0.1868717223405838,0.15383490920066833,0.396377831697464,0.2726934850215912,0.7128910422325134
2545,636,1,0.166896790266037,0.13513679802417755,0.40906786918640137,0.2651102542877197,0.7580859661102295
2546,636,2,0.1787932962179184,0.14791683852672577,0.45351940393447876,0.2709582448005676,0.7001564502716064
2547,636,3,0.16014695167541504,0.13605394959449768,0.3748356103897095,0.2955341041088104,0.8260550498962402
2548,637,0,0.17580978572368622,0.14534464478492737,0.4316970705986023,0.2630021870136261,0.8662897348403931
2549,637,1,0.16157159209251404,0.13293148577213287,0.40743887424468994,0.28830307722091675,0.8030864000320435
2550,637,2,0.17143100500106812,0.14646285772323608,0.37522369623184204,0.24705566465854645,0.720117449760437
2551,637,3,0.1703128218650818,0.1436198353767395,0.4138532876968384,0.2840625047683716,1.0007033348083496
2552,638,0,0.1769733726978302,0.1461515575647354,0.493036687374115,0.2775174081325531,0.9588675498962402
2553,638,1,0.17797033488750458,0.14792315661907196,0.435302734375,0.29289665818214417,1.1097657680511475
2554,638,2,0.17083574831485748,0.1339244842529297,0.4341875910758972,0.24498015642166138,0.8047656416893005
2555,638,3,0.18001355230808258,0.14319749176502228,0.43774670362472534,0.2857590615749359,0.957695484161377
2556,639,0,0.17483721673488617,0.1443074345588684,0.42567211389541626,0.27255791425704956,1.071640968322754
2557,639,1,0.16085611283779144,0.13276253640651703,0.4258570671081543,0.31383270025253296,1.1330468654632568
2558,639,2,0.16203896701335907,0.13699182868003845,0.3660846948623657,0.2718954384326935,0.8556250333786011
2559,639,3,0.15779894590377808,0.12997251749038696,0.3164851665496826,0.313515305519104,0.9884766340255737
